asin,product_name,seo_owner,ppc_owner,event_date,time_slot,units,spend,day_total_units_jul8,day_total_spend_jul8,brand
B084G5XC29,VitalCore Omega 3 Fish Oil 2000mg 240 Softgels,Twinkle,Srikara,2025-07-08,12:00,65.0,91.81,446.0,698.63,VitalCore
B084G5XC29,VitalCore Omega 3 Fish Oil 2000mg 240 Softgels,Twinkle,Srikara,2025-07-08,16:00,187.0,264.57,446.0,698.63,VitalCore
B084G5XC29,VitalCore Omega 3 Fish Oil 2000mg 240 Softgels,Twinkle,Srikara,2025-07-08,18:00,224.0,301.3,446.0,698.63,VitalCore
B084G5XC29,VitalCore Omega 3 Fish Oil 2000mg 240 Softgels,Twinkle,Srikara,2025-07-08,20:00,260.0,347.04,446.0,698.63,VitalCore
B084G5XC29,VitalCore Omega 3 Fish Oil 2000mg 240 Softgels,Twinkle,Srikara,2025-07-09,12:30,50.0,76.05,446.0,698.63,VitalCore
B084G5XC29,VitalCore Omega 3 Fish Oil 2000mg 240 Softgels,Twinkle,Srikara,2025-07-09,16:00,106.0,183.77,446.0,698.63,VitalCore
B079C336Y3,VitalCore Pure Marine Collagen 1170mg 120 Capsules,Aneesh,Sourabh,2025-07-08,12:00,33.0,95.72,252.0,884.15,VitalCore
B079C336Y3,VitalCore Pure Marine Collagen 1170mg 120 Capsules,Aneesh,Sourabh,2025-07-08,16:00,108.0,333.06,252.0,884.15,VitalCore
B079C336Y3,VitalCore Pure Marine Collagen 1170mg 120 Capsules,Aneesh,Sourabh,2025-07-08,18:00,121.0,400.97,252.0,884.15,VitalCore
B079C336Y3,VitalCore Pure Marine Collagen 1170mg 120 Capsules,Aneesh,Sourabh,2025-07-08,20:00,141.0,472.72,252.0,884.15,VitalCore
B079C336Y3,VitalCore Pure Marine Collagen 1170mg 120 Capsules,Aneesh,Sourabh,2025-07-09,12:30,39.0,66.31,252.0,884.15,VitalCore
B079C336Y3,VitalCore Pure Marine Collagen 1170mg 120 Capsules,Aneesh,Sourabh,2025-07-09,16:00,75.0,132.99,252.0,884.15,VitalCore
B089QCFCV4,VitalCore Organic Turmeric with Black pepper and Ginger 1520mg 180 Capsules,Twinkle,Srikara,2025-07-08,12:00,9.0,46.39,65.0,388.88,VitalCore
B089QCFCV4,VitalCore Organic Turmeric with Black pepper and Ginger 1520mg 180 Capsules,Twinkle,Srikara,2025-07-08,16:00,28.0,130.03,65.0,388.88,VitalCore
B089QCFCV4,VitalCore Organic Turmeric with Black pepper and Ginger 1520mg 180 Capsules,Twinkle,Srikara,2025-07-08,18:00,35.0,168.77,65.0,388.88,VitalCore
B089QCFCV4,VitalCore Organic Turmeric with Black pepper and Ginger 1520mg 180 Capsules,Twinkle,Srikara,2025-07-08,20:00,41.0,194.81,65.0,388.88,VitalCore
B089QCFCV4,VitalCore Organic Turmeric with Black pepper and Ginger 1520mg 180 Capsules,Twinkle,Srikara,2025-07-09,12:30,12.0,58.25,65.0,388.88,VitalCore
B089QCFCV4,VitalCore Organic Turmeric with Black pepper and Ginger 1520mg 180 Capsules,Twinkle,Srikara,2025-07-09,16:00,35.0,113.93,65.0,388.88,VitalCore
B092Q8SGPT,Medora Bio Cultures Complex 60 Billion 120 Capsules,Aneesh,Srikara,2025-07-08,12:00,11.0,23.74,83.0,311.49,Medora
B092Q8SGPT,Medora Bio Cultures Complex 60 Billion 120 Capsules,Aneesh,Srikara,2025-07-08,16:00,33.0,102.81,83.0,311.49,Medora
B092Q8SGPT,Medora Bio Cultures Complex 60 Billion 120 Capsules,Aneesh,Srikara,2025-07-08,18:00,38.0,118.92,83.0,311.49,Medora
B092Q8SGPT,Medora Bio Cultures Complex 60 Billion 120 Capsules,Aneesh,Srikara,2025-07-08,20:00,49.0,142.84,83.0,311.49,Medora
B092Q8SGPT,Medora Bio Cultures Complex 60 Billion 120 Capsules,Aneesh,Srikara,2025-07-09,12:30,15.0,26.78,83.0,311.49,Medora
B092Q8SGPT,Medora Bio Cultures Complex 60 Billion 120 Capsules,Aneesh,Srikara,2025-07-09,16:00,32.0,97.23,83.0,311.49,Medora
B08GG9T6SW,VitalCore Zinc Bisglycinate 50mg 400 Tablets,Tamahra,Syed,2025-07-08,12:00,20.0,34.65,153.0,192.75,VitalCore
B08GG9T6SW,VitalCore Zinc Bisglycinate 50mg 400 Tablets,Tamahra,Syed,2025-07-08,16:00,72.0,125.8,153.0,192.75,VitalCore
B08GG9T6SW,VitalCore Zinc Bisglycinate 50mg 400 Tablets,Tamahra,Syed,2025-07-08,18:00,84.0,139.19,153.0,192.75,VitalCore
B08GG9T6SW,VitalCore Zinc Bisglycinate 50mg 400 Tablets,Tamahra,Syed,2025-07-08,20:00,95.0,146.12,153.0,192.75,VitalCore
B08GG9T6SW,VitalCore Zinc Bisglycinate 50mg 400 Tablets,Tamahra,Syed,2025-07-09,12:30,15.0,26.35,153.0,192.75,VitalCore
B08GG9T6SW,VitalCore Zinc Bisglycinate 50mg 400 Tablets,Tamahra,Syed,2025-07-09,16:00,28.0,47.24,153.0,192.75,VitalCore
B08GG96FPL,VitalCore Vitamin B12 (Methylcobalamin) 1000mcg 400 Tablets,Twinkle,Syed,2025-07-08,12:00,16.0,33.64,124.0,373.13,VitalCore
B08GG96FPL,VitalCore Vitamin B12 (Methylcobalamin) 1000mcg 400 Tablets,Twinkle,Syed,2025-07-08,16:00,46.0,105.69,124.0,373.13,VitalCore
B08GG96FPL,VitalCore Vitamin B12 (Methylcobalamin) 1000mcg 400 Tablets,Twinkle,Syed,2025-07-08,18:00,56.0,137.81,124.0,373.13,VitalCore
B08GG96FPL,VitalCore Vitamin B12 (Methylcobalamin) 1000mcg 400 Tablets,Twinkle,Syed,2025-07-08,20:00,70.0,177.3,124.0,373.13,VitalCore
B08GG96FPL,VitalCore Vitamin B12 (Methylcobalamin) 1000mcg 400 Tablets,Twinkle,Syed,2025-07-09,12:30,9.0,50.06,124.0,373.13,VitalCore
B08GG96FPL,VitalCore Vitamin B12 (Methylcobalamin) 1000mcg 400 Tablets,Twinkle,Syed,2025-07-09,16:00,24.0,104.54,124.0,373.13,VitalCore
B08GG6TPN6,VitalCore Vitamin B Complex 365 Tablets,Twinkle,Syed,2025-07-08,12:00,7.0,11.05,78.0,161.48,VitalCore
B08GG6TPN6,VitalCore Vitamin B Complex 365 Tablets,Twinkle,Syed,2025-07-08,16:00,31.0,49.12,78.0,161.48,VitalCore
B08GG6TPN6,VitalCore Vitamin B Complex 365 Tablets,Twinkle,Syed,2025-07-08,18:00,45.0,69.0,78.0,161.48,VitalCore
B08GG6TPN6,VitalCore Vitamin B Complex 365 Tablets,Twinkle,Syed,2025-07-08,20:00,55.0,80.47,78.0,161.48,VitalCore
B08GG6TPN6,VitalCore Vitamin B Complex 365 Tablets,Twinkle,Syed,2025-07-09,12:30,9.0,19.21,78.0,161.48,VitalCore
B08GG6TPN6,VitalCore Vitamin B Complex 365 Tablets,Twinkle,Syed,2025-07-09,16:00,24.0,58.52,78.0,161.48,VitalCore
B08PKYTQSL,VitalCore Liposomal Vitamin C 1000mg 180 Capsules,Tamahra,Srikara,2025-07-08,12:00,16.0,22.25,125.0,154.34,VitalCore
B08PKYTQSL,VitalCore Liposomal Vitamin C 1000mg 180 Capsules,Tamahra,Srikara,2025-07-08,16:00,45.0,49.72,125.0,154.34,VitalCore
B08PKYTQSL,VitalCore Liposomal Vitamin C 1000mg 180 Capsules,Tamahra,Srikara,2025-07-08,18:00,56.0,64.09,125.0,154.34,VitalCore
B08PKYTQSL,VitalCore Liposomal Vitamin C 1000mg 180 Capsules,Tamahra,Srikara,2025-07-08,20:00,70.0,75.2,125.0,154.34,VitalCore
B08PKYTQSL,VitalCore Liposomal Vitamin C 1000mg 180 Capsules,Tamahra,Srikara,2025-07-09,12:30,8.0,17.15,125.0,154.34,VitalCore
B08PKYTQSL,VitalCore Liposomal Vitamin C 1000mg 180 Capsules,Tamahra,Srikara,2025-07-09,16:00,24.0,34.47,125.0,154.34,VitalCore
B08TCG2RH7,"VitalCore Calcium, Magnesium and Zinc with Vitamin D3 400 Tablets",Tamahra,Srikara,2025-07-08,12:00,15.0,28.93,112.0,380.95,VitalCore
B08TCG2RH7,"VitalCore Calcium, Magnesium and Zinc with Vitamin D3 400 Tablets",Tamahra,Srikara,2025-07-08,16:00,48.0,101.14,112.0,380.95,VitalCore
B08TCG2RH7,"VitalCore Calcium, Magnesium and Zinc with Vitamin D3 400 Tablets",Tamahra,Srikara,2025-07-08,18:00,63.0,142.72,112.0,380.95,VitalCore
B08TCG2RH7,"VitalCore Calcium, Magnesium and Zinc with Vitamin D3 400 Tablets",Tamahra,Srikara,2025-07-08,20:00,70.0,168.81,112.0,380.95,VitalCore
B08TCG2RH7,"VitalCore Calcium, Magnesium and Zinc with Vitamin D3 400 Tablets",Tamahra,Srikara,2025-07-09,12:30,6.0,48.58,112.0,380.95,VitalCore
B08TCG2RH7,"VitalCore Calcium, Magnesium and Zinc with Vitamin D3 400 Tablets",Tamahra,Srikara,2025-07-09,16:00,24.0,101.13,112.0,380.95,VitalCore
B08DG4NXBS,VitalCore Iron 28mg 400 Tablets,Tamahra,Akshay,2025-07-08,12:00,4.0,7.88,39.0,117.26,VitalCore
B08DG4NXBS,VitalCore Iron 28mg 400 Tablets,Tamahra,Akshay,2025-07-08,16:00,17.0,26.26,39.0,117.26,VitalCore
B08DG4NXBS,VitalCore Iron 28mg 400 Tablets,Tamahra,Akshay,2025-07-08,18:00,20.0,35.15,39.0,117.26,VitalCore
B08DG4NXBS,VitalCore Iron 28mg 400 Tablets,Tamahra,Akshay,2025-07-08,20:00,24.0,45.64,39.0,117.26,VitalCore
B08DG4NXBS,VitalCore Iron 28mg 400 Tablets,Tamahra,Akshay,2025-07-09,12:30,14.0,20.68,39.0,117.26,VitalCore
B08DG4NXBS,VitalCore Iron 28mg 400 Tablets,Tamahra,Akshay,2025-07-09,16:00,23.0,43.14,39.0,117.26,VitalCore
B08GGCD1KR,VitalCore Organic Ashwagandha with Black Pepper 605mg 180 Capsules,Tamahra,Akshay,2025-07-08,12:00,6.0,48.28,76.0,495.99,VitalCore
B08GGCD1KR,VitalCore Organic Ashwagandha with Black Pepper 605mg 180 Capsules,Tamahra,Akshay,2025-07-08,16:00,28.0,158.39,76.0,495.99,VitalCore
B08GGCD1KR,VitalCore Organic Ashwagandha with Black Pepper 605mg 180 Capsules,Tamahra,Akshay,2025-07-08,18:00,35.0,196.2,76.0,495.99,VitalCore
B08GGCD1KR,VitalCore Organic Ashwagandha with Black Pepper 605mg 180 Capsules,Tamahra,Akshay,2025-07-08,20:00,39.0,221.99,76.0,495.99,VitalCore
B08GGCD1KR,VitalCore Organic Ashwagandha with Black Pepper 605mg 180 Capsules,Tamahra,Akshay,2025-07-09,12:30,10.0,67.62,76.0,495.99,VitalCore
B08GGCD1KR,VitalCore Organic Ashwagandha with Black Pepper 605mg 180 Capsules,Tamahra,Akshay,2025-07-09,16:00,22.0,142.48,76.0,495.99,VitalCore
B08HJPDMTR,VitalCore Multivitamins with Minerals 365 Tablets,Aneesh,Sourabh,2025-07-08,12:00,13.0,19.78,70.0,212.54,VitalCore
B08HJPDMTR,VitalCore Multivitamins with Minerals 365 Tablets,Aneesh,Sourabh,2025-07-08,16:00,27.0,66.82,70.0,212.54,VitalCore
B08HJPDMTR,VitalCore Multivitamins with Minerals 365 Tablets,Aneesh,Sourabh,2025-07-08,18:00,31.0,81.77,70.0,212.54,VitalCore
B08HJPDMTR,VitalCore Multivitamins with Minerals 365 Tablets,Aneesh,Sourabh,2025-07-08,20:00,40.0,100.6,70.0,212.54,VitalCore
B08HJPDMTR,VitalCore Multivitamins with Minerals 365 Tablets,Aneesh,Sourabh,2025-07-09,12:30,8.0,19.16,70.0,212.54,VitalCore
B08HJPDMTR,VitalCore Multivitamins with Minerals 365 Tablets,Aneesh,Sourabh,2025-07-09,16:00,22.0,60.28,70.0,212.54,VitalCore
B09WJBLCR3,VitalCore Melatonin Complex 365 Tablets,Tamahra,Syed,2025-07-08,12:00,10.0,12.66,76.0,207.74,VitalCore
B09WJBLCR3,VitalCore Melatonin Complex 365 Tablets,Tamahra,Syed,2025-07-08,16:00,26.0,48.58,76.0,207.74,VitalCore
B09WJBLCR3,VitalCore Melatonin Complex 365 Tablets,Tamahra,Syed,2025-07-08,18:00,34.0,53.64,76.0,207.74,VitalCore
B09WJBLCR3,VitalCore Melatonin Complex 365 Tablets,Tamahra,Syed,2025-07-08,20:00,41.0,68.7,76.0,207.74,VitalCore
B09WJBLCR3,VitalCore Melatonin Complex 365 Tablets,Tamahra,Syed,2025-07-09,12:30,17.0,29.45,76.0,207.74,VitalCore
B09WJBLCR3,VitalCore Melatonin Complex 365 Tablets,Tamahra,Syed,2025-07-09,16:00,21.0,56.98,76.0,207.74,VitalCore
B0924PFYN9,VitalCore Creatine Monohydrate 3000mg 270 Tablets,Aneesh,Srikara,2025-07-08,12:00,6.0,24.61,79.0,303.72,VitalCore
B0924PFYN9,VitalCore Creatine Monohydrate 3000mg 270 Tablets,Aneesh,Srikara,2025-07-08,16:00,24.0,89.66,79.0,303.72,VitalCore
B0924PFYN9,VitalCore Creatine Monohydrate 3000mg 270 Tablets,Aneesh,Srikara,2025-07-08,18:00,32.0,123.3,79.0,303.72,VitalCore
B0924PFYN9,VitalCore Creatine Monohydrate 3000mg 270 Tablets,Aneesh,Srikara,2025-07-08,20:00,39.0,139.07,79.0,303.72,VitalCore
B0924PFYN9,VitalCore Creatine Monohydrate 3000mg 270 Tablets,Aneesh,Srikara,2025-07-09,12:30,8.0,30.38,79.0,303.72,VitalCore
B0924PFYN9,VitalCore Creatine Monohydrate 3000mg 270 Tablets,Aneesh,Srikara,2025-07-09,16:00,19.0,53.11,79.0,303.72,VitalCore
B08BTXFQ4F,VitalCore Magnesium Citrate 240 Capsules,Shirley,Srikara,2025-07-08,12:00,4.0,10.25,65.0,222.43,VitalCore
B08BTXFQ4F,VitalCore Magnesium Citrate 240 Capsules,Shirley,Srikara,2025-07-08,16:00,20.0,45.81,65.0,222.43,VitalCore
B08BTXFQ4F,VitalCore Magnesium Citrate 240 Capsules,Shirley,Srikara,2025-07-08,18:00,30.0,71.68,65.0,222.43,VitalCore
B08BTXFQ4F,VitalCore Magnesium Citrate 240 Capsules,Shirley,Srikara,2025-07-08,20:00,38.0,92.9,65.0,222.43,VitalCore
B08BTXFQ4F,VitalCore Magnesium Citrate 240 Capsules,Shirley,Srikara,2025-07-09,12:30,5.0,28.67,65.0,222.43,VitalCore
B08BTXFQ4F,VitalCore Magnesium Citrate 240 Capsules,Shirley,Srikara,2025-07-09,16:00,19.0,64.89,65.0,222.43,VitalCore
B0DM6D92MZ,VitalCore Himalayan Shilajit,Twinkle,Srikara,2025-07-08,12:00,9.0,40.98,35.0,203.15,VitalCore
B0DM6D92MZ,VitalCore Himalayan Shilajit,Twinkle,Srikara,2025-07-08,16:00,14.0,81.4,35.0,203.15,VitalCore
B0DM6D92MZ,VitalCore Himalayan Shilajit,Twinkle,Srikara,2025-07-08,18:00,17.0,90.88,35.0,203.15,VitalCore
B0DM6D92MZ,VitalCore Himalayan Shilajit,Twinkle,Srikara,2025-07-08,20:00,21.0,97.76,35.0,203.15,VitalCore
B0DM6D92MZ,VitalCore Himalayan Shilajit,Twinkle,Srikara,2025-07-09,12:30,8.0,58.12,35.0,203.15,VitalCore
B0DM6D92MZ,VitalCore Himalayan Shilajit,Twinkle,Srikara,2025-07-09,16:00,17.0,127.92,35.0,203.15,VitalCore
B07YNVK1MB,VitalCore Organic Turmeric,Twinkle,Srikara,2025-07-08,12:00,5.0,26.02,44.0,169.38,VitalCore
B07YNVK1MB,VitalCore Organic Turmeric,Twinkle,Srikara,2025-07-08,16:00,25.0,77.18,44.0,169.38,VitalCore
B07YNVK1MB,VitalCore Organic Turmeric,Twinkle,Srikara,2025-07-08,18:00,30.0,91.98,44.0,169.38,VitalCore
B07YNVK1MB,VitalCore Organic Turmeric,Twinkle,Srikara,2025-07-08,20:00,35.0,107.75,44.0,169.38,VitalCore
B07YNVK1MB,VitalCore Organic Turmeric,Twinkle,Srikara,2025-07-09,12:30,6.0,16.51,44.0,169.38,VitalCore
B07YNVK1MB,VitalCore Organic Turmeric,Twinkle,Srikara,2025-07-09,16:00,16.0,43.29,44.0,169.38,VitalCore
B08BXNX4MF,VitalCore Black Maca Complex 5000mg 180 Capsules,Aneesh,Akshay,2025-07-08,12:00,10.0,24.88,51.0,243.68,VitalCore
B08BXNX4MF,VitalCore Black Maca Complex 5000mg 180 Capsules,Aneesh,Akshay,2025-07-08,16:00,22.0,73.38,51.0,243.68,VitalCore
B08BXNX4MF,VitalCore Black Maca Complex 5000mg 180 Capsules,Aneesh,Akshay,2025-07-08,18:00,21.0,86.51,51.0,243.68,VitalCore
B08BXNX4MF,VitalCore Black Maca Complex 5000mg 180 Capsules,Aneesh,Akshay,2025-07-08,20:00,26.0,108.35,51.0,243.68,VitalCore
B08BXNX4MF,VitalCore Black Maca Complex 5000mg 180 Capsules,Aneesh,Akshay,2025-07-09,12:30,13.0,27.84,51.0,243.68,VitalCore
B08BXNX4MF,VitalCore Black Maca Complex 5000mg 180 Capsules,Aneesh,Akshay,2025-07-09,16:00,15.0,58.22,51.0,243.68,VitalCore
B085W65GKF,VitalCore Vitamin C with Rosehip and Bioflavonoids 1000mg 180 Tablets,Tamahra,Srikara,2025-07-08,12:00,3.0,19.34,51.0,183.45,VitalCore
B085W65GKF,VitalCore Vitamin C with Rosehip and Bioflavonoids 1000mg 180 Tablets,Tamahra,Srikara,2025-07-08,16:00,17.0,48.77,51.0,183.45,VitalCore
B085W65GKF,VitalCore Vitamin C with Rosehip and Bioflavonoids 1000mg 180 Tablets,Tamahra,Srikara,2025-07-08,18:00,24.0,60.67,51.0,183.45,VitalCore
B085W65GKF,VitalCore Vitamin C with Rosehip and Bioflavonoids 1000mg 180 Tablets,Tamahra,Srikara,2025-07-08,20:00,26.0,71.44,51.0,183.45,VitalCore
B085W65GKF,VitalCore Vitamin C with Rosehip and Bioflavonoids 1000mg 180 Tablets,Tamahra,Srikara,2025-07-09,12:30,8.0,18.01,51.0,183.45,VitalCore
B085W65GKF,VitalCore Vitamin C with Rosehip and Bioflavonoids 1000mg 180 Tablets,Tamahra,Srikara,2025-07-09,16:00,15.0,45.86,51.0,183.45,VitalCore
B091GB1NP1,VitalCore Vitamin D3 2000IU + K2 (MK-7) 200 mcg (IT) 365 Tablets,Tamahra,Akshay,2025-07-08,12:00,3.0,20.56,53.0,297.54,VitalCore
B091GB1NP1,VitalCore Vitamin D3 2000IU + K2 (MK-7) 200 mcg (IT) 365 Tablets,Tamahra,Akshay,2025-07-08,16:00,15.0,88.99,53.0,297.54,VitalCore
B091GB1NP1,VitalCore Vitamin D3 2000IU + K2 (MK-7) 200 mcg (IT) 365 Tablets,Tamahra,Akshay,2025-07-08,18:00,19.0,106.83,53.0,297.54,VitalCore
B091GB1NP1,VitalCore Vitamin D3 2000IU + K2 (MK-7) 200 mcg (IT) 365 Tablets,Tamahra,Akshay,2025-07-08,20:00,27.0,137.77,53.0,297.54,VitalCore
B091GB1NP1,VitalCore Vitamin D3 2000IU + K2 (MK-7) 200 mcg (IT) 365 Tablets,Tamahra,Akshay,2025-07-09,12:30,6.0,29.62,53.0,297.54,VitalCore
B091GB1NP1,VitalCore Vitamin D3 2000IU + K2 (MK-7) 200 mcg (IT) 365 Tablets,Tamahra,Akshay,2025-07-09,16:00,15.0,61.83,53.0,297.54,VitalCore
B07MZY4P1R,VitalCore CoQ10 200mg 120 Capsules,Tamahra,Akshay,2025-07-08,12:00,0.0,17.83,23.0,185.13,VitalCore
B07MZY4P1R,VitalCore CoQ10 200mg 120 Capsules,Tamahra,Akshay,2025-07-08,16:00,7.0,79.0,23.0,185.13,VitalCore
B07MZY4P1R,VitalCore CoQ10 200mg 120 Capsules,Tamahra,Akshay,2025-07-08,18:00,11.0,81.77,23.0,185.13,VitalCore
B07MZY4P1R,VitalCore CoQ10 200mg 120 Capsules,Tamahra,Akshay,2025-07-08,20:00,11.0,90.61,23.0,185.13,VitalCore
B07MZY4P1R,VitalCore CoQ10 200mg 120 Capsules,Tamahra,Akshay,2025-07-09,12:30,3.0,25.87,23.0,185.13,VitalCore
B07MZY4P1R,VitalCore CoQ10 200mg 120 Capsules,Tamahra,Akshay,2025-07-09,16:00,15.0,84.18,23.0,185.13,VitalCore
B07ZZ4G399,VitalCore Hyaluronic Acid 600mg 180 Capsules,Tamahra,Akshay,2025-07-08,12:00,6.0,13.45,50.0,135.65,VitalCore
B07ZZ4G399,VitalCore Hyaluronic Acid 600mg 180 Capsules,Tamahra,Akshay,2025-07-08,16:00,22.0,43.75,50.0,135.65,VitalCore
B07ZZ4G399,VitalCore Hyaluronic Acid 600mg 180 Capsules,Tamahra,Akshay,2025-07-08,18:00,27.0,58.88,50.0,135.65,VitalCore
B07ZZ4G399,VitalCore Hyaluronic Acid 600mg 180 Capsules,Tamahra,Akshay,2025-07-08,20:00,31.0,65.6,50.0,135.65,VitalCore
B07ZZ4G399,VitalCore Hyaluronic Acid 600mg 180 Capsules,Tamahra,Akshay,2025-07-09,12:30,7.0,16.55,50.0,135.65,VitalCore
B07ZZ4G399,VitalCore Hyaluronic Acid 600mg 180 Capsules,Tamahra,Akshay,2025-07-09,16:00,14.0,36.9,50.0,135.65,VitalCore
B078Y7M3S1,VitalCore Marine Collagen Advance 90 Capsules,Aneesh,Sourabh,2025-07-08,12:00,6.0,24.63,57.0,410.98,VitalCore
B078Y7M3S1,VitalCore Marine Collagen Advance 90 Capsules,Aneesh,Sourabh,2025-07-08,16:00,19.0,78.76,57.0,410.98,VitalCore
B078Y7M3S1,VitalCore Marine Collagen Advance 90 Capsules,Aneesh,Sourabh,2025-07-08,18:00,28.0,102.97,57.0,410.98,VitalCore
B078Y7M3S1,VitalCore Marine Collagen Advance 90 Capsules,Aneesh,Sourabh,2025-07-08,20:00,30.0,130.89,57.0,410.98,VitalCore
B078Y7M3S1,VitalCore Marine Collagen Advance 90 Capsules,Aneesh,Sourabh,2025-07-09,12:30,5.0,30.28,57.0,410.98,VitalCore
B078Y7M3S1,VitalCore Marine Collagen Advance 90 Capsules,Aneesh,Sourabh,2025-07-09,16:00,13.0,56.19,57.0,410.98,VitalCore
B08KJ9FZBC,Medora Multivitamin Gummies for Kids 120 Gummies,Aneesh,Sourabh,2025-07-08,12:00,3.0,8.28,23.0,43.92,Medora
B08KJ9FZBC,Medora Multivitamin Gummies for Kids 120 Gummies,Aneesh,Sourabh,2025-07-08,16:00,6.0,16.96,23.0,43.92,Medora
B08KJ9FZBC,Medora Multivitamin Gummies for Kids 120 Gummies,Aneesh,Sourabh,2025-07-08,18:00,6.0,18.7,23.0,43.92,Medora
B08KJ9FZBC,Medora Multivitamin Gummies for Kids 120 Gummies,Aneesh,Sourabh,2025-07-08,20:00,9.0,22.8,23.0,43.92,Medora
B08KJ9FZBC,Medora Multivitamin Gummies for Kids 120 Gummies,Aneesh,Sourabh,2025-07-09,12:30,3.0,6.67,23.0,43.92,Medora
B08KJ9FZBC,Medora Multivitamin Gummies for Kids 120 Gummies,Aneesh,Sourabh,2025-07-09,16:00,13.0,18.85,23.0,43.92,Medora
B086V74KKR,VitalCore Vitamin D3 4000 iu,Tamahra,Akshay,2025-07-08,12:00,3.0,26.04,61.0,241.8,VitalCore
B086V74KKR,VitalCore Vitamin D3 4000 iu,Tamahra,Akshay,2025-07-08,16:00,19.0,66.96,61.0,241.8,VitalCore
B086V74KKR,VitalCore Vitamin D3 4000 iu,Tamahra,Akshay,2025-07-08,18:00,26.0,87.37,61.0,241.8,VitalCore
B086V74KKR,VitalCore Vitamin D3 4000 iu,Tamahra,Akshay,2025-07-08,20:00,31.0,108.5,61.0,241.8,VitalCore
B086V74KKR,VitalCore Vitamin D3 4000 iu,Tamahra,Akshay,2025-07-09,12:30,5.0,16.45,61.0,241.8,VitalCore
B086V74KKR,VitalCore Vitamin D3 4000 iu,Tamahra,Akshay,2025-07-09,16:00,12.0,37.27,61.0,241.8,VitalCore
B07L9C38RD,VitalCore Glucosamine and Chondroitin 180 Capsules,Aneesh,Akshay,2025-07-08,12:00,11.0,10.03,61.0,109.97,VitalCore
B07L9C38RD,VitalCore Glucosamine and Chondroitin 180 Capsules,Aneesh,Akshay,2025-07-08,16:00,32.0,42.01,61.0,109.97,VitalCore
B07L9C38RD,VitalCore Glucosamine and Chondroitin 180 Capsules,Aneesh,Akshay,2025-07-08,18:00,37.0,47.39,61.0,109.97,VitalCore
B07L9C38RD,VitalCore Glucosamine and Chondroitin 180 Capsules,Aneesh,Akshay,2025-07-08,20:00,42.0,53.43,61.0,109.97,VitalCore
B07L9C38RD,VitalCore Glucosamine and Chondroitin 180 Capsules,Aneesh,Akshay,2025-07-09,12:30,3.0,4.82,61.0,109.97,VitalCore
B07L9C38RD,VitalCore Glucosamine and Chondroitin 180 Capsules,Aneesh,Akshay,2025-07-09,16:00,12.0,26.04,61.0,109.97,VitalCore
B08KRSRFGK,PawVista Wormwood Advanced for Cats & Dogs 120ml Liquid,Shirley,Srikara,2025-07-08,12:00,3.0,26.74,37.0,148.54,PawVista
B08KRSRFGK,PawVista Wormwood Advanced for Cats & Dogs 120ml Liquid,Shirley,Srikara,2025-07-08,16:00,13.0,54.53,37.0,148.54,PawVista
B08KRSRFGK,PawVista Wormwood Advanced for Cats & Dogs 120ml Liquid,Shirley,Srikara,2025-07-08,18:00,17.0,72.62,37.0,148.54,PawVista
B08KRSRFGK,PawVista Wormwood Advanced for Cats & Dogs 120ml Liquid,Shirley,Srikara,2025-07-08,20:00,17.0,79.12,37.0,148.54,PawVista
B08KRSRFGK,PawVista Wormwood Advanced for Cats & Dogs 120ml Liquid,Shirley,Srikara,2025-07-09,12:30,6.0,18.17,37.0,148.54,PawVista
B08KRSRFGK,PawVista Wormwood Advanced for Cats & Dogs 120ml Liquid,Shirley,Srikara,2025-07-09,16:00,11.0,42.34,37.0,148.54,PawVista
B091FT9L27,VitalCore N-Acetyl-Cysteine(NAC)600mg180Capsules,Twinkle,Syed,2025-07-08,12:00,6.0,11.53,46.0,131.32,VitalCore
B091FT9L27,VitalCore N-Acetyl-Cysteine(NAC)600mg180Capsules,Twinkle,Syed,2025-07-08,16:00,16.0,39.77,46.0,131.32,VitalCore
B091FT9L27,VitalCore N-Acetyl-Cysteine(NAC)600mg180Capsules,Twinkle,Syed,2025-07-08,18:00,19.0,43.7,46.0,131.32,VitalCore
B091FT9L27,VitalCore N-Acetyl-Cysteine(NAC)600mg180Capsules,Twinkle,Syed,2025-07-08,20:00,25.0,54.14,46.0,131.32,VitalCore
B091FT9L27,VitalCore N-Acetyl-Cysteine(NAC)600mg180Capsules,Twinkle,Syed,2025-07-09,12:30,3.0,8.84,46.0,131.32,VitalCore
B091FT9L27,VitalCore N-Acetyl-Cysteine(NAC)600mg180Capsules,Twinkle,Syed,2025-07-09,16:00,11.0,28.61,46.0,131.32,VitalCore
B07LH6X6VC,VitalCore Vibration Exercise Machine Device,Aneesh,Srikara,2025-07-08,12:00,6.0,33.86,36.0,259.09,VitalCore
B07LH6X6VC,VitalCore Vibration Exercise Machine Device,Aneesh,Srikara,2025-07-08,16:00,14.0,86.06,36.0,259.09,VitalCore
B07LH6X6VC,VitalCore Vibration Exercise Machine Device,Aneesh,Srikara,2025-07-08,18:00,18.0,124.92,36.0,259.09,VitalCore
B07LH6X6VC,VitalCore Vibration Exercise Machine Device,Aneesh,Srikara,2025-07-08,20:00,22.0,142.38,36.0,259.09,VitalCore
B07LH6X6VC,VitalCore Vibration Exercise Machine Device,Aneesh,Srikara,2025-07-09,12:30,7.0,36.97,36.0,259.09,VitalCore
B07LH6X6VC,VitalCore Vibration Exercise Machine Device,Aneesh,Srikara,2025-07-09,16:00,10.0,92.43,36.0,259.09,VitalCore
B0CKFHG8NQ,VitalCore Magnesium Bisglycinate,Shirley,Srikara,2025-07-08,12:00,2.0,8.98,38.0,209.8,VitalCore
B0CKFHG8NQ,VitalCore Magnesium Bisglycinate,Shirley,Srikara,2025-07-08,16:00,13.0,47.31,38.0,209.8,VitalCore
B0CKFHG8NQ,VitalCore Magnesium Bisglycinate,Shirley,Srikara,2025-07-08,18:00,16.0,56.46,38.0,209.8,VitalCore
B0CKFHG8NQ,VitalCore Magnesium Bisglycinate,Shirley,Srikara,2025-07-08,20:00,16.0,82.99,38.0,209.8,VitalCore
B0CKFHG8NQ,VitalCore Magnesium Bisglycinate,Shirley,Srikara,2025-07-09,12:30,6.0,7.04,38.0,209.8,VitalCore
B0CKFHG8NQ,VitalCore Magnesium Bisglycinate,Shirley,Srikara,2025-07-09,16:00,10.0,19.89,38.0,209.8,VitalCore
B0B1QQNZ2S,VitalCore Organic Psyllium Husk 1400mg 180 Capsules,Twinkle,Akshay,2025-07-08,12:00,9.0,8.07,20.0,75.54,VitalCore
B0B1QQNZ2S,VitalCore Organic Psyllium Husk 1400mg 180 Capsules,Twinkle,Akshay,2025-07-08,16:00,12.0,29.9,20.0,75.54,VitalCore
B0B1QQNZ2S,VitalCore Organic Psyllium Husk 1400mg 180 Capsules,Twinkle,Akshay,2025-07-08,18:00,13.0,40.37,20.0,75.54,VitalCore
B0B1QQNZ2S,VitalCore Organic Psyllium Husk 1400mg 180 Capsules,Twinkle,Akshay,2025-07-08,20:00,17.0,46.58,20.0,75.54,VitalCore
B0B1QQNZ2S,VitalCore Organic Psyllium Husk 1400mg 180 Capsules,Twinkle,Akshay,2025-07-09,12:30,6.0,4.02,20.0,75.54,VitalCore
B0B1QQNZ2S,VitalCore Organic Psyllium Husk 1400mg 180 Capsules,Twinkle,Akshay,2025-07-09,16:00,10.0,11.5,20.0,75.54,VitalCore
B086T13DD6,VitalCore Multivitamin Gummies 120 Gummies,Aneesh,Sourabh,2025-07-08,12:00,3.0,5.66,50.0,58.96,VitalCore
B086T13DD6,VitalCore Multivitamin Gummies 120 Gummies,Aneesh,Sourabh,2025-07-08,16:00,13.0,12.32,50.0,58.96,VitalCore
B086T13DD6,VitalCore Multivitamin Gummies 120 Gummies,Aneesh,Sourabh,2025-07-08,18:00,15.0,17.79,50.0,58.96,VitalCore
B086T13DD6,VitalCore Multivitamin Gummies 120 Gummies,Aneesh,Sourabh,2025-07-08,20:00,22.0,23.21,50.0,58.96,VitalCore
B086T13DD6,VitalCore Multivitamin Gummies 120 Gummies,Aneesh,Sourabh,2025-07-09,12:30,5.0,11.03,50.0,58.96,VitalCore
B086T13DD6,VitalCore Multivitamin Gummies 120 Gummies,Aneesh,Sourabh,2025-07-09,16:00,10.0,11.88,50.0,58.96,VitalCore
B0817WBXKF,VitalCore Biotin 12000mcg 365 Tablets,Twinkle,Syed,2025-07-08,12:00,8.0,17.23,45.0,178.46,VitalCore
B0817WBXKF,VitalCore Biotin 12000mcg 365 Tablets,Twinkle,Syed,2025-07-08,16:00,17.0,47.66,45.0,178.46,VitalCore
B0817WBXKF,VitalCore Biotin 12000mcg 365 Tablets,Twinkle,Syed,2025-07-08,18:00,21.0,58.14,45.0,178.46,VitalCore
B0817WBXKF,VitalCore Biotin 12000mcg 365 Tablets,Twinkle,Syed,2025-07-08,20:00,27.0,67.24,45.0,178.46,VitalCore
B0817WBXKF,VitalCore Biotin 12000mcg 365 Tablets,Twinkle,Syed,2025-07-09,12:30,3.0,16.31,45.0,178.46,VitalCore
B0817WBXKF,VitalCore Biotin 12000mcg 365 Tablets,Twinkle,Syed,2025-07-09,16:00,10.0,41.04,45.0,178.46,VitalCore
B0B8SSJZVK,VitalCore Ginkgo Biloba Complex 6600mg 365 Tablets,Twinkle,Akshay,2025-07-08,12:00,2.0,14.19,32.0,94.54,VitalCore
B0B8SSJZVK,VitalCore Ginkgo Biloba Complex 6600mg 365 Tablets,Twinkle,Akshay,2025-07-08,16:00,12.0,32.9,32.0,94.54,VitalCore
B0B8SSJZVK,VitalCore Ginkgo Biloba Complex 6600mg 365 Tablets,Twinkle,Akshay,2025-07-08,18:00,15.0,34.93,32.0,94.54,VitalCore
B0B8SSJZVK,VitalCore Ginkgo Biloba Complex 6600mg 365 Tablets,Twinkle,Akshay,2025-07-08,20:00,20.0,43.87,32.0,94.54,VitalCore
B0B8SSJZVK,VitalCore Ginkgo Biloba Complex 6600mg 365 Tablets,Twinkle,Akshay,2025-07-09,12:30,2.0,9.27,32.0,94.54,VitalCore
B0B8SSJZVK,VitalCore Ginkgo Biloba Complex 6600mg 365 Tablets,Twinkle,Akshay,2025-07-09,16:00,10.0,25.51,32.0,94.54,VitalCore
B081NCGQPB,VitalCore Apple Cider Vinegar Complex 1860mg 180 Capsules,Aneesh,Syed,2025-07-08,12:00,1.0,4.34,9.0,63.12,VitalCore
B081NCGQPB,VitalCore Apple Cider Vinegar Complex 1860mg 180 Capsules,Aneesh,Syed,2025-07-08,16:00,2.0,20.93,9.0,63.12,VitalCore
B081NCGQPB,VitalCore Apple Cider Vinegar Complex 1860mg 180 Capsules,Aneesh,Syed,2025-07-08,18:00,3.0,24.69,9.0,63.12,VitalCore
B081NCGQPB,VitalCore Apple Cider Vinegar Complex 1860mg 180 Capsules,Aneesh,Syed,2025-07-08,20:00,4.0,28.27,9.0,63.12,VitalCore
B081NCGQPB,VitalCore Apple Cider Vinegar Complex 1860mg 180 Capsules,Aneesh,Syed,2025-07-09,12:30,7.0,6.88,9.0,63.12,VitalCore
B081NCGQPB,VitalCore Apple Cider Vinegar Complex 1860mg 180 Capsules,Aneesh,Syed,2025-07-09,16:00,9.0,13.55,9.0,63.12,VitalCore
B08DG68P6B,VitalCore Vitamin D3 4000IU + K2 (MK-7) 100mcg 180 Tablets,Tamahra,Akshay,2025-07-08,12:00,5.0,12.83,38.0,116.9,VitalCore
B08DG68P6B,VitalCore Vitamin D3 4000IU + K2 (MK-7) 100mcg 180 Tablets,Tamahra,Akshay,2025-07-08,16:00,13.0,32.7,38.0,116.9,VitalCore
B08DG68P6B,VitalCore Vitamin D3 4000IU + K2 (MK-7) 100mcg 180 Tablets,Tamahra,Akshay,2025-07-08,18:00,17.0,33.42,38.0,116.9,VitalCore
B08DG68P6B,VitalCore Vitamin D3 4000IU + K2 (MK-7) 100mcg 180 Tablets,Tamahra,Akshay,2025-07-08,20:00,21.0,41.82,38.0,116.9,VitalCore
B08DG68P6B,VitalCore Vitamin D3 4000IU + K2 (MK-7) 100mcg 180 Tablets,Tamahra,Akshay,2025-07-09,12:30,5.0,3.1,38.0,116.9,VitalCore
B08DG68P6B,VitalCore Vitamin D3 4000IU + K2 (MK-7) 100mcg 180 Tablets,Tamahra,Akshay,2025-07-09,16:00,9.0,13.96,38.0,116.9,VitalCore
B08BZYM56L,VitalCore Organic Fenugreek 1500mg 180 Capsules,Twinkle,Syed,2025-07-08,12:00,1.0,3.1,17.0,94.11,VitalCore
B08BZYM56L,VitalCore Organic Fenugreek 1500mg 180 Capsules,Twinkle,Syed,2025-07-08,16:00,2.0,14.92,17.0,94.11,VitalCore
B08BZYM56L,VitalCore Organic Fenugreek 1500mg 180 Capsules,Twinkle,Syed,2025-07-08,18:00,6.0,22.37,17.0,94.11,VitalCore
B08BZYM56L,VitalCore Organic Fenugreek 1500mg 180 Capsules,Twinkle,Syed,2025-07-08,20:00,9.0,30.51,17.0,94.11,VitalCore
B08BZYM56L,VitalCore Organic Fenugreek 1500mg 180 Capsules,Twinkle,Syed,2025-07-09,12:30,3.0,6.37,17.0,94.11,VitalCore
B08BZYM56L,VitalCore Organic Fenugreek 1500mg 180 Capsules,Twinkle,Syed,2025-07-09,16:00,9.0,35.35,17.0,94.11,VitalCore
B08D9N5CK4,VitalCore Electrolyte Complex 900mg 180 Tablets,Aneesh,Sourabh,2025-07-08,12:00,8.0,5.78,28.0,84.81,VitalCore
B08D9N5CK4,VitalCore Electrolyte Complex 900mg 180 Tablets,Aneesh,Sourabh,2025-07-08,16:00,12.0,22.25,28.0,84.81,VitalCore
B08D9N5CK4,VitalCore Electrolyte Complex 900mg 180 Tablets,Aneesh,Sourabh,2025-07-08,18:00,14.0,24.42,28.0,84.81,VitalCore
B08D9N5CK4,VitalCore Electrolyte Complex 900mg 180 Tablets,Aneesh,Sourabh,2025-07-08,20:00,18.0,33.77,28.0,84.81,VitalCore
B08D9N5CK4,VitalCore Electrolyte Complex 900mg 180 Tablets,Aneesh,Sourabh,2025-07-09,12:30,5.0,11.16,28.0,84.81,VitalCore
B08D9N5CK4,VitalCore Electrolyte Complex 900mg 180 Tablets,Aneesh,Sourabh,2025-07-09,16:00,8.0,33.17,28.0,84.81,VitalCore
B0BX6195RG,VitalCore Vitamin C and Zinc 1000mg 180 Tablets,Tamahra,Srikara,2025-07-08,12:00,3.0,8.92,19.0,43.31,VitalCore
B0BX6195RG,VitalCore Vitamin C and Zinc 1000mg 180 Tablets,Tamahra,Srikara,2025-07-08,16:00,8.0,18.39,19.0,43.31,VitalCore
B0BX6195RG,VitalCore Vitamin C and Zinc 1000mg 180 Tablets,Tamahra,Srikara,2025-07-08,18:00,11.0,24.09,19.0,43.31,VitalCore
B0BX6195RG,VitalCore Vitamin C and Zinc 1000mg 180 Tablets,Tamahra,Srikara,2025-07-08,20:00,13.0,26.49,19.0,43.31,VitalCore
B0BX6195RG,VitalCore Vitamin C and Zinc 1000mg 180 Tablets,Tamahra,Srikara,2025-07-09,12:30,4.0,3.54,19.0,43.31,VitalCore
B0BX6195RG,VitalCore Vitamin C and Zinc 1000mg 180 Tablets,Tamahra,Srikara,2025-07-09,16:00,8.0,9.48,19.0,43.31,VitalCore
B09VTBBM6L,Omega 3 1000mg Wild Fish Oil - 400,Twinkle,Srikara,2025-07-08,12:00,4.0,22.08,31.0,174.77,Other
B09VTBBM6L,Omega 3 1000mg Wild Fish Oil - 400,Twinkle,Srikara,2025-07-08,16:00,8.0,60.93,31.0,174.77,Other
B09VTBBM6L,Omega 3 1000mg Wild Fish Oil - 400,Twinkle,Srikara,2025-07-08,18:00,12.0,78.31,31.0,174.77,Other
B09VTBBM6L,Omega 3 1000mg Wild Fish Oil - 400,Twinkle,Srikara,2025-07-08,20:00,16.0,90.17,31.0,174.77,Other
B09VTBBM6L,Omega 3 1000mg Wild Fish Oil - 400,Twinkle,Srikara,2025-07-09,12:30,2.0,17.24,31.0,174.77,Other
B09VTBBM6L,Omega 3 1000mg Wild Fish Oil - 400,Twinkle,Srikara,2025-07-09,16:00,8.0,41.52,31.0,174.77,Other
B08QNHTFCH,PawVista L-Lysine 250g Powder,Twinkle,Amjad,2025-07-08,12:00,1.0,2.86,7.0,25.88,PawVista
B08QNHTFCH,PawVista L-Lysine 250g Powder,Twinkle,Amjad,2025-07-08,16:00,2.0,3.93,7.0,25.88,PawVista
B08QNHTFCH,PawVista L-Lysine 250g Powder,Twinkle,Amjad,2025-07-08,18:00,3.0,9.88,7.0,25.88,PawVista
B08QNHTFCH,PawVista L-Lysine 250g Powder,Twinkle,Amjad,2025-07-08,20:00,4.0,12.68,7.0,25.88,PawVista
B08QNHTFCH,PawVista L-Lysine 250g Powder,Twinkle,Amjad,2025-07-09,12:30,2.0,7.86,7.0,25.88,PawVista
B08QNHTFCH,PawVista L-Lysine 250g Powder,Twinkle,Amjad,2025-07-09,16:00,8.0,19.51,7.0,25.88,PawVista
B07K9X11YV,VitalCore CLA 3000mg 180 Softgels,Twinkle,Syed,2025-07-08,12:00,5.0,10.05,15.0,61.97,VitalCore
B07K9X11YV,VitalCore CLA 3000mg 180 Softgels,Twinkle,Syed,2025-07-08,16:00,7.0,21.1,15.0,61.97,VitalCore
B07K9X11YV,VitalCore CLA 3000mg 180 Softgels,Twinkle,Syed,2025-07-08,18:00,8.0,28.48,15.0,61.97,VitalCore
B07K9X11YV,VitalCore CLA 3000mg 180 Softgels,Twinkle,Syed,2025-07-08,20:00,9.0,30.91,15.0,61.97,VitalCore
B07K9X11YV,VitalCore CLA 3000mg 180 Softgels,Twinkle,Syed,2025-07-09,12:30,0.0,7.6,15.0,61.97,VitalCore
B07K9X11YV,VitalCore CLA 3000mg 180 Softgels,Twinkle,Syed,2025-07-09,16:00,8.0,12.63,15.0,61.97,VitalCore
B0CHRNR4QH,VitalCore Berberine,Twinkle,Syed,2025-07-08,12:00,8.0,11.2,67.0,159.9,VitalCore
B0CHRNR4QH,VitalCore Berberine,Twinkle,Syed,2025-07-08,16:00,18.0,42.37,67.0,159.9,VitalCore
B0CHRNR4QH,VitalCore Berberine,Twinkle,Syed,2025-07-08,18:00,29.0,50.57,67.0,159.9,VitalCore
B0CHRNR4QH,VitalCore Berberine,Twinkle,Syed,2025-07-08,20:00,36.0,67.27,67.0,159.9,VitalCore
B0CHRNR4QH,VitalCore Berberine,Twinkle,Syed,2025-07-09,12:30,4.0,9.05,67.0,159.9,VitalCore
B0CHRNR4QH,VitalCore Berberine,Twinkle,Syed,2025-07-09,16:00,7.0,32.05,67.0,159.9,VitalCore
B0CCP8GG6X,VitalCore Lion's Mane Mushroom Extract 2000mg- 365 Tablets,Tamahra,Akshay,2025-07-08,12:00,3.0,4.2,21.0,63.99,VitalCore
B0CCP8GG6X,VitalCore Lion's Mane Mushroom Extract 2000mg- 365 Tablets,Tamahra,Akshay,2025-07-08,16:00,7.0,11.51,21.0,63.99,VitalCore
B0CCP8GG6X,VitalCore Lion's Mane Mushroom Extract 2000mg- 365 Tablets,Tamahra,Akshay,2025-07-08,18:00,9.0,18.86,21.0,63.99,VitalCore
B0CCP8GG6X,VitalCore Lion's Mane Mushroom Extract 2000mg- 365 Tablets,Tamahra,Akshay,2025-07-08,20:00,11.0,26.12,21.0,63.99,VitalCore
B0CCP8GG6X,VitalCore Lion's Mane Mushroom Extract 2000mg- 365 Tablets,Tamahra,Akshay,2025-07-09,12:30,3.0,17.62,21.0,63.99,VitalCore
B0CCP8GG6X,VitalCore Lion's Mane Mushroom Extract 2000mg- 365 Tablets,Tamahra,Akshay,2025-07-09,16:00,7.0,29.32,21.0,63.99,VitalCore
B0924Q1H5X,VitalCore Selenium 200mcg 365 Tablets,Twinkle,Sourabh,2025-07-08,12:00,1.0,1.97,24.0,68.05,VitalCore
B0924Q1H5X,VitalCore Selenium 200mcg 365 Tablets,Twinkle,Sourabh,2025-07-08,16:00,6.0,9.5,24.0,68.05,VitalCore
B0924Q1H5X,VitalCore Selenium 200mcg 365 Tablets,Twinkle,Sourabh,2025-07-08,18:00,11.0,16.22,24.0,68.05,VitalCore
B0924Q1H5X,VitalCore Selenium 200mcg 365 Tablets,Twinkle,Sourabh,2025-07-08,20:00,15.0,22.62,24.0,68.05,VitalCore
B0924Q1H5X,VitalCore Selenium 200mcg 365 Tablets,Twinkle,Sourabh,2025-07-09,12:30,2.0,6.93,24.0,68.05,VitalCore
B0924Q1H5X,VitalCore Selenium 200mcg 365 Tablets,Twinkle,Sourabh,2025-07-09,16:00,7.0,12.16,24.0,68.05,VitalCore
B0BT85QTFQ,VitalCore T-Boost 180 Tablets,Aneesh,N/A,2025-07-08,12:00,0.0,2.07,8.0,11.21,VitalCore
B0BT85QTFQ,VitalCore T-Boost 180 Tablets,Aneesh,N/A,2025-07-08,16:00,1.0,3.33,8.0,11.21,VitalCore
B0BT85QTFQ,VitalCore T-Boost 180 Tablets,Aneesh,N/A,2025-07-08,18:00,1.0,3.33,8.0,11.21,VitalCore
B0BT85QTFQ,VitalCore T-Boost 180 Tablets,Aneesh,N/A,2025-07-08,20:00,2.0,3.86,8.0,11.21,VitalCore
B0BT85QTFQ,VitalCore T-Boost 180 Tablets,Aneesh,N/A,2025-07-09,12:30,5.0,3.67,8.0,11.21,VitalCore
B0BT85QTFQ,VitalCore T-Boost 180 Tablets,Aneesh,N/A,2025-07-09,16:00,6.0,5.8,8.0,11.21,VitalCore
B01FWFE7VK,VitalCore Resveratrol with Red Wine Extract 510mg 60 Capsules,Tamahra,Akshay,2025-07-08,12:00,7.0,15.65,58.0,126.05,VitalCore
B01FWFE7VK,VitalCore Resveratrol with Red Wine Extract 510mg 60 Capsules,Tamahra,Akshay,2025-07-08,16:00,22.0,43.02,58.0,126.05,VitalCore
B01FWFE7VK,VitalCore Resveratrol with Red Wine Extract 510mg 60 Capsules,Tamahra,Akshay,2025-07-08,18:00,31.0,58.46,58.0,126.05,VitalCore
B01FWFE7VK,VitalCore Resveratrol with Red Wine Extract 510mg 60 Capsules,Tamahra,Akshay,2025-07-08,20:00,34.0,72.31,58.0,126.05,VitalCore
B01FWFE7VK,VitalCore Resveratrol with Red Wine Extract 510mg 60 Capsules,Tamahra,Akshay,2025-07-09,12:30,4.0,19.48,58.0,126.05,VitalCore
B01FWFE7VK,VitalCore Resveratrol with Red Wine Extract 510mg 60 Capsules,Tamahra,Akshay,2025-07-09,16:00,6.0,29.32,58.0,126.05,VitalCore
B095SM7TW6,VitalCore Ashwagandha 1200mg 120 Gummies,Tamahra,Akshay,2025-07-08,12:00,4.0,2.99,19.0,41.58,VitalCore
B095SM7TW6,VitalCore Ashwagandha 1200mg 120 Gummies,Tamahra,Akshay,2025-07-08,16:00,9.0,10.67,19.0,41.58,VitalCore
B095SM7TW6,VitalCore Ashwagandha 1200mg 120 Gummies,Tamahra,Akshay,2025-07-08,18:00,10.0,12.2,19.0,41.58,VitalCore
B095SM7TW6,VitalCore Ashwagandha 1200mg 120 Gummies,Tamahra,Akshay,2025-07-08,20:00,10.0,14.65,19.0,41.58,VitalCore
B095SM7TW6,VitalCore Ashwagandha 1200mg 120 Gummies,Tamahra,Akshay,2025-07-09,12:30,4.0,7.64,19.0,41.58,VitalCore
B095SM7TW6,VitalCore Ashwagandha 1200mg 120 Gummies,Tamahra,Akshay,2025-07-09,16:00,6.0,12.77,19.0,41.58,VitalCore
B08PVZM37H,VitalCore OrganicMushroomComplex180Capsules,Tamahra,Akshay,2025-07-08,12:00,3.0,15.61,18.0,53.0,VitalCore
B08PVZM37H,VitalCore OrganicMushroomComplex180Capsules,Tamahra,Akshay,2025-07-08,16:00,6.0,26.61,18.0,53.0,VitalCore
B08PVZM37H,VitalCore OrganicMushroomComplex180Capsules,Tamahra,Akshay,2025-07-08,18:00,6.0,29.24,18.0,53.0,VitalCore
B08PVZM37H,VitalCore OrganicMushroomComplex180Capsules,Tamahra,Akshay,2025-07-08,20:00,10.0,35.0,18.0,53.0,VitalCore
B08PVZM37H,VitalCore OrganicMushroomComplex180Capsules,Tamahra,Akshay,2025-07-09,12:30,2.0,4.77,18.0,53.0,VitalCore
B08PVZM37H,VitalCore OrganicMushroomComplex180Capsules,Tamahra,Akshay,2025-07-09,16:00,6.0,8.11,18.0,53.0,VitalCore
B0BV68VQV3,Medora Vitamin B12 | Germany 500mcg 365 Tablets,Twinkle,Syed,2025-07-08,12:00,0.0,0.0,8.0,8.2,Medora
B0BV68VQV3,Medora Vitamin B12 | Germany 500mcg 365 Tablets,Twinkle,Syed,2025-07-08,16:00,2.0,2.32,8.0,8.2,Medora
B0BV68VQV3,Medora Vitamin B12 | Germany 500mcg 365 Tablets,Twinkle,Syed,2025-07-08,18:00,2.0,2.32,8.0,8.2,Medora
B0BV68VQV3,Medora Vitamin B12 | Germany 500mcg 365 Tablets,Twinkle,Syed,2025-07-08,20:00,4.0,2.32,8.0,8.2,Medora
B0BV68VQV3,Medora Vitamin B12 | Germany 500mcg 365 Tablets,Twinkle,Syed,2025-07-09,12:30,2.0,1.16,8.0,8.2,Medora
B0BV68VQV3,Medora Vitamin B12 | Germany 500mcg 365 Tablets,Twinkle,Syed,2025-07-09,16:00,6.0,2.66,8.0,8.2,Medora
B07ZKMCN2Z,VitalCore Bio Culture Complex 77Billion 60 Capsules,Aneesh,Srikara,2025-07-08,12:00,2.0,10.03,32.0,87.55,VitalCore
B07ZKMCN2Z,VitalCore Bio Culture Complex 77Billion 60 Capsules,Aneesh,Srikara,2025-07-08,16:00,11.0,28.3,32.0,87.55,VitalCore
B07ZKMCN2Z,VitalCore Bio Culture Complex 77Billion 60 Capsules,Aneesh,Srikara,2025-07-08,18:00,13.0,36.43,32.0,87.55,VitalCore
B07ZKMCN2Z,VitalCore Bio Culture Complex 77Billion 60 Capsules,Aneesh,Srikara,2025-07-08,20:00,14.0,40.95,32.0,87.55,VitalCore
B07ZKMCN2Z,VitalCore Bio Culture Complex 77Billion 60 Capsules,Aneesh,Srikara,2025-07-09,12:30,4.0,21.82,32.0,87.55,VitalCore
B07ZKMCN2Z,VitalCore Bio Culture Complex 77Billion 60 Capsules,Aneesh,Srikara,2025-07-09,16:00,5.0,37.0,32.0,87.55,VitalCore
B0C7WG2333,VitalCore Collagen- 180 Tablets,Aneesh,Sourabh,2025-07-08,12:00,1.0,1.76,18.0,40.0,VitalCore
B0C7WG2333,VitalCore Collagen- 180 Tablets,Aneesh,Sourabh,2025-07-08,16:00,10.0,8.34,18.0,40.0,VitalCore
B0C7WG2333,VitalCore Collagen- 180 Tablets,Aneesh,Sourabh,2025-07-08,18:00,10.0,12.39,18.0,40.0,VitalCore
B0C7WG2333,VitalCore Collagen- 180 Tablets,Aneesh,Sourabh,2025-07-08,20:00,10.0,14.92,18.0,40.0,VitalCore
B0C7WG2333,VitalCore Collagen- 180 Tablets,Aneesh,Sourabh,2025-07-09,12:30,4.0,0.0,18.0,40.0,VitalCore
B0C7WG2333,VitalCore Collagen- 180 Tablets,Aneesh,Sourabh,2025-07-09,16:00,5.0,7.58,18.0,40.0,VitalCore
B0953NSL31,VitalCore Vitamin E 400IU 180 Softgel,Twinkle,Sourabh,2025-07-08,12:00,0.0,0.0,11.0,44.37,VitalCore
B0953NSL31,VitalCore Vitamin E 400IU 180 Softgel,Twinkle,Sourabh,2025-07-08,16:00,2.0,2.97,11.0,44.37,VitalCore
B0953NSL31,VitalCore Vitamin E 400IU 180 Softgel,Twinkle,Sourabh,2025-07-08,18:00,3.0,4.43,11.0,44.37,VitalCore
B0953NSL31,VitalCore Vitamin E 400IU 180 Softgel,Twinkle,Sourabh,2025-07-08,20:00,5.0,10.51,11.0,44.37,VitalCore
B0953NSL31,VitalCore Vitamin E 400IU 180 Softgel,Twinkle,Sourabh,2025-07-09,12:30,2.0,9.21,11.0,44.37,VitalCore
B0953NSL31,VitalCore Vitamin E 400IU 180 Softgel,Twinkle,Sourabh,2025-07-09,16:00,5.0,19.61,11.0,44.37,VitalCore
B07HB1H9ZZ,PawVista Denti-Care Kit For Dogs 200g Toothpaste,,,2025-07-08,12:00,0.0,2.69,5.0,31.68,PawVista
B07HB1H9ZZ,PawVista Denti-Care Kit For Dogs 200g Toothpaste,,,2025-07-08,16:00,1.0,8.02,5.0,31.68,PawVista
B07HB1H9ZZ,PawVista Denti-Care Kit For Dogs 200g Toothpaste,,,2025-07-08,18:00,1.0,10.39,5.0,31.68,PawVista
B07HB1H9ZZ,PawVista Denti-Care Kit For Dogs 200g Toothpaste,,,2025-07-08,20:00,1.0,17.47,5.0,31.68,PawVista
B07HB1H9ZZ,PawVista Denti-Care Kit For Dogs 200g Toothpaste,,,2025-07-09,12:30,2.0,4.59,5.0,31.68,PawVista
B07HB1H9ZZ,PawVista Denti-Care Kit For Dogs 200g Toothpaste,,,2025-07-09,16:00,5.0,10.87,5.0,31.68,PawVista
B0CQ1ZY6RM,Black Cumin seed oil,Twinkle,Syed,2025-07-08,12:00,2.0,1.74,11.0,26.6,Other
B0CQ1ZY6RM,Black Cumin seed oil,Twinkle,Syed,2025-07-08,16:00,3.0,7.83,11.0,26.6,Other
B0CQ1ZY6RM,Black Cumin seed oil,Twinkle,Syed,2025-07-08,18:00,3.0,10.93,11.0,26.6,Other
B0CQ1ZY6RM,Black Cumin seed oil,Twinkle,Syed,2025-07-08,20:00,4.0,12.43,11.0,26.6,Other
B0CQ1ZY6RM,Black Cumin seed oil,Twinkle,Syed,2025-07-09,12:30,2.0,6.86,11.0,26.6,Other
B0CQ1ZY6RM,Black Cumin seed oil,Twinkle,Syed,2025-07-09,16:00,5.0,16.12,11.0,26.6,Other
B0B8SWNKD7,VitalCore Probiotic 2Billion 90 Gummies,Aneesh,Srikara,2025-07-08,12:00,1.0,1.85,6.0,17.08,VitalCore
B0B8SWNKD7,VitalCore Probiotic 2Billion 90 Gummies,Aneesh,Srikara,2025-07-08,16:00,2.0,4.64,6.0,17.08,VitalCore
B0B8SWNKD7,VitalCore Probiotic 2Billion 90 Gummies,Aneesh,Srikara,2025-07-08,18:00,3.0,4.64,6.0,17.08,VitalCore
B0B8SWNKD7,VitalCore Probiotic 2Billion 90 Gummies,Aneesh,Srikara,2025-07-08,20:00,3.0,5.49,6.0,17.08,VitalCore
B0B8SWNKD7,VitalCore Probiotic 2Billion 90 Gummies,Aneesh,Srikara,2025-07-09,12:30,2.0,0.8,6.0,17.08,VitalCore
B0B8SWNKD7,VitalCore Probiotic 2Billion 90 Gummies,Aneesh,Srikara,2025-07-09,16:00,5.0,1.24,6.0,17.08,VitalCore
B0771T1WRL,Medora ProstaSure 90 capsules,Aneesh,Syed,2025-07-08,12:00,3.0,6.04,15.0,49.16,Medora
B0771T1WRL,Medora ProstaSure 90 capsules,Aneesh,Syed,2025-07-08,16:00,7.0,24.9,15.0,49.16,Medora
B0771T1WRL,Medora ProstaSure 90 capsules,Aneesh,Syed,2025-07-08,18:00,7.0,27.66,15.0,49.16,Medora
B0771T1WRL,Medora ProstaSure 90 capsules,Aneesh,Syed,2025-07-08,20:00,10.0,32.89,15.0,49.16,Medora
B0771T1WRL,Medora ProstaSure 90 capsules,Aneesh,Syed,2025-07-09,12:30,0.0,3.38,15.0,49.16,Medora
B0771T1WRL,Medora ProstaSure 90 capsules,Aneesh,Syed,2025-07-09,16:00,5.0,12.63,15.0,49.16,Medora
B08LTK2RMH,VitalCore Liposomal Vitamin C 1000mg 250ml Liquid,Tamahra,Srikara,2025-07-08,12:00,0.0,0.0,2.0,2.13,VitalCore
B08LTK2RMH,VitalCore Liposomal Vitamin C 1000mg 250ml Liquid,Tamahra,Srikara,2025-07-08,16:00,0.0,0.0,2.0,2.13,VitalCore
B08LTK2RMH,VitalCore Liposomal Vitamin C 1000mg 250ml Liquid,Tamahra,Srikara,2025-07-08,18:00,0.0,0.0,2.0,2.13,VitalCore
B08LTK2RMH,VitalCore Liposomal Vitamin C 1000mg 250ml Liquid,Tamahra,Srikara,2025-07-08,20:00,0.0,0.0,2.0,2.13,VitalCore
B08LTK2RMH,VitalCore Liposomal Vitamin C 1000mg 250ml Liquid,Tamahra,Srikara,2025-07-09,12:30,0.0,0.0,2.0,2.13,VitalCore
B08LTK2RMH,VitalCore Liposomal Vitamin C 1000mg 250ml Liquid,Tamahra,Srikara,2025-07-09,16:00,5.0,0.8,2.0,2.13,VitalCore
B07HB3BZ2H,PawVista Flea & Tick Defence Powder 100g Powder,Shirley,Srikara,2025-07-08,12:00,0.0,3.41,14.0,22.46,PawVista
B07HB3BZ2H,PawVista Flea & Tick Defence Powder 100g Powder,Shirley,Srikara,2025-07-08,16:00,3.0,7.01,14.0,22.46,PawVista
B07HB3BZ2H,PawVista Flea & Tick Defence Powder 100g Powder,Shirley,Srikara,2025-07-08,18:00,3.0,9.48,14.0,22.46,PawVista
B07HB3BZ2H,PawVista Flea & Tick Defence Powder 100g Powder,Shirley,Srikara,2025-07-08,20:00,6.0,10.62,14.0,22.46,PawVista
B07HB3BZ2H,PawVista Flea & Tick Defence Powder 100g Powder,Shirley,Srikara,2025-07-09,12:30,2.0,2.11,14.0,22.46,PawVista
B07HB3BZ2H,PawVista Flea & Tick Defence Powder 100g Powder,Shirley,Srikara,2025-07-09,16:00,4.0,4.93,14.0,22.46,PawVista
B08RRZPPNP,VitalCore Cranberry with Vitamin C 15000mg 180 Capsule,Aneesh,Akshay,2025-07-08,12:00,1.0,3.78,7.0,22.76,VitalCore
B08RRZPPNP,VitalCore Cranberry with Vitamin C 15000mg 180 Capsule,Aneesh,Akshay,2025-07-08,16:00,3.0,8.73,7.0,22.76,VitalCore
B08RRZPPNP,VitalCore Cranberry with Vitamin C 15000mg 180 Capsule,Aneesh,Akshay,2025-07-08,18:00,4.0,12.33,7.0,22.76,VitalCore
B08RRZPPNP,VitalCore Cranberry with Vitamin C 15000mg 180 Capsule,Aneesh,Akshay,2025-07-08,20:00,4.0,12.33,7.0,22.76,VitalCore
B08RRZPPNP,VitalCore Cranberry with Vitamin C 15000mg 180 Capsule,Aneesh,Akshay,2025-07-09,12:30,2.0,1.18,7.0,22.76,VitalCore
B08RRZPPNP,VitalCore Cranberry with Vitamin C 15000mg 180 Capsule,Aneesh,Akshay,2025-07-09,16:00,4.0,5.84,7.0,22.76,VitalCore
B0924PV4SK,VitalCore Potassium Citrate 1460mg 180 Tablets,Tamahra,Akshay,2025-07-08,12:00,2.0,3.83,9.0,32.23,VitalCore
B0924PV4SK,VitalCore Potassium Citrate 1460mg 180 Tablets,Tamahra,Akshay,2025-07-08,16:00,5.0,11.53,9.0,32.23,VitalCore
B0924PV4SK,VitalCore Potassium Citrate 1460mg 180 Tablets,Tamahra,Akshay,2025-07-08,18:00,6.0,18.17,9.0,32.23,VitalCore
B0924PV4SK,VitalCore Potassium Citrate 1460mg 180 Tablets,Tamahra,Akshay,2025-07-08,20:00,6.0,19.61,9.0,32.23,VitalCore
B0924PV4SK,VitalCore Potassium Citrate 1460mg 180 Tablets,Tamahra,Akshay,2025-07-09,12:30,1.0,3.02,9.0,32.23,VitalCore
B0924PV4SK,VitalCore Potassium Citrate 1460mg 180 Tablets,Tamahra,Akshay,2025-07-09,16:00,4.0,6.22,9.0,32.23,VitalCore
B089QHSS5H,VitalCore Certified (Bio) Organic Ginger 650mg 90 Capsule,Twinkle,Sourabh,2025-07-08,12:00,3.0,3.49,11.0,18.51,VitalCore
B089QHSS5H,VitalCore Certified (Bio) Organic Ginger 650mg 90 Capsule,Twinkle,Sourabh,2025-07-08,16:00,7.0,8.0,11.0,18.51,VitalCore
B089QHSS5H,VitalCore Certified (Bio) Organic Ginger 650mg 90 Capsule,Twinkle,Sourabh,2025-07-08,18:00,7.0,8.7,11.0,18.51,VitalCore
B089QHSS5H,VitalCore Certified (Bio) Organic Ginger 650mg 90 Capsule,Twinkle,Sourabh,2025-07-08,20:00,8.0,11.72,11.0,18.51,VitalCore
B089QHSS5H,VitalCore Certified (Bio) Organic Ginger 650mg 90 Capsule,Twinkle,Sourabh,2025-07-09,12:30,0.0,2.31,11.0,18.51,VitalCore
B089QHSS5H,VitalCore Certified (Bio) Organic Ginger 650mg 90 Capsule,Twinkle,Sourabh,2025-07-09,16:00,4.0,10.18,11.0,18.51,VitalCore
B07HGCZRVW,PawVista Itch Relief Spray 250ml Spray,Shirley,Amjad,2025-07-08,12:00,1.0,4.01,13.0,23.81,PawVista
B07HGCZRVW,PawVista Itch Relief Spray 250ml Spray,Shirley,Amjad,2025-07-08,16:00,7.0,8.95,13.0,23.81,PawVista
B07HGCZRVW,PawVista Itch Relief Spray 250ml Spray,Shirley,Amjad,2025-07-08,18:00,7.0,8.95,13.0,23.81,PawVista
B07HGCZRVW,PawVista Itch Relief Spray 250ml Spray,Shirley,Amjad,2025-07-08,20:00,7.0,9.75,13.0,23.81,PawVista
B07HGCZRVW,PawVista Itch Relief Spray 250ml Spray,Shirley,Amjad,2025-07-09,12:30,3.0,3.61,13.0,23.81,PawVista
B07HGCZRVW,PawVista Itch Relief Spray 250ml Spray,Shirley,Amjad,2025-07-09,16:00,3.0,7.34,13.0,23.81,PawVista
B07RY9SYLV,VitalCore Vegan Collagen Advanced 180 Capsules,Aneesh,Sourabh,2025-07-08,12:00,1.0,2.12,7.0,30.14,VitalCore
B07RY9SYLV,VitalCore Vegan Collagen Advanced 180 Capsules,Aneesh,Sourabh,2025-07-08,16:00,1.0,8.0,7.0,30.14,VitalCore
B07RY9SYLV,VitalCore Vegan Collagen Advanced 180 Capsules,Aneesh,Sourabh,2025-07-08,18:00,1.0,9.54,7.0,30.14,VitalCore
B07RY9SYLV,VitalCore Vegan Collagen Advanced 180 Capsules,Aneesh,Sourabh,2025-07-08,20:00,2.0,11.99,7.0,30.14,VitalCore
B07RY9SYLV,VitalCore Vegan Collagen Advanced 180 Capsules,Aneesh,Sourabh,2025-07-09,12:30,2.0,2.52,7.0,30.14,VitalCore
B07RY9SYLV,VitalCore Vegan Collagen Advanced 180 Capsules,Aneesh,Sourabh,2025-07-09,16:00,3.0,5.74,7.0,30.14,VitalCore
B0C9CMMGPK,Biotin with Keratin 150mg,Twinkle,Syed,2025-07-08,12:00,3.0,6.57,9.0,49.05,Other
B0C9CMMGPK,Biotin with Keratin 150mg,Twinkle,Syed,2025-07-08,16:00,6.0,17.12,9.0,49.05,Other
B0C9CMMGPK,Biotin with Keratin 150mg,Twinkle,Syed,2025-07-08,18:00,7.0,19.72,9.0,49.05,Other
B0C9CMMGPK,Biotin with Keratin 150mg,Twinkle,Syed,2025-07-08,20:00,7.0,20.82,9.0,49.05,Other
B0C9CMMGPK,Biotin with Keratin 150mg,Twinkle,Syed,2025-07-09,12:30,2.0,6.93,9.0,49.05,Other
B0C9CMMGPK,Biotin with Keratin 150mg,Twinkle,Syed,2025-07-09,16:00,3.0,6.93,9.0,49.05,Other
B0CB7ZDLXZ,Medora Omega 3-6-9 for Kids 200mg 120 Gummies,Twinkle,Srikara,2025-07-08,12:00,0.0,0.0,5.0,17.44,Medora
B0CB7ZDLXZ,Medora Omega 3-6-9 for Kids 200mg 120 Gummies,Twinkle,Srikara,2025-07-08,16:00,3.0,1.83,5.0,17.44,Medora
B0CB7ZDLXZ,Medora Omega 3-6-9 for Kids 200mg 120 Gummies,Twinkle,Srikara,2025-07-08,18:00,3.0,1.83,5.0,17.44,Medora
B0CB7ZDLXZ,Medora Omega 3-6-9 for Kids 200mg 120 Gummies,Twinkle,Srikara,2025-07-08,20:00,3.0,2.93,5.0,17.44,Medora
B0CB7ZDLXZ,Medora Omega 3-6-9 for Kids 200mg 120 Gummies,Twinkle,Srikara,2025-07-09,12:30,2.0,2.79,5.0,17.44,Medora
B0CB7ZDLXZ,Medora Omega 3-6-9 for Kids 200mg 120 Gummies,Twinkle,Srikara,2025-07-09,16:00,3.0,4.79,5.0,17.44,Medora
B01N673US9,VitalCore Activated Charcoal 2000mg 180 Capsules,Aneesh,Sourabh,2025-07-08,12:00,0.0,4.26,10.0,15.84,VitalCore
B01N673US9,VitalCore Activated Charcoal 2000mg 180 Capsules,Aneesh,Sourabh,2025-07-08,16:00,1.0,10.43,10.0,15.84,VitalCore
B01N673US9,VitalCore Activated Charcoal 2000mg 180 Capsules,Aneesh,Sourabh,2025-07-08,18:00,2.0,10.43,10.0,15.84,VitalCore
B01N673US9,VitalCore Activated Charcoal 2000mg 180 Capsules,Aneesh,Sourabh,2025-07-08,20:00,3.0,11.02,10.0,15.84,VitalCore
B01N673US9,VitalCore Activated Charcoal 2000mg 180 Capsules,Aneesh,Sourabh,2025-07-09,12:30,2.0,1.82,10.0,15.84,VitalCore
B01N673US9,VitalCore Activated Charcoal 2000mg 180 Capsules,Aneesh,Sourabh,2025-07-09,16:00,3.0,6.34,10.0,15.84,VitalCore
B098QJPDGL,VitalCore Iron 14mg 120 Gummies,Tamahra,Akshay,2025-07-08,12:00,2.0,6.02,16.0,72.25,VitalCore
B098QJPDGL,VitalCore Iron 14mg 120 Gummies,Tamahra,Akshay,2025-07-08,16:00,5.0,19.94,16.0,72.25,VitalCore
B098QJPDGL,VitalCore Iron 14mg 120 Gummies,Tamahra,Akshay,2025-07-08,18:00,7.0,24.65,16.0,72.25,VitalCore
B098QJPDGL,VitalCore Iron 14mg 120 Gummies,Tamahra,Akshay,2025-07-08,20:00,8.0,31.95,16.0,72.25,VitalCore
B098QJPDGL,VitalCore Iron 14mg 120 Gummies,Tamahra,Akshay,2025-07-09,12:30,1.0,5.61,16.0,72.25,VitalCore
B098QJPDGL,VitalCore Iron 14mg 120 Gummies,Tamahra,Akshay,2025-07-09,16:00,3.0,8.95,16.0,72.25,VitalCore
B08J48DNCN,VitalCore Vitamin D3 2000IU 400 Tablets,Tamahra,Akshay,2025-07-08,12:00,3.0,7.58,11.0,61.06,VitalCore
B08J48DNCN,VitalCore Vitamin D3 2000IU 400 Tablets,Tamahra,Akshay,2025-07-08,16:00,4.0,18.53,11.0,61.06,VitalCore
B08J48DNCN,VitalCore Vitamin D3 2000IU 400 Tablets,Tamahra,Akshay,2025-07-08,18:00,5.0,21.41,11.0,61.06,VitalCore
B08J48DNCN,VitalCore Vitamin D3 2000IU 400 Tablets,Tamahra,Akshay,2025-07-08,20:00,7.0,23.81,11.0,61.06,VitalCore
B08J48DNCN,VitalCore Vitamin D3 2000IU 400 Tablets,Tamahra,Akshay,2025-07-09,12:30,1.0,19.11,11.0,61.06,VitalCore
B08J48DNCN,VitalCore Vitamin D3 2000IU 400 Tablets,Tamahra,Akshay,2025-07-09,16:00,3.0,36.15,11.0,61.06,VitalCore
B0D1YNNYNY,VitalCore | L-Citrulline 3000mg 240 Capsules,Tamahra,Srikara,2025-07-08,12:00,2.0,5.43,6.0,28.64,VitalCore
B0D1YNNYNY,VitalCore | L-Citrulline 3000mg 240 Capsules,Tamahra,Srikara,2025-07-08,16:00,3.0,8.81,6.0,28.64,VitalCore
B0D1YNNYNY,VitalCore | L-Citrulline 3000mg 240 Capsules,Tamahra,Srikara,2025-07-08,18:00,3.0,9.77,6.0,28.64,VitalCore
B0D1YNNYNY,VitalCore | L-Citrulline 3000mg 240 Capsules,Tamahra,Srikara,2025-07-08,20:00,3.0,9.77,6.0,28.64,VitalCore
B0D1YNNYNY,VitalCore | L-Citrulline 3000mg 240 Capsules,Tamahra,Srikara,2025-07-09,12:30,1.0,0.98,6.0,28.64,VitalCore
B0D1YNNYNY,VitalCore | L-Citrulline 3000mg 240 Capsules,Tamahra,Srikara,2025-07-09,16:00,3.0,1.91,6.0,28.64,VitalCore
B093CB31XT,Pure MSM 2400mg + Vitamin C 100mg,Aneesh,Akshay,2025-07-08,12:00,0.0,1.69,2.0,18.63,Other
B093CB31XT,Pure MSM 2400mg + Vitamin C 100mg,Aneesh,Akshay,2025-07-08,16:00,0.0,4.76,2.0,18.63,Other
B093CB31XT,Pure MSM 2400mg + Vitamin C 100mg,Aneesh,Akshay,2025-07-08,18:00,0.0,6.21,2.0,18.63,Other
B093CB31XT,Pure MSM 2400mg + Vitamin C 100mg,Aneesh,Akshay,2025-07-08,20:00,1.0,11.78,2.0,18.63,Other
B093CB31XT,Pure MSM 2400mg + Vitamin C 100mg,Aneesh,Akshay,2025-07-09,12:30,1.0,1.45,2.0,18.63,Other
B093CB31XT,Pure MSM 2400mg + Vitamin C 100mg,Aneesh,Akshay,2025-07-09,16:00,3.0,8.18,2.0,18.63,Other
B07H2YR3WV,PawVista Glucosamine & Chondroitin for dogs & cats 180 Capsules,Twinkle,Amjad,2025-07-08,12:00,0.0,1.8,12.0,14.25,PawVista
B07H2YR3WV,PawVista Glucosamine & Chondroitin for dogs & cats 180 Capsules,Twinkle,Amjad,2025-07-08,16:00,2.0,5.28,12.0,14.25,PawVista
B07H2YR3WV,PawVista Glucosamine & Chondroitin for dogs & cats 180 Capsules,Twinkle,Amjad,2025-07-08,18:00,1.0,7.68,12.0,14.25,PawVista
B07H2YR3WV,PawVista Glucosamine & Chondroitin for dogs & cats 180 Capsules,Twinkle,Amjad,2025-07-08,20:00,3.0,7.68,12.0,14.25,PawVista
B07H2YR3WV,PawVista Glucosamine & Chondroitin for dogs & cats 180 Capsules,Twinkle,Amjad,2025-07-09,12:30,1.0,0.0,12.0,14.25,PawVista
B07H2YR3WV,PawVista Glucosamine & Chondroitin for dogs & cats 180 Capsules,Twinkle,Amjad,2025-07-09,16:00,3.0,4.88,12.0,14.25,PawVista
B0949KMLW6,VitalCore Vitamin D3 4000IU 120 Gummies,Tamahra,Akshay,2025-07-08,12:00,0.0,0.0,3.0,12.57,VitalCore
B0949KMLW6,VitalCore Vitamin D3 4000IU 120 Gummies,Tamahra,Akshay,2025-07-08,16:00,3.0,3.4,3.0,12.57,VitalCore
B0949KMLW6,VitalCore Vitamin D3 4000IU 120 Gummies,Tamahra,Akshay,2025-07-08,18:00,4.0,3.4,3.0,12.57,VitalCore
B0949KMLW6,VitalCore Vitamin D3 4000IU 120 Gummies,Tamahra,Akshay,2025-07-08,20:00,4.0,7.41,3.0,12.57,VitalCore
B0949KMLW6,VitalCore Vitamin D3 4000IU 120 Gummies,Tamahra,Akshay,2025-07-09,12:30,1.0,0.0,3.0,12.57,VitalCore
B0949KMLW6,VitalCore Vitamin D3 4000IU 120 Gummies,Tamahra,Akshay,2025-07-09,16:00,3.0,0.0,3.0,12.57,VitalCore
B00E0HITK2,VitalCore Green Coffee Pure 21000mg 90 Capsules,Twinkle,Akshay,2025-07-08,12:00,0.0,0.0,1.0,6.43,VitalCore
B00E0HITK2,VitalCore Green Coffee Pure 21000mg 90 Capsules,Twinkle,Akshay,2025-07-08,16:00,1.0,1.4,1.0,6.43,VitalCore
B00E0HITK2,VitalCore Green Coffee Pure 21000mg 90 Capsules,Twinkle,Akshay,2025-07-08,18:00,1.0,2.44,1.0,6.43,VitalCore
B00E0HITK2,VitalCore Green Coffee Pure 21000mg 90 Capsules,Twinkle,Akshay,2025-07-08,20:00,1.0,4.02,1.0,6.43,VitalCore
B00E0HITK2,VitalCore Green Coffee Pure 21000mg 90 Capsules,Twinkle,Akshay,2025-07-09,12:30,1.0,1.39,1.0,6.43,VitalCore
B00E0HITK2,VitalCore Green Coffee Pure 21000mg 90 Capsules,Twinkle,Akshay,2025-07-09,16:00,3.0,4.13,1.0,6.43,VitalCore
B09316R26J,VitalCore White Kidney Beans Extract 5000mg 180 Capsule,Tamahra,Akshay,2025-07-08,12:00,1.0,4.43,4.0,4.43,VitalCore
B09316R26J,VitalCore White Kidney Beans Extract 5000mg 180 Capsule,Tamahra,Akshay,2025-07-08,16:00,2.0,4.43,4.0,4.43,VitalCore
B09316R26J,VitalCore White Kidney Beans Extract 5000mg 180 Capsule,Tamahra,Akshay,2025-07-08,18:00,2.0,4.43,4.0,4.43,VitalCore
B09316R26J,VitalCore White Kidney Beans Extract 5000mg 180 Capsule,Tamahra,Akshay,2025-07-08,20:00,2.0,4.43,4.0,4.43,VitalCore
B09316R26J,VitalCore White Kidney Beans Extract 5000mg 180 Capsule,Tamahra,Akshay,2025-07-09,12:30,1.0,0.0,4.0,4.43,VitalCore
B09316R26J,VitalCore White Kidney Beans Extract 5000mg 180 Capsule,Tamahra,Akshay,2025-07-09,16:00,3.0,0.67,4.0,4.43,VitalCore
B09BJPTHVR,VitalCore Vitamin A 10000IU 365 Tablets,Twinkle,Akshay,2025-07-08,12:00,0.0,2.53,10.0,31.06,VitalCore
B09BJPTHVR,VitalCore Vitamin A 10000IU 365 Tablets,Twinkle,Akshay,2025-07-08,16:00,3.0,5.23,10.0,31.06,VitalCore
B09BJPTHVR,VitalCore Vitamin A 10000IU 365 Tablets,Twinkle,Akshay,2025-07-08,18:00,5.0,6.77,10.0,31.06,VitalCore
B09BJPTHVR,VitalCore Vitamin A 10000IU 365 Tablets,Twinkle,Akshay,2025-07-08,20:00,6.0,7.72,10.0,31.06,VitalCore
B09BJPTHVR,VitalCore Vitamin A 10000IU 365 Tablets,Twinkle,Akshay,2025-07-09,12:30,0.0,1.54,10.0,31.06,VitalCore
B09BJPTHVR,VitalCore Vitamin A 10000IU 365 Tablets,Twinkle,Akshay,2025-07-09,16:00,3.0,7.31,10.0,31.06,VitalCore
B0924Q6VTF,VitalCore Iodine 400mcg 365 Tablet,Twinkle,Sourabh,2025-07-08,12:00,2.0,3.98,12.0,51.76,VitalCore
B0924Q6VTF,VitalCore Iodine 400mcg 365 Tablet,Twinkle,Sourabh,2025-07-08,16:00,2.0,23.11,12.0,51.76,VitalCore
B0924Q6VTF,VitalCore Iodine 400mcg 365 Tablet,Twinkle,Sourabh,2025-07-08,18:00,5.0,26.77,12.0,51.76,VitalCore
B0924Q6VTF,VitalCore Iodine 400mcg 365 Tablet,Twinkle,Sourabh,2025-07-08,20:00,8.0,28.81,12.0,51.76,VitalCore
B0924Q6VTF,VitalCore Iodine 400mcg 365 Tablet,Twinkle,Sourabh,2025-07-09,12:30,0.0,6.78,12.0,51.76,VitalCore
B0924Q6VTF,VitalCore Iodine 400mcg 365 Tablet,Twinkle,Sourabh,2025-07-09,16:00,3.0,20.11,12.0,51.76,VitalCore
B0CTVQVDMG,VitalCore| Creatine Gummies,Aneesh,Srikara,2025-07-08,12:00,0.0,3.07,4.0,19.42,VitalCore
B0CTVQVDMG,VitalCore| Creatine Gummies,Aneesh,Srikara,2025-07-08,16:00,3.0,10.86,4.0,19.42,VitalCore
B0CTVQVDMG,VitalCore| Creatine Gummies,Aneesh,Srikara,2025-07-08,18:00,3.0,11.84,4.0,19.42,VitalCore
B0CTVQVDMG,VitalCore| Creatine Gummies,Aneesh,Srikara,2025-07-08,20:00,3.0,13.31,4.0,19.42,VitalCore
B0CTVQVDMG,VitalCore| Creatine Gummies,Aneesh,Srikara,2025-07-09,12:30,0.0,2.67,4.0,19.42,VitalCore
B0CTVQVDMG,VitalCore| Creatine Gummies,Aneesh,Srikara,2025-07-09,16:00,3.0,4.35,4.0,19.42,VitalCore
B0BFXGNM1T,VitalCore Skinny Coffee 28 Sachets,Tamahra,Akshay,2025-07-08,12:00,0.0,0.0,2.0,6.43,VitalCore
B0BFXGNM1T,VitalCore Skinny Coffee 28 Sachets,Tamahra,Akshay,2025-07-08,16:00,0.0,1.36,2.0,6.43,VitalCore
B0BFXGNM1T,VitalCore Skinny Coffee 28 Sachets,Tamahra,Akshay,2025-07-08,18:00,0.0,1.36,2.0,6.43,VitalCore
B0BFXGNM1T,VitalCore Skinny Coffee 28 Sachets,Tamahra,Akshay,2025-07-08,20:00,0.0,2.17,2.0,6.43,VitalCore
B0BFXGNM1T,VitalCore Skinny Coffee 28 Sachets,Tamahra,Akshay,2025-07-09,12:30,0.0,0.72,2.0,6.43,VitalCore
B0BFXGNM1T,VitalCore Skinny Coffee 28 Sachets,Tamahra,Akshay,2025-07-09,16:00,3.0,1.46,2.0,6.43,VitalCore
B07KMCQCZ5,Medora Evening Primrose Oil 1000mg 180 Softgel,Twinkle,Sourabh,2025-07-08,12:00,2.0,8.14,9.0,36.68,Medora
B07KMCQCZ5,Medora Evening Primrose Oil 1000mg 180 Softgel,Twinkle,Sourabh,2025-07-08,16:00,3.0,12.95,9.0,36.68,Medora
B07KMCQCZ5,Medora Evening Primrose Oil 1000mg 180 Softgel,Twinkle,Sourabh,2025-07-08,18:00,6.0,19.32,9.0,36.68,Medora
B07KMCQCZ5,Medora Evening Primrose Oil 1000mg 180 Softgel,Twinkle,Sourabh,2025-07-08,20:00,7.0,21.36,9.0,36.68,Medora
B07KMCQCZ5,Medora Evening Primrose Oil 1000mg 180 Softgel,Twinkle,Sourabh,2025-07-09,12:30,2.0,7.4,9.0,36.68,Medora
B07KMCQCZ5,Medora Evening Primrose Oil 1000mg 180 Softgel,Twinkle,Sourabh,2025-07-09,16:00,2.0,13.27,9.0,36.68,Medora
B07GYW9CVG,PawVista Urinary Aids - Dog 120 Tablets,Aneesh,Amjad,2025-07-08,12:00,0.0,0.0,5.0,11.72,PawVista
B07GYW9CVG,PawVista Urinary Aids - Dog 120 Tablets,Aneesh,Amjad,2025-07-08,16:00,1.0,3.83,5.0,11.72,PawVista
B07GYW9CVG,PawVista Urinary Aids - Dog 120 Tablets,Aneesh,Amjad,2025-07-08,18:00,1.0,3.83,5.0,11.72,PawVista
B07GYW9CVG,PawVista Urinary Aids - Dog 120 Tablets,Aneesh,Amjad,2025-07-08,20:00,1.0,3.83,5.0,11.72,PawVista
B07GYW9CVG,PawVista Urinary Aids - Dog 120 Tablets,Aneesh,Amjad,2025-07-09,12:30,2.0,0.0,5.0,11.72,PawVista
B07GYW9CVG,PawVista Urinary Aids - Dog 120 Tablets,Aneesh,Amjad,2025-07-09,16:00,2.0,0.0,5.0,11.72,PawVista
B0B5VMJND6,Medora Vitamin D3 Kids | Orange Flavour 1000IU 120 Gummies,Tamahra,Akshay,2025-07-08,12:00,0.0,0.7,0.0,4.09,Medora
B0B5VMJND6,Medora Vitamin D3 Kids | Orange Flavour 1000IU 120 Gummies,Tamahra,Akshay,2025-07-08,16:00,0.0,0.7,0.0,4.09,Medora
B0B5VMJND6,Medora Vitamin D3 Kids | Orange Flavour 1000IU 120 Gummies,Tamahra,Akshay,2025-07-08,18:00,0.0,1.9,0.0,4.09,Medora
B0B5VMJND6,Medora Vitamin D3 Kids | Orange Flavour 1000IU 120 Gummies,Tamahra,Akshay,2025-07-08,20:00,0.0,2.55,0.0,4.09,Medora
B0B5VMJND6,Medora Vitamin D3 Kids | Orange Flavour 1000IU 120 Gummies,Tamahra,Akshay,2025-07-09,12:30,2.0,0.0,0.0,4.09,Medora
B0B5VMJND6,Medora Vitamin D3 Kids | Orange Flavour 1000IU 120 Gummies,Tamahra,Akshay,2025-07-09,16:00,2.0,0.0,0.0,4.09,Medora
B0924NLC1W,VitalCore Astaxanthin 18mg 180 Capsule,Tamahra,Sourabh,2025-07-08,12:00,7.0,6.92,18.0,50.16,VitalCore
B0924NLC1W,VitalCore Astaxanthin 18mg 180 Capsule,Tamahra,Sourabh,2025-07-08,16:00,10.0,17.03,18.0,50.16,VitalCore
B0924NLC1W,VitalCore Astaxanthin 18mg 180 Capsule,Tamahra,Sourabh,2025-07-08,18:00,12.0,23.94,18.0,50.16,VitalCore
B0924NLC1W,VitalCore Astaxanthin 18mg 180 Capsule,Tamahra,Sourabh,2025-07-08,20:00,14.0,28.99,18.0,50.16,VitalCore
B0924NLC1W,VitalCore Astaxanthin 18mg 180 Capsule,Tamahra,Sourabh,2025-07-09,12:30,1.0,7.76,18.0,50.16,VitalCore
B0924NLC1W,VitalCore Astaxanthin 18mg 180 Capsule,Tamahra,Sourabh,2025-07-09,16:00,2.0,7.76,18.0,50.16,VitalCore
B0B3RJ76ML,VitalCore RedYeastRice250mg180Capsule,Aneesh,Sourabh,2025-07-08,12:00,0.0,5.12,4.0,25.12,VitalCore
B0B3RJ76ML,VitalCore RedYeastRice250mg180Capsule,Aneesh,Sourabh,2025-07-08,16:00,0.0,11.32,4.0,25.12,VitalCore
B0B3RJ76ML,VitalCore RedYeastRice250mg180Capsule,Aneesh,Sourabh,2025-07-08,18:00,0.0,12.72,4.0,25.12,VitalCore
B0B3RJ76ML,VitalCore RedYeastRice250mg180Capsule,Aneesh,Sourabh,2025-07-08,20:00,0.0,12.72,4.0,25.12,VitalCore
B0B3RJ76ML,VitalCore RedYeastRice250mg180Capsule,Aneesh,Sourabh,2025-07-09,12:30,1.0,0.0,4.0,25.12,VitalCore
B0B3RJ76ML,VitalCore RedYeastRice250mg180Capsule,Aneesh,Sourabh,2025-07-09,16:00,2.0,3.19,4.0,25.12,VitalCore
B0924R63CJ,VitalCore L - Taurine 1000mg 180 Capsules,Aneesh,Akshay,2025-07-08,12:00,2.0,1.86,8.0,21.18,VitalCore
B0924R63CJ,VitalCore L - Taurine 1000mg 180 Capsules,Aneesh,Akshay,2025-07-08,16:00,4.0,6.73,8.0,21.18,VitalCore
B0924R63CJ,VitalCore L - Taurine 1000mg 180 Capsules,Aneesh,Akshay,2025-07-08,18:00,4.0,7.26,8.0,21.18,VitalCore
B0924R63CJ,VitalCore L - Taurine 1000mg 180 Capsules,Aneesh,Akshay,2025-07-08,20:00,7.0,10.14,8.0,21.18,VitalCore
B0924R63CJ,VitalCore L - Taurine 1000mg 180 Capsules,Aneesh,Akshay,2025-07-09,12:30,1.0,2.23,8.0,21.18,VitalCore
B0924R63CJ,VitalCore L - Taurine 1000mg 180 Capsules,Aneesh,Akshay,2025-07-09,16:00,2.0,3.74,8.0,21.18,VitalCore
B0D6YYT9Q3,Sea Moss 4000mg,Twinkle,Syed,2025-07-08,12:00,0.0,2.0,1.0,19.51,Other
B0D6YYT9Q3,Sea Moss 4000mg,Twinkle,Syed,2025-07-08,16:00,0.0,7.12,1.0,19.51,Other
B0D6YYT9Q3,Sea Moss 4000mg,Twinkle,Syed,2025-07-08,18:00,0.0,9.12,1.0,19.51,Other
B0D6YYT9Q3,Sea Moss 4000mg,Twinkle,Syed,2025-07-08,20:00,0.0,10.18,1.0,19.51,Other
B0D6YYT9Q3,Sea Moss 4000mg,Twinkle,Syed,2025-07-09,12:30,1.0,2.33,1.0,19.51,Other
B0D6YYT9Q3,Sea Moss 4000mg,Twinkle,Syed,2025-07-09,16:00,2.0,4.55,1.0,19.51,Other
B0CB81W43H,Medora Iron and Vitamin C Gummies for Kids 120 Gummies,Tamahra,Syed,2025-07-08,12:00,0.0,1.64,2.0,22.74,Medora
B0CB81W43H,Medora Iron and Vitamin C Gummies for Kids 120 Gummies,Tamahra,Syed,2025-07-08,16:00,0.0,6.28,2.0,22.74,Medora
B0CB81W43H,Medora Iron and Vitamin C Gummies for Kids 120 Gummies,Tamahra,Syed,2025-07-08,18:00,2.0,13.46,2.0,22.74,Medora
B0CB81W43H,Medora Iron and Vitamin C Gummies for Kids 120 Gummies,Tamahra,Syed,2025-07-08,20:00,2.0,15.06,2.0,22.74,Medora
B0CB81W43H,Medora Iron and Vitamin C Gummies for Kids 120 Gummies,Tamahra,Syed,2025-07-09,12:30,1.0,1.3,2.0,22.74,Medora
B0CB81W43H,Medora Iron and Vitamin C Gummies for Kids 120 Gummies,Tamahra,Syed,2025-07-09,16:00,2.0,4.02,2.0,22.74,Medora
B08L935BHL,PawVista Calming Aid For Dogs 120 Tablets,Aneesh,Amjad,2025-07-08,12:00,0.0,0.0,0.0,8.05,PawVista
B08L935BHL,PawVista Calming Aid For Dogs 120 Tablets,Aneesh,Amjad,2025-07-08,16:00,0.0,2.72,0.0,8.05,PawVista
B08L935BHL,PawVista Calming Aid For Dogs 120 Tablets,Aneesh,Amjad,2025-07-08,18:00,0.0,2.72,0.0,8.05,PawVista
B08L935BHL,PawVista Calming Aid For Dogs 120 Tablets,Aneesh,Amjad,2025-07-08,20:00,0.0,2.72,0.0,8.05,PawVista
B08L935BHL,PawVista Calming Aid For Dogs 120 Tablets,Aneesh,Amjad,2025-07-09,12:30,1.0,0.0,0.0,8.05,PawVista
B08L935BHL,PawVista Calming Aid For Dogs 120 Tablets,Aneesh,Amjad,2025-07-09,16:00,2.0,0.67,0.0,8.05,PawVista
B081Z6V1J6,Medora Peppermint Oil 200mg 365 Softgel,Aneesh,Syed,2025-07-08,12:00,0.0,0.92,6.0,8.15,Medora
B081Z6V1J6,Medora Peppermint Oil 200mg 365 Softgel,Aneesh,Syed,2025-07-08,16:00,2.0,3.6,6.0,8.15,Medora
B081Z6V1J6,Medora Peppermint Oil 200mg 365 Softgel,Aneesh,Syed,2025-07-08,18:00,3.0,3.6,6.0,8.15,Medora
B081Z6V1J6,Medora Peppermint Oil 200mg 365 Softgel,Aneesh,Syed,2025-07-08,20:00,3.0,4.52,6.0,8.15,Medora
B081Z6V1J6,Medora Peppermint Oil 200mg 365 Softgel,Aneesh,Syed,2025-07-09,12:30,1.0,1.71,6.0,8.15,Medora
B081Z6V1J6,Medora Peppermint Oil 200mg 365 Softgel,Aneesh,Syed,2025-07-09,16:00,2.0,3.36,6.0,8.15,Medora
B08HQGTVQX,PawVista Flea and Tick Control 500ml Spray,Shirley,Srikara,2025-07-08,12:00,0.0,0.0,2.0,4.69,PawVista
B08HQGTVQX,PawVista Flea and Tick Control 500ml Spray,Shirley,Srikara,2025-07-08,16:00,1.0,1.16,2.0,4.69,PawVista
B08HQGTVQX,PawVista Flea and Tick Control 500ml Spray,Shirley,Srikara,2025-07-08,18:00,1.0,1.6,2.0,4.69,PawVista
B08HQGTVQX,PawVista Flea and Tick Control 500ml Spray,Shirley,Srikara,2025-07-08,20:00,1.0,2.13,2.0,4.69,PawVista
B08HQGTVQX,PawVista Flea and Tick Control 500ml Spray,Shirley,Srikara,2025-07-09,12:30,1.0,0.0,2.0,4.69,PawVista
B08HQGTVQX,PawVista Flea and Tick Control 500ml Spray,Shirley,Srikara,2025-07-09,16:00,2.0,0.45,2.0,4.69,PawVista
B09TBJGCWS,PawVista Hemp Oil 60ml 55800mg Liquid,Tamahra,Amjad,2025-07-08,12:00,0.0,0,7.0,,PawVista
B09TBJGCWS,PawVista Hemp Oil 60ml 55800mg Liquid,Tamahra,Amjad,2025-07-08,16:00,2.0,0,7.0,,PawVista
B09TBJGCWS,PawVista Hemp Oil 60ml 55800mg Liquid,Tamahra,Amjad,2025-07-08,18:00,2.0,0,7.0,,PawVista
B09TBJGCWS,PawVista Hemp Oil 60ml 55800mg Liquid,Tamahra,Amjad,2025-07-08,20:00,3.0,0,7.0,,PawVista
B09TBJGCWS,PawVista Hemp Oil 60ml 55800mg Liquid,Tamahra,Amjad,2025-07-09,12:30,1.0,0,7.0,,PawVista
B09TBJGCWS,PawVista Hemp Oil 60ml 55800mg Liquid,Tamahra,Amjad,2025-07-09,16:00,2.0,0,7.0,,PawVista
B07GYL1WMY,PawVista Hip and Joint Complex 120 Capsules,Aneesh,Amjad,2025-07-08,12:00,0.0,0.0,0.0,0.0,PawVista
B07GYL1WMY,PawVista Hip and Joint Complex 120 Capsules,Aneesh,Amjad,2025-07-08,16:00,0.0,0.0,0.0,0.0,PawVista
B07GYL1WMY,PawVista Hip and Joint Complex 120 Capsules,Aneesh,Amjad,2025-07-08,18:00,0.0,0.0,0.0,0.0,PawVista
B07GYL1WMY,PawVista Hip and Joint Complex 120 Capsules,Aneesh,Amjad,2025-07-08,20:00,0.0,0.0,0.0,0.0,PawVista
B07GYL1WMY,PawVista Hip and Joint Complex 120 Capsules,Aneesh,Amjad,2025-07-09,12:30,1.0,0.65,0.0,0.0,PawVista
B07GYL1WMY,PawVista Hip and Joint Complex 120 Capsules,Aneesh,Amjad,2025-07-09,16:00,2.0,0.65,0.0,0.0,PawVista
B0BSGZV1T9,VitalCore Milk Thistle 2000mg 180 Capsules,Aneesh,Akshay,2025-07-08,12:00,0.0,1.23,16.0,52.66,VitalCore
B0BSGZV1T9,VitalCore Milk Thistle 2000mg 180 Capsules,Aneesh,Akshay,2025-07-08,16:00,3.0,11.72,16.0,52.66,VitalCore
B0BSGZV1T9,VitalCore Milk Thistle 2000mg 180 Capsules,Aneesh,Akshay,2025-07-08,18:00,8.0,18.24,16.0,52.66,VitalCore
B0BSGZV1T9,VitalCore Milk Thistle 2000mg 180 Capsules,Aneesh,Akshay,2025-07-08,20:00,10.0,22.69,16.0,52.66,VitalCore
B0BSGZV1T9,VitalCore Milk Thistle 2000mg 180 Capsules,Aneesh,Akshay,2025-07-09,12:30,0.0,7.57,16.0,52.66,VitalCore
B0BSGZV1T9,VitalCore Milk Thistle 2000mg 180 Capsules,Aneesh,Akshay,2025-07-09,16:00,2.0,13.16,16.0,52.66,VitalCore
B0DCP2BQBP,VitalCore Vegan Omega 3,Aneesh,Srikara,2025-07-08,12:00,1.0,3.84,10.0,48.21,VitalCore
B0DCP2BQBP,VitalCore Vegan Omega 3,Aneesh,Srikara,2025-07-08,16:00,7.0,16.14,10.0,48.21,VitalCore
B0DCP2BQBP,VitalCore Vegan Omega 3,Aneesh,Srikara,2025-07-08,18:00,7.0,23.13,10.0,48.21,VitalCore
B0DCP2BQBP,VitalCore Vegan Omega 3,Aneesh,Srikara,2025-07-08,20:00,8.0,27.96,10.0,48.21,VitalCore
B0DCP2BQBP,VitalCore Vegan Omega 3,Aneesh,Srikara,2025-07-09,12:30,0.0,1.2,10.0,48.21,VitalCore
B0DCP2BQBP,VitalCore Vegan Omega 3,Aneesh,Srikara,2025-07-09,16:00,2.0,1.72,10.0,48.21,VitalCore
B09BD66HPL,VitalCore Turmeric Gummies 2100mg 90 Gummies,Twinkle,Srikara,2025-07-08,12:00,0.0,1.99,8.0,19.04,VitalCore
B09BD66HPL,VitalCore Turmeric Gummies 2100mg 90 Gummies,Twinkle,Srikara,2025-07-08,16:00,0.0,1.99,8.0,19.04,VitalCore
B09BD66HPL,VitalCore Turmeric Gummies 2100mg 90 Gummies,Twinkle,Srikara,2025-07-08,18:00,1.0,6.55,8.0,19.04,VitalCore
B09BD66HPL,VitalCore Turmeric Gummies 2100mg 90 Gummies,Twinkle,Srikara,2025-07-08,20:00,1.0,7.05,8.0,19.04,VitalCore
B09BD66HPL,VitalCore Turmeric Gummies 2100mg 90 Gummies,Twinkle,Srikara,2025-07-09,12:30,0.0,2.45,8.0,19.04,VitalCore
B09BD66HPL,VitalCore Turmeric Gummies 2100mg 90 Gummies,Twinkle,Srikara,2025-07-09,16:00,2.0,5.29,8.0,19.04,VitalCore
B0CWLN5S1N,VitalCore | Purified Shilajit Resin 50g Resin,Twinkle,Srikara,2025-07-08,12:00,1.0,0.0,7.0,13.72,VitalCore
B0CWLN5S1N,VitalCore | Purified Shilajit Resin 50g Resin,Twinkle,Srikara,2025-07-08,16:00,2.0,0.55,7.0,13.72,VitalCore
B0CWLN5S1N,VitalCore | Purified Shilajit Resin 50g Resin,Twinkle,Srikara,2025-07-08,18:00,2.0,0.55,7.0,13.72,VitalCore
B0CWLN5S1N,VitalCore | Purified Shilajit Resin 50g Resin,Twinkle,Srikara,2025-07-08,20:00,2.0,2.5,7.0,13.72,VitalCore
B0CWLN5S1N,VitalCore | Purified Shilajit Resin 50g Resin,Twinkle,Srikara,2025-07-09,12:30,0.0,0.0,7.0,13.72,VitalCore
B0CWLN5S1N,VitalCore | Purified Shilajit Resin 50g Resin,Twinkle,Srikara,2025-07-09,16:00,2.0,1.98,7.0,13.72,VitalCore
B0DBQ2ZWVB,VitalCore Alpha Lipoic Acid,Aneesh,Srikara,2025-07-08,12:00,1.0,5.19,4.0,18.49,VitalCore
B0DBQ2ZWVB,VitalCore Alpha Lipoic Acid,Aneesh,Srikara,2025-07-08,16:00,2.0,7.76,4.0,18.49,VitalCore
B0DBQ2ZWVB,VitalCore Alpha Lipoic Acid,Aneesh,Srikara,2025-07-08,18:00,2.0,10.28,4.0,18.49,VitalCore
B0DBQ2ZWVB,VitalCore Alpha Lipoic Acid,Aneesh,Srikara,2025-07-08,20:00,2.0,10.28,4.0,18.49,VitalCore
B0DBQ2ZWVB,VitalCore Alpha Lipoic Acid,Aneesh,Srikara,2025-07-09,12:30,0.0,2.77,4.0,18.49,VitalCore
B0DBQ2ZWVB,VitalCore Alpha Lipoic Acid,Aneesh,Srikara,2025-07-09,16:00,2.0,8.73,4.0,18.49,VitalCore
B0B1QQYKX5,VitalCore Zinc Citrate 25mg 90 Gummies,Twinkle,Syed,2025-07-08,12:00,0.0,0.0,2.0,11.65,VitalCore
B0B1QQYKX5,VitalCore Zinc Citrate 25mg 90 Gummies,Twinkle,Syed,2025-07-08,16:00,0.0,0.91,2.0,11.65,VitalCore
B0B1QQYKX5,VitalCore Zinc Citrate 25mg 90 Gummies,Twinkle,Syed,2025-07-08,18:00,0.0,0.91,2.0,11.65,VitalCore
B0B1QQYKX5,VitalCore Zinc Citrate 25mg 90 Gummies,Twinkle,Syed,2025-07-08,20:00,1.0,3.16,2.0,11.65,VitalCore
B0B1QQYKX5,VitalCore Zinc Citrate 25mg 90 Gummies,Twinkle,Syed,2025-07-09,12:30,0.0,1.65,2.0,11.65,VitalCore
B0B1QQYKX5,VitalCore Zinc Citrate 25mg 90 Gummies,Twinkle,Syed,2025-07-09,16:00,2.0,2.85,2.0,11.65,VitalCore
B0B252QTL4,Medora Kurkuma Extract | DE 500mg 180 Capsules,Twinkle,Srikara,2025-07-08,12:00,2.0,2.86,8.0,15.79,Medora
B0B252QTL4,Medora Kurkuma Extract | DE 500mg 180 Capsules,Twinkle,Srikara,2025-07-08,16:00,2.0,9.85,8.0,15.79,Medora
B0B252QTL4,Medora Kurkuma Extract | DE 500mg 180 Capsules,Twinkle,Srikara,2025-07-08,18:00,3.0,12.19,8.0,15.79,Medora
B0B252QTL4,Medora Kurkuma Extract | DE 500mg 180 Capsules,Twinkle,Srikara,2025-07-08,20:00,3.0,12.19,8.0,15.79,Medora
B0B252QTL4,Medora Kurkuma Extract | DE 500mg 180 Capsules,Twinkle,Srikara,2025-07-09,12:30,0.0,4.02,8.0,15.79,Medora
B0B252QTL4,Medora Kurkuma Extract | DE 500mg 180 Capsules,Twinkle,Srikara,2025-07-09,16:00,2.0,7.65,8.0,15.79,Medora
B089QHX5PH,VitalCore Odourless Garlic Oil 15000mg 180 Softgel,Aneesh,Sourabh,2025-07-08,12:00,0.0,0.0,4.0,2.28,VitalCore
B089QHX5PH,VitalCore Odourless Garlic Oil 15000mg 180 Softgel,Aneesh,Sourabh,2025-07-08,16:00,3.0,1.28,4.0,2.28,VitalCore
B089QHX5PH,VitalCore Odourless Garlic Oil 15000mg 180 Softgel,Aneesh,Sourabh,2025-07-08,18:00,3.0,1.28,4.0,2.28,VitalCore
B089QHX5PH,VitalCore Odourless Garlic Oil 15000mg 180 Softgel,Aneesh,Sourabh,2025-07-08,20:00,3.0,1.28,4.0,2.28,VitalCore
B089QHX5PH,VitalCore Odourless Garlic Oil 15000mg 180 Softgel,Aneesh,Sourabh,2025-07-09,12:30,0.0,4.03,4.0,2.28,VitalCore
B089QHX5PH,VitalCore Odourless Garlic Oil 15000mg 180 Softgel,Aneesh,Sourabh,2025-07-09,16:00,2.0,5.27,4.0,2.28,VitalCore
B0B6Q6PN1M,VitalCore Vitamin K2 (MK-7) 200mcg 400 Tablet,Twinkle,Akshay,2025-07-08,12:00,1.0,10.02,14.0,51.94,VitalCore
B0B6Q6PN1M,VitalCore Vitamin K2 (MK-7) 200mcg 400 Tablet,Twinkle,Akshay,2025-07-08,16:00,3.0,15.47,14.0,51.94,VitalCore
B0B6Q6PN1M,VitalCore Vitamin K2 (MK-7) 200mcg 400 Tablet,Twinkle,Akshay,2025-07-08,18:00,4.0,15.47,14.0,51.94,VitalCore
B0B6Q6PN1M,VitalCore Vitamin K2 (MK-7) 200mcg 400 Tablet,Twinkle,Akshay,2025-07-08,20:00,9.0,24.48,14.0,51.94,VitalCore
B0B6Q6PN1M,VitalCore Vitamin K2 (MK-7) 200mcg 400 Tablet,Twinkle,Akshay,2025-07-09,12:30,1.0,4.08,14.0,51.94,VitalCore
B0B6Q6PN1M,VitalCore Vitamin K2 (MK-7) 200mcg 400 Tablet,Twinkle,Akshay,2025-07-09,16:00,1.0,10.02,14.0,51.94,VitalCore
B07KC93HR1,VitalCore Flaxseed Oil 1000mg 180 Softgel,Aneesh,Sourabh,2025-07-08,12:00,0.0,0.0,4.0,25.22,VitalCore
B07KC93HR1,VitalCore Flaxseed Oil 1000mg 180 Softgel,Aneesh,Sourabh,2025-07-08,16:00,2.0,3.72,4.0,25.22,VitalCore
B07KC93HR1,VitalCore Flaxseed Oil 1000mg 180 Softgel,Aneesh,Sourabh,2025-07-08,18:00,2.0,6.1,4.0,25.22,VitalCore
B07KC93HR1,VitalCore Flaxseed Oil 1000mg 180 Softgel,Aneesh,Sourabh,2025-07-08,20:00,2.0,8.77,4.0,25.22,VitalCore
B07KC93HR1,VitalCore Flaxseed Oil 1000mg 180 Softgel,Aneesh,Sourabh,2025-07-09,12:30,1.0,2.68,4.0,25.22,VitalCore
B07KC93HR1,VitalCore Flaxseed Oil 1000mg 180 Softgel,Aneesh,Sourabh,2025-07-09,16:00,1.0,7.31,4.0,25.22,VitalCore
B07GX25G81,PawVista Allergy Aid for dogs 120 Soft Chews (Upgraded),Shirley,Srikara,2025-07-08,12:00,1.0,1.3,7.0,24.54,PawVista
B07GX25G81,PawVista Allergy Aid for dogs 120 Soft Chews (Upgraded),Shirley,Srikara,2025-07-08,16:00,3.0,7.26,7.0,24.54,PawVista
B07GX25G81,PawVista Allergy Aid for dogs 120 Soft Chews (Upgraded),Shirley,Srikara,2025-07-08,18:00,4.0,10.09,7.0,24.54,PawVista
B07GX25G81,PawVista Allergy Aid for dogs 120 Soft Chews (Upgraded),Shirley,Srikara,2025-07-08,20:00,5.0,14.31,7.0,24.54,PawVista
B07GX25G81,PawVista Allergy Aid for dogs 120 Soft Chews (Upgraded),Shirley,Srikara,2025-07-09,12:30,1.0,1.3,7.0,24.54,PawVista
B07GX25G81,PawVista Allergy Aid for dogs 120 Soft Chews (Upgraded),Shirley,Srikara,2025-07-09,16:00,1.0,2.82,7.0,24.54,PawVista
B081RTQ1B3,PawVista Pet's Paw and Nose 60ml Balm,Shirley,Srikara,2025-07-08,12:00,0.0,0.0,1.0,11.98,PawVista
B081RTQ1B3,PawVista Pet's Paw and Nose 60ml Balm,Shirley,Srikara,2025-07-08,16:00,0.0,1.36,1.0,11.98,PawVista
B081RTQ1B3,PawVista Pet's Paw and Nose 60ml Balm,Shirley,Srikara,2025-07-08,18:00,1.0,2.27,1.0,11.98,PawVista
B081RTQ1B3,PawVista Pet's Paw and Nose 60ml Balm,Shirley,Srikara,2025-07-08,20:00,1.0,4.99,1.0,11.98,PawVista
B081RTQ1B3,PawVista Pet's Paw and Nose 60ml Balm,Shirley,Srikara,2025-07-09,12:30,1.0,0.0,1.0,11.98,PawVista
B081RTQ1B3,PawVista Pet's Paw and Nose 60ml Balm,Shirley,Srikara,2025-07-09,16:00,1.0,0.0,1.0,11.98,PawVista
B08Q49SV5Y,VitalCore Vitamin C Gummies 200mg 120 Gummies,Tamahra,Srikara,2025-07-08,12:00,3.0,2.81,7.0,11.5,VitalCore
B08Q49SV5Y,VitalCore Vitamin C Gummies 200mg 120 Gummies,Tamahra,Srikara,2025-07-08,16:00,4.0,4.24,7.0,11.5,VitalCore
B08Q49SV5Y,VitalCore Vitamin C Gummies 200mg 120 Gummies,Tamahra,Srikara,2025-07-08,18:00,4.0,4.24,7.0,11.5,VitalCore
B08Q49SV5Y,VitalCore Vitamin C Gummies 200mg 120 Gummies,Tamahra,Srikara,2025-07-08,20:00,4.0,6.76,7.0,11.5,VitalCore
B08Q49SV5Y,VitalCore Vitamin C Gummies 200mg 120 Gummies,Tamahra,Srikara,2025-07-09,12:30,1.0,0.0,7.0,11.5,VitalCore
B08Q49SV5Y,VitalCore Vitamin C Gummies 200mg 120 Gummies,Tamahra,Srikara,2025-07-09,16:00,1.0,0.0,7.0,11.5,VitalCore
B07YQ59VCS,Medora Pure Cold Pressed Fenugreek 100ml Oil,Tamahra,Sourabh,2025-07-08,12:00,0.0,0.34,3.0,1.36,Medora
B07YQ59VCS,Medora Pure Cold Pressed Fenugreek 100ml Oil,Tamahra,Sourabh,2025-07-08,16:00,2.0,0.34,3.0,1.36,Medora
B07YQ59VCS,Medora Pure Cold Pressed Fenugreek 100ml Oil,Tamahra,Sourabh,2025-07-08,18:00,2.0,0.68,3.0,1.36,Medora
B07YQ59VCS,Medora Pure Cold Pressed Fenugreek 100ml Oil,Tamahra,Sourabh,2025-07-08,20:00,2.0,0.68,3.0,1.36,Medora
B07YQ59VCS,Medora Pure Cold Pressed Fenugreek 100ml Oil,Tamahra,Sourabh,2025-07-09,12:30,1.0,0.0,3.0,1.36,Medora
B07YQ59VCS,Medora Pure Cold Pressed Fenugreek 100ml Oil,Tamahra,Sourabh,2025-07-09,16:00,1.0,0.0,3.0,1.36,Medora
B07GXPQBK6,PawVista Digestive Support for dogs 120 Tablets,Twinkle,Amjad,2025-07-08,12:00,0.0,0.0,0.0,0.0,PawVista
B07GXPQBK6,PawVista Digestive Support for dogs 120 Tablets,Twinkle,Amjad,2025-07-08,16:00,0.0,0.0,0.0,0.0,PawVista
B07GXPQBK6,PawVista Digestive Support for dogs 120 Tablets,Twinkle,Amjad,2025-07-08,18:00,0.0,0.0,0.0,0.0,PawVista
B07GXPQBK6,PawVista Digestive Support for dogs 120 Tablets,Twinkle,Amjad,2025-07-08,20:00,0.0,0.0,0.0,0.0,PawVista
B07GXPQBK6,PawVista Digestive Support for dogs 120 Tablets,Twinkle,Amjad,2025-07-09,12:30,1.0,0.0,0.0,0.0,PawVista
B07GXPQBK6,PawVista Digestive Support for dogs 120 Tablets,Twinkle,Amjad,2025-07-09,16:00,1.0,0.0,0.0,0.0,PawVista
B0DN6HV7HN,VitalCore Liposomal Glutathion Capsules,Aneesh,Srikara,2025-07-08,12:00,1.0,8.08,8.0,78.55,VitalCore
B0DN6HV7HN,VitalCore Liposomal Glutathion Capsules,Aneesh,Srikara,2025-07-08,16:00,4.0,23.2,8.0,78.55,VitalCore
B0DN6HV7HN,VitalCore Liposomal Glutathion Capsules,Aneesh,Srikara,2025-07-08,18:00,4.0,27.7,8.0,78.55,VitalCore
B0DN6HV7HN,VitalCore Liposomal Glutathion Capsules,Aneesh,Srikara,2025-07-08,20:00,5.0,32.94,8.0,78.55,VitalCore
B0DN6HV7HN,VitalCore Liposomal Glutathion Capsules,Aneesh,Srikara,2025-07-09,12:30,0.0,5.73,8.0,78.55,VitalCore
B0DN6HV7HN,VitalCore Liposomal Glutathion Capsules,Aneesh,Srikara,2025-07-09,16:00,1.0,13.68,8.0,78.55,VitalCore
B0CW374CVT,VitalCore | Inositol 4000mg 120 Tablets,Twinkle,Akshay,2025-07-08,12:00,1.0,3.2,5.0,44.55,VitalCore
B0CW374CVT,VitalCore | Inositol 4000mg 120 Tablets,Twinkle,Akshay,2025-07-08,16:00,2.0,10.15,5.0,44.55,VitalCore
B0CW374CVT,VitalCore | Inositol 4000mg 120 Tablets,Twinkle,Akshay,2025-07-08,18:00,2.0,12.78,5.0,44.55,VitalCore
B0CW374CVT,VitalCore | Inositol 4000mg 120 Tablets,Twinkle,Akshay,2025-07-08,20:00,3.0,18.98,5.0,44.55,VitalCore
B0CW374CVT,VitalCore | Inositol 4000mg 120 Tablets,Twinkle,Akshay,2025-07-09,12:30,0.0,9.6,5.0,44.55,VitalCore
B0CW374CVT,VitalCore | Inositol 4000mg 120 Tablets,Twinkle,Akshay,2025-07-09,16:00,1.0,12.13,5.0,44.55,VitalCore
B07GXS7XS2,PawVista Multivitamin with Minerals 365 Tablets,Aneesh,Amjad,2025-07-08,12:00,0.0,0.0,4.0,27.87,PawVista
B07GXS7XS2,PawVista Multivitamin with Minerals 365 Tablets,Aneesh,Amjad,2025-07-08,16:00,1.0,6.36,4.0,27.87,PawVista
B07GXS7XS2,PawVista Multivitamin with Minerals 365 Tablets,Aneesh,Amjad,2025-07-08,18:00,1.0,9.68,4.0,27.87,PawVista
B07GXS7XS2,PawVista Multivitamin with Minerals 365 Tablets,Aneesh,Amjad,2025-07-08,20:00,2.0,10.03,4.0,27.87,PawVista
B07GXS7XS2,PawVista Multivitamin with Minerals 365 Tablets,Aneesh,Amjad,2025-07-09,12:30,0.0,1.51,4.0,27.87,PawVista
B07GXS7XS2,PawVista Multivitamin with Minerals 365 Tablets,Aneesh,Amjad,2025-07-09,16:00,1.0,1.51,4.0,27.87,PawVista
B00HSJLATQ,VitalCore Raspberry Ketone Pure 1200mg 180 Capsules,Tamahra,Akshay,2025-07-08,12:00,0.0,0.93,5.0,24.39,VitalCore
B00HSJLATQ,VitalCore Raspberry Ketone Pure 1200mg 180 Capsules,Tamahra,Akshay,2025-07-08,16:00,2.0,3.63,5.0,24.39,VitalCore
B00HSJLATQ,VitalCore Raspberry Ketone Pure 1200mg 180 Capsules,Tamahra,Akshay,2025-07-08,18:00,2.0,8.06,5.0,24.39,VitalCore
B00HSJLATQ,VitalCore Raspberry Ketone Pure 1200mg 180 Capsules,Tamahra,Akshay,2025-07-08,20:00,2.0,8.6,5.0,24.39,VitalCore
B00HSJLATQ,VitalCore Raspberry Ketone Pure 1200mg 180 Capsules,Tamahra,Akshay,2025-07-09,12:30,0.0,3.03,5.0,24.39,VitalCore
B00HSJLATQ,VitalCore Raspberry Ketone Pure 1200mg 180 Capsules,Tamahra,Akshay,2025-07-09,16:00,1.0,4.42,5.0,24.39,VitalCore
B07MBPZXXV,Biotin Gummies,Twinkle,Syed,2025-07-08,12:00,0.0,4.98,5.0,37.97,Other
B07MBPZXXV,Biotin Gummies,Twinkle,Syed,2025-07-08,16:00,0.0,16.88,5.0,37.97,Other
B07MBPZXXV,Biotin Gummies,Twinkle,Syed,2025-07-08,18:00,1.0,16.88,5.0,37.97,Other
B07MBPZXXV,Biotin Gummies,Twinkle,Syed,2025-07-08,20:00,2.0,16.88,5.0,37.97,Other
B07MBPZXXV,Biotin Gummies,Twinkle,Syed,2025-07-09,12:30,0.0,0.0,5.0,37.97,Other
B07MBPZXXV,Biotin Gummies,Twinkle,Syed,2025-07-09,16:00,1.0,1.16,5.0,37.97,Other
B07GXLY554,PawVista Ear Cleaner for Dogs & Cats 250ml Liquid,Shirley,Srikara,2025-07-08,12:00,1.0,1.42,13.0,29.4,PawVista
B07GXLY554,PawVista Ear Cleaner for Dogs & Cats 250ml Liquid,Shirley,Srikara,2025-07-08,16:00,5.0,16.16,13.0,29.4,PawVista
B07GXLY554,PawVista Ear Cleaner for Dogs & Cats 250ml Liquid,Shirley,Srikara,2025-07-08,18:00,5.0,16.16,13.0,29.4,PawVista
B07GXLY554,PawVista Ear Cleaner for Dogs & Cats 250ml Liquid,Shirley,Srikara,2025-07-08,20:00,7.0,18.32,13.0,29.4,PawVista
B07GXLY554,PawVista Ear Cleaner for Dogs & Cats 250ml Liquid,Shirley,Srikara,2025-07-09,12:30,0.0,0.0,13.0,29.4,PawVista
B07GXLY554,PawVista Ear Cleaner for Dogs & Cats 250ml Liquid,Shirley,Srikara,2025-07-09,16:00,1.0,2.8,13.0,29.4,PawVista
B09444JHW7,VitalCore BCAA 2000mg 180 Tablets,Twinkle,Akshay,2025-07-08,12:00,0.0,1.75,5.0,19.04,VitalCore
B09444JHW7,VitalCore BCAA 2000mg 180 Tablets,Twinkle,Akshay,2025-07-08,16:00,1.0,8.06,5.0,19.04,VitalCore
B09444JHW7,VitalCore BCAA 2000mg 180 Tablets,Twinkle,Akshay,2025-07-08,18:00,1.0,8.06,5.0,19.04,VitalCore
B09444JHW7,VitalCore BCAA 2000mg 180 Tablets,Twinkle,Akshay,2025-07-08,20:00,3.0,9.22,5.0,19.04,VitalCore
B09444JHW7,VitalCore BCAA 2000mg 180 Tablets,Twinkle,Akshay,2025-07-09,12:30,0.0,1.07,5.0,19.04,VitalCore
B09444JHW7,VitalCore BCAA 2000mg 180 Tablets,Twinkle,Akshay,2025-07-09,16:00,1.0,1.44,5.0,19.04,VitalCore
B08KRNGDTR,PawVista Itch Relief 250ml Liquid,Shirley,Srikara,2025-07-08,12:00,0.0,1.01,6.0,14.69,PawVista
B08KRNGDTR,PawVista Itch Relief 250ml Liquid,Shirley,Srikara,2025-07-08,16:00,1.0,2.75,6.0,14.69,PawVista
B08KRNGDTR,PawVista Itch Relief 250ml Liquid,Shirley,Srikara,2025-07-08,18:00,1.0,4.88,6.0,14.69,PawVista
B08KRNGDTR,PawVista Itch Relief 250ml Liquid,Shirley,Srikara,2025-07-08,20:00,3.0,4.88,6.0,14.69,PawVista
B08KRNGDTR,PawVista Itch Relief 250ml Liquid,Shirley,Srikara,2025-07-09,12:30,0.0,1.01,6.0,14.69,PawVista
B08KRNGDTR,PawVista Itch Relief 250ml Liquid,Shirley,Srikara,2025-07-09,16:00,1.0,2.21,6.0,14.69,PawVista
B0CWLLPHQF,VitalCore | Boswellia Serrata 400mg 180 Capsules,Twinkle,Syed,2025-07-08,12:00,1.0,0.0,7.0,30.45,VitalCore
B0CWLLPHQF,VitalCore | Boswellia Serrata 400mg 180 Capsules,Twinkle,Syed,2025-07-08,16:00,2.0,9.88,7.0,30.45,VitalCore
B0CWLLPHQF,VitalCore | Boswellia Serrata 400mg 180 Capsules,Twinkle,Syed,2025-07-08,18:00,2.0,9.88,7.0,30.45,VitalCore
B0CWLLPHQF,VitalCore | Boswellia Serrata 400mg 180 Capsules,Twinkle,Syed,2025-07-08,20:00,2.0,16.46,7.0,30.45,VitalCore
B0CWLLPHQF,VitalCore | Boswellia Serrata 400mg 180 Capsules,Twinkle,Syed,2025-07-09,12:30,0.0,7.38,7.0,30.45,VitalCore
B0CWLLPHQF,VitalCore | Boswellia Serrata 400mg 180 Capsules,Twinkle,Syed,2025-07-09,16:00,1.0,13.13,7.0,30.45,VitalCore
B008I0L5MQ,VitalCore Raspberry Ketone Plus 180 Capsules,Tamahra,Akshay,2025-07-08,12:00,1.0,0.0,4.0,17.66,VitalCore
B008I0L5MQ,VitalCore Raspberry Ketone Plus 180 Capsules,Tamahra,Akshay,2025-07-08,16:00,3.0,1.5,4.0,17.66,VitalCore
B008I0L5MQ,VitalCore Raspberry Ketone Plus 180 Capsules,Tamahra,Akshay,2025-07-08,18:00,3.0,5.79,4.0,17.66,VitalCore
B008I0L5MQ,VitalCore Raspberry Ketone Plus 180 Capsules,Tamahra,Akshay,2025-07-08,20:00,4.0,9.14,4.0,17.66,VitalCore
B008I0L5MQ,VitalCore Raspberry Ketone Plus 180 Capsules,Tamahra,Akshay,2025-07-09,12:30,0.0,0.8,4.0,17.66,VitalCore
B008I0L5MQ,VitalCore Raspberry Ketone Plus 180 Capsules,Tamahra,Akshay,2025-07-09,16:00,1.0,3.33,4.0,17.66,VitalCore
B08BWSTJBR,VitalCore Apple Cider Vinegar 1000mg 90 Gummies,Aneesh,Syed,2025-07-08,12:00,1.0,0.0,6.0,14.61,VitalCore
B08BWSTJBR,VitalCore Apple Cider Vinegar 1000mg 90 Gummies,Aneesh,Syed,2025-07-08,16:00,2.0,1.76,6.0,14.61,VitalCore
B08BWSTJBR,VitalCore Apple Cider Vinegar 1000mg 90 Gummies,Aneesh,Syed,2025-07-08,18:00,2.0,4.55,6.0,14.61,VitalCore
B08BWSTJBR,VitalCore Apple Cider Vinegar 1000mg 90 Gummies,Aneesh,Syed,2025-07-08,20:00,2.0,5.25,6.0,14.61,VitalCore
B08BWSTJBR,VitalCore Apple Cider Vinegar 1000mg 90 Gummies,Aneesh,Syed,2025-07-09,12:30,0.0,6.81,6.0,14.61,VitalCore
B08BWSTJBR,VitalCore Apple Cider Vinegar 1000mg 90 Gummies,Aneesh,Syed,2025-07-09,16:00,1.0,8.57,6.0,14.61,VitalCore
B08K997YCF,PawVista Coprophagia for Dogs 120 Tablets,Aneesh,Amjad,2025-07-08,12:00,0.0,1.42,3.0,10.64,PawVista
B08K997YCF,PawVista Coprophagia for Dogs 120 Tablets,Aneesh,Amjad,2025-07-08,16:00,0.0,1.42,3.0,10.64,PawVista
B08K997YCF,PawVista Coprophagia for Dogs 120 Tablets,Aneesh,Amjad,2025-07-08,18:00,1.0,1.42,3.0,10.64,PawVista
B08K997YCF,PawVista Coprophagia for Dogs 120 Tablets,Aneesh,Amjad,2025-07-08,20:00,1.0,3.2,3.0,10.64,PawVista
B08K997YCF,PawVista Coprophagia for Dogs 120 Tablets,Aneesh,Amjad,2025-07-09,12:30,0.0,2.84,3.0,10.64,PawVista
B08K997YCF,PawVista Coprophagia for Dogs 120 Tablets,Aneesh,Amjad,2025-07-09,16:00,1.0,3.74,3.0,10.64,PawVista
B0B1QR7DWZ,VitalCore Magnesium Citrate 125mg 90 Gummies,Shirley,Srikara,2025-07-08,12:00,1.0,0.84,10.0,20.41,VitalCore
B0B1QR7DWZ,VitalCore Magnesium Citrate 125mg 90 Gummies,Shirley,Srikara,2025-07-08,16:00,2.0,9.22,10.0,20.41,VitalCore
B0B1QR7DWZ,VitalCore Magnesium Citrate 125mg 90 Gummies,Shirley,Srikara,2025-07-08,18:00,4.0,11.68,10.0,20.41,VitalCore
B0B1QR7DWZ,VitalCore Magnesium Citrate 125mg 90 Gummies,Shirley,Srikara,2025-07-08,20:00,4.0,13.74,10.0,20.41,VitalCore
B0B1QR7DWZ,VitalCore Magnesium Citrate 125mg 90 Gummies,Shirley,Srikara,2025-07-09,12:30,0.0,2.71,10.0,20.41,VitalCore
B0B1QR7DWZ,VitalCore Magnesium Citrate 125mg 90 Gummies,Shirley,Srikara,2025-07-09,16:00,1.0,11.05,10.0,20.41,VitalCore
B089QGLQHK,VitalCore Montmorency Cherry 6000mg 180 Capsules,Tamahra,Akshay,2025-07-08,12:00,0.0,1.61,1.0,10.48,VitalCore
B089QGLQHK,VitalCore Montmorency Cherry 6000mg 180 Capsules,Tamahra,Akshay,2025-07-08,16:00,1.0,3.4,1.0,10.48,VitalCore
B089QGLQHK,VitalCore Montmorency Cherry 6000mg 180 Capsules,Tamahra,Akshay,2025-07-08,18:00,1.0,3.4,1.0,10.48,VitalCore
B089QGLQHK,VitalCore Montmorency Cherry 6000mg 180 Capsules,Tamahra,Akshay,2025-07-08,20:00,1.0,4.52,1.0,10.48,VitalCore
B089QGLQHK,VitalCore Montmorency Cherry 6000mg 180 Capsules,Tamahra,Akshay,2025-07-09,12:30,0.0,0.72,1.0,10.48,VitalCore
B089QGLQHK,VitalCore Montmorency Cherry 6000mg 180 Capsules,Tamahra,Akshay,2025-07-09,16:00,1.0,2.28,1.0,10.48,VitalCore
B01MTQVUQQ,VitalCore Pure Guarana 4800mg 180 Capsules,Twinkle,Syed,2025-07-08,12:00,0.0,0.0,5.0,9.53,VitalCore
B01MTQVUQQ,VitalCore Pure Guarana 4800mg 180 Capsules,Twinkle,Syed,2025-07-08,16:00,0.0,1.92,5.0,9.53,VitalCore
B01MTQVUQQ,VitalCore Pure Guarana 4800mg 180 Capsules,Twinkle,Syed,2025-07-08,18:00,0.0,2.44,5.0,9.53,VitalCore
B01MTQVUQQ,VitalCore Pure Guarana 4800mg 180 Capsules,Twinkle,Syed,2025-07-08,20:00,2.0,2.44,5.0,9.53,VitalCore
B01MTQVUQQ,VitalCore Pure Guarana 4800mg 180 Capsules,Twinkle,Syed,2025-07-09,12:30,0.0,0.0,5.0,9.53,VitalCore
B01MTQVUQQ,VitalCore Pure Guarana 4800mg 180 Capsules,Twinkle,Syed,2025-07-09,16:00,1.0,0.0,5.0,9.53,VitalCore
B09CCL39DV,VitalCore Hemp Oil 1900 mg 60ml Oil,Tamahra,Syed,2025-07-08,12:00,1.0,0.98,6.0,13.63,VitalCore
B09CCL39DV,VitalCore Hemp Oil 1900 mg 60ml Oil,Tamahra,Syed,2025-07-08,16:00,5.0,6.02,6.0,13.63,VitalCore
B09CCL39DV,VitalCore Hemp Oil 1900 mg 60ml Oil,Tamahra,Syed,2025-07-08,18:00,6.0,6.56,6.0,13.63,VitalCore
B09CCL39DV,VitalCore Hemp Oil 1900 mg 60ml Oil,Tamahra,Syed,2025-07-08,20:00,6.0,6.56,6.0,13.63,VitalCore
B09CCL39DV,VitalCore Hemp Oil 1900 mg 60ml Oil,Tamahra,Syed,2025-07-09,12:30,0.0,2.19,6.0,13.63,VitalCore
B09CCL39DV,VitalCore Hemp Oil 1900 mg 60ml Oil,Tamahra,Syed,2025-07-09,16:00,1.0,4.06,6.0,13.63,VitalCore
B0767D9FJF,Medora Candida Support 180 Capsules,Twinkle,Syed,2025-07-08,12:00,1.0,0.28,6.0,10.89,Medora
B0767D9FJF,Medora Candida Support 180 Capsules,Twinkle,Syed,2025-07-08,16:00,2.0,3.18,6.0,10.89,Medora
B0767D9FJF,Medora Candida Support 180 Capsules,Twinkle,Syed,2025-07-08,18:00,2.0,3.5,6.0,10.89,Medora
B0767D9FJF,Medora Candida Support 180 Capsules,Twinkle,Syed,2025-07-08,20:00,2.0,6.12,6.0,10.89,Medora
B0767D9FJF,Medora Candida Support 180 Capsules,Twinkle,Syed,2025-07-09,12:30,0.0,0.0,6.0,10.89,Medora
B0767D9FJF,Medora Candida Support 180 Capsules,Twinkle,Syed,2025-07-09,16:00,1.0,2.64,6.0,10.89,Medora
B08ZCFTLR7,VitalCore Detox Foot Pads 30 Patches,Twinkle,Akshay,2025-07-08,12:00,1.0,0.6,2.0,4.24,VitalCore
B08ZCFTLR7,VitalCore Detox Foot Pads 30 Patches,Twinkle,Akshay,2025-07-08,16:00,1.0,1.7,2.0,4.24,VitalCore
B08ZCFTLR7,VitalCore Detox Foot Pads 30 Patches,Twinkle,Akshay,2025-07-08,18:00,1.0,2.4,2.0,4.24,VitalCore
B08ZCFTLR7,VitalCore Detox Foot Pads 30 Patches,Twinkle,Akshay,2025-07-08,20:00,1.0,2.4,2.0,4.24,VitalCore
B08ZCFTLR7,VitalCore Detox Foot Pads 30 Patches,Twinkle,Akshay,2025-07-09,12:30,0.0,1.19,2.0,4.24,VitalCore
B08ZCFTLR7,VitalCore Detox Foot Pads 30 Patches,Twinkle,Akshay,2025-07-09,16:00,1.0,2.69,2.0,4.24,VitalCore
B07HB3ZS79,PawVista Denti-CarePowder180gPowder,Twinkle,Amjad,2025-07-08,12:00,0.0,0.0,0.0,0.84,PawVista
B07HB3ZS79,PawVista Denti-CarePowder180gPowder,Twinkle,Amjad,2025-07-08,16:00,0.0,0.84,0.0,0.84,PawVista
B07HB3ZS79,PawVista Denti-CarePowder180gPowder,Twinkle,Amjad,2025-07-08,18:00,0.0,0.84,0.0,0.84,PawVista
B07HB3ZS79,PawVista Denti-CarePowder180gPowder,Twinkle,Amjad,2025-07-08,20:00,0.0,0.84,0.0,0.84,PawVista
B07HB3ZS79,PawVista Denti-CarePowder180gPowder,Twinkle,Amjad,2025-07-09,12:30,1.0,0.0,0.0,0.84,PawVista
B07HB3ZS79,PawVista Denti-CarePowder180gPowder,Twinkle,Amjad,2025-07-09,16:00,0.0,0.0,0.0,0.84,PawVista
B01N5FSCHQ,VitalCore CIRCULATOR Device,Aneesh,Srikara,2025-07-08,12:00,0.0,7.53,10.0,97.6,VitalCore
B01N5FSCHQ,VitalCore CIRCULATOR Device,Aneesh,Srikara,2025-07-08,16:00,0.0,19.84,10.0,97.6,VitalCore
B01N5FSCHQ,VitalCore CIRCULATOR Device,Aneesh,Srikara,2025-07-08,18:00,1.0,26.43,10.0,97.6,VitalCore
B01N5FSCHQ,VitalCore CIRCULATOR Device,Aneesh,Srikara,2025-07-08,20:00,4.0,31.27,10.0,97.6,VitalCore
B01N5FSCHQ,VitalCore CIRCULATOR Device,Aneesh,Srikara,2025-07-09,12:30,0.0,3.55,10.0,97.6,VitalCore
B01N5FSCHQ,VitalCore CIRCULATOR Device,Aneesh,Srikara,2025-07-09,16:00,0.0,12.41,10.0,97.6,VitalCore
B07PDFXWCD,VitalCore Krill Oil 1000mg 120 Softgels,Tamahra,Syed,2025-07-08,12:00,0.0,0.0,2.0,7.36,VitalCore
B07PDFXWCD,VitalCore Krill Oil 1000mg 120 Softgels,Tamahra,Syed,2025-07-08,16:00,0.0,1.75,2.0,7.36,VitalCore
B07PDFXWCD,VitalCore Krill Oil 1000mg 120 Softgels,Tamahra,Syed,2025-07-08,18:00,0.0,1.75,2.0,7.36,VitalCore
B07PDFXWCD,VitalCore Krill Oil 1000mg 120 Softgels,Tamahra,Syed,2025-07-08,20:00,0.0,1.75,2.0,7.36,VitalCore
B07PDFXWCD,VitalCore Krill Oil 1000mg 120 Softgels,Tamahra,Syed,2025-07-09,12:30,0.0,0.0,2.0,7.36,VitalCore
B07PDFXWCD,VitalCore Krill Oil 1000mg 120 Softgels,Tamahra,Syed,2025-07-09,16:00,0.0,0.0,2.0,7.36,VitalCore
B093SND46D,VitalCore Choline Bitartrate 700mg 180 Capsules,Twinkle,Syed,2025-07-08,12:00,0.0,0.54,0.0,0.54,VitalCore
B093SND46D,VitalCore Choline Bitartrate 700mg 180 Capsules,Twinkle,Syed,2025-07-08,16:00,0.0,0.54,0.0,0.54,VitalCore
B093SND46D,VitalCore Choline Bitartrate 700mg 180 Capsules,Twinkle,Syed,2025-07-08,18:00,0.0,0.54,0.0,0.54,VitalCore
B093SND46D,VitalCore Choline Bitartrate 700mg 180 Capsules,Twinkle,Syed,2025-07-08,20:00,0.0,0.54,0.0,0.54,VitalCore
B093SND46D,VitalCore Choline Bitartrate 700mg 180 Capsules,Twinkle,Syed,2025-07-09,12:30,0.0,0.0,0.0,0.54,VitalCore
B093SND46D,VitalCore Choline Bitartrate 700mg 180 Capsules,Twinkle,Syed,2025-07-09,16:00,0.0,0.0,0.0,0.54,VitalCore
B0D8L2Y7CG,VitalCore Bromelain 650 mg 180 Capsules,Twinkle,Srikara,2025-07-08,12:00,0.0,1.21,3.0,30.4,VitalCore
B0D8L2Y7CG,VitalCore Bromelain 650 mg 180 Capsules,Twinkle,Srikara,2025-07-08,16:00,0.0,6.78,3.0,30.4,VitalCore
B0D8L2Y7CG,VitalCore Bromelain 650 mg 180 Capsules,Twinkle,Srikara,2025-07-08,18:00,0.0,10.06,3.0,30.4,VitalCore
B0D8L2Y7CG,VitalCore Bromelain 650 mg 180 Capsules,Twinkle,Srikara,2025-07-08,20:00,1.0,10.06,3.0,30.4,VitalCore
B0D8L2Y7CG,VitalCore Bromelain 650 mg 180 Capsules,Twinkle,Srikara,2025-07-09,12:30,0.0,1.75,3.0,30.4,VitalCore
B0D8L2Y7CG,VitalCore Bromelain 650 mg 180 Capsules,Twinkle,Srikara,2025-07-09,16:00,0.0,6.61,3.0,30.4,VitalCore
B0BF5KDPQC,VitalCore Quercetin 500mg 180 Capsule,Tamahra,Akshay,2025-07-08,12:00,0.0,5.46,5.0,32.01,VitalCore
B0BF5KDPQC,VitalCore Quercetin 500mg 180 Capsule,Tamahra,Akshay,2025-07-08,16:00,1.0,12.51,5.0,32.01,VitalCore
B0BF5KDPQC,VitalCore Quercetin 500mg 180 Capsule,Tamahra,Akshay,2025-07-08,18:00,1.0,12.51,5.0,32.01,VitalCore
B0BF5KDPQC,VitalCore Quercetin 500mg 180 Capsule,Tamahra,Akshay,2025-07-08,20:00,1.0,13.74,5.0,32.01,VitalCore
B0BF5KDPQC,VitalCore Quercetin 500mg 180 Capsule,Tamahra,Akshay,2025-07-09,12:30,0.0,5.0,5.0,32.01,VitalCore
B0BF5KDPQC,VitalCore Quercetin 500mg 180 Capsule,Tamahra,Akshay,2025-07-09,16:00,0.0,9.2,5.0,32.01,VitalCore
B091L12RBL,VitalCore Organic Spirulina & Chlorella 1500mg 180 Capsules,Twinkle,Sourabh,2025-07-08,12:00,1.0,3.15,9.0,38.39,VitalCore
B091L12RBL,VitalCore Organic Spirulina & Chlorella 1500mg 180 Capsules,Twinkle,Sourabh,2025-07-08,16:00,6.0,15.37,9.0,38.39,VitalCore
B091L12RBL,VitalCore Organic Spirulina & Chlorella 1500mg 180 Capsules,Twinkle,Sourabh,2025-07-08,18:00,7.0,20.2,9.0,38.39,VitalCore
B091L12RBL,VitalCore Organic Spirulina & Chlorella 1500mg 180 Capsules,Twinkle,Sourabh,2025-07-08,20:00,7.0,21.24,9.0,38.39,VitalCore
B091L12RBL,VitalCore Organic Spirulina & Chlorella 1500mg 180 Capsules,Twinkle,Sourabh,2025-07-09,12:30,0.0,0.0,9.0,38.39,VitalCore
B091L12RBL,VitalCore Organic Spirulina & Chlorella 1500mg 180 Capsules,Twinkle,Sourabh,2025-07-09,16:00,0.0,3.4,9.0,38.39,VitalCore
B0CSKBLHCB,VitalCore | Multivitamin and Minerals 90 Gummies for Men,Aneesh,Sourabh,2025-07-08,12:00,0.0,0.78,2.0,16.07,VitalCore
B0CSKBLHCB,VitalCore | Multivitamin and Minerals 90 Gummies for Men,Aneesh,Sourabh,2025-07-08,16:00,0.0,0.78,2.0,16.07,VitalCore
B0CSKBLHCB,VitalCore | Multivitamin and Minerals 90 Gummies for Men,Aneesh,Sourabh,2025-07-08,18:00,1.0,0.78,2.0,16.07,VitalCore
B0CSKBLHCB,VitalCore | Multivitamin and Minerals 90 Gummies for Men,Aneesh,Sourabh,2025-07-08,20:00,1.0,3.63,2.0,16.07,VitalCore
B0CSKBLHCB,VitalCore | Multivitamin and Minerals 90 Gummies for Men,Aneesh,Sourabh,2025-07-09,12:30,0.0,0.98,2.0,16.07,VitalCore
B0CSKBLHCB,VitalCore | Multivitamin and Minerals 90 Gummies for Men,Aneesh,Sourabh,2025-07-09,16:00,0.0,2.05,2.0,16.07,VitalCore
B0CSK9ZG34,VitalCore | Multivitamin and Minerals 90 Gummies for Women,Aneesh,Sourabh,2025-07-08,12:00,0.0,1.1,5.0,14.75,VitalCore
B0CSK9ZG34,VitalCore | Multivitamin and Minerals 90 Gummies for Women,Aneesh,Sourabh,2025-07-08,16:00,0.0,1.1,5.0,14.75,VitalCore
B0CSK9ZG34,VitalCore | Multivitamin and Minerals 90 Gummies for Women,Aneesh,Sourabh,2025-07-08,18:00,1.0,3.71,5.0,14.75,VitalCore
B0CSK9ZG34,VitalCore | Multivitamin and Minerals 90 Gummies for Women,Aneesh,Sourabh,2025-07-08,20:00,2.0,4.21,5.0,14.75,VitalCore
B0CSK9ZG34,VitalCore | Multivitamin and Minerals 90 Gummies for Women,Aneesh,Sourabh,2025-07-09,12:30,0.0,0.0,5.0,14.75,VitalCore
B0CSK9ZG34,VitalCore | Multivitamin and Minerals 90 Gummies for Women,Aneesh,Sourabh,2025-07-09,16:00,0.0,1.28,5.0,14.75,VitalCore
B0CB4M926G,VitalCore L-Arginine 1000mg 180 Tablets,Twinkle,Syed,2025-07-08,12:00,0.0,0.0,3.0,23.75,VitalCore
B0CB4M926G,VitalCore L-Arginine 1000mg 180 Tablets,Twinkle,Syed,2025-07-08,16:00,1.0,6.25,3.0,23.75,VitalCore
B0CB4M926G,VitalCore L-Arginine 1000mg 180 Tablets,Twinkle,Syed,2025-07-08,18:00,1.0,8.0,3.0,23.75,VitalCore
B0CB4M926G,VitalCore L-Arginine 1000mg 180 Tablets,Twinkle,Syed,2025-07-08,20:00,1.0,9.75,3.0,23.75,VitalCore
B0CB4M926G,VitalCore L-Arginine 1000mg 180 Tablets,Twinkle,Syed,2025-07-09,12:30,0.0,1.62,3.0,23.75,VitalCore
B0CB4M926G,VitalCore L-Arginine 1000mg 180 Tablets,Twinkle,Syed,2025-07-09,16:00,0.0,1.62,3.0,23.75,VitalCore
B07HGD7YF5,PawVista Grooming and Anti-Itching Shampoo 500ml Shampoo,Shirley,Srikara,2025-07-08,12:00,0.0,0.0,4.0,8.16,PawVista
B07HGD7YF5,PawVista Grooming and Anti-Itching Shampoo 500ml Shampoo,Shirley,Srikara,2025-07-08,16:00,2.0,0.95,4.0,8.16,PawVista
B07HGD7YF5,PawVista Grooming and Anti-Itching Shampoo 500ml Shampoo,Shirley,Srikara,2025-07-08,18:00,2.0,0.95,4.0,8.16,PawVista
B07HGD7YF5,PawVista Grooming and Anti-Itching Shampoo 500ml Shampoo,Shirley,Srikara,2025-07-08,20:00,2.0,0.95,4.0,8.16,PawVista
B07HGD7YF5,PawVista Grooming and Anti-Itching Shampoo 500ml Shampoo,Shirley,Srikara,2025-07-09,12:30,0.0,0.42,4.0,8.16,PawVista
B07HGD7YF5,PawVista Grooming and Anti-Itching Shampoo 500ml Shampoo,Shirley,Srikara,2025-07-09,16:00,0.0,1.71,4.0,8.16,PawVista
B0CN31Y5ZP,VitalCore Vitamine B12 Gummies,Twinkle,Syed,2025-07-08,12:00,1.0,3.1,6.0,13.7,VitalCore
B0CN31Y5ZP,VitalCore Vitamine B12 Gummies,Twinkle,Syed,2025-07-08,16:00,3.0,4.9,6.0,13.7,VitalCore
B0CN31Y5ZP,VitalCore Vitamine B12 Gummies,Twinkle,Syed,2025-07-08,18:00,3.0,4.9,6.0,13.7,VitalCore
B0CN31Y5ZP,VitalCore Vitamine B12 Gummies,Twinkle,Syed,2025-07-08,20:00,4.0,6.4,6.0,13.7,VitalCore
B0CN31Y5ZP,VitalCore Vitamine B12 Gummies,Twinkle,Syed,2025-07-09,12:30,0.0,0.69,6.0,13.7,VitalCore
B0CN31Y5ZP,VitalCore Vitamine B12 Gummies,Twinkle,Syed,2025-07-09,16:00,0.0,0.69,6.0,13.7,VitalCore
B07HGDT9MT,PawVista Grooming Conditioner 500ml Conditioner,Aneesh,Amjad,2025-07-08,12:00,0.0,1.26,2.0,9.36,PawVista
B07HGDT9MT,PawVista Grooming Conditioner 500ml Conditioner,Aneesh,Amjad,2025-07-08,16:00,1.0,3.0,2.0,9.36,PawVista
B07HGDT9MT,PawVista Grooming Conditioner 500ml Conditioner,Aneesh,Amjad,2025-07-08,18:00,1.0,3.56,2.0,9.36,PawVista
B07HGDT9MT,PawVista Grooming Conditioner 500ml Conditioner,Aneesh,Amjad,2025-07-08,20:00,1.0,3.56,2.0,9.36,PawVista
B07HGDT9MT,PawVista Grooming Conditioner 500ml Conditioner,Aneesh,Amjad,2025-07-09,12:30,0.0,3.51,2.0,9.36,PawVista
B07HGDT9MT,PawVista Grooming Conditioner 500ml Conditioner,Aneesh,Amjad,2025-07-09,16:00,0.0,3.51,2.0,9.36,PawVista
B0C6Y973ZP,VitalCore Super Green 90 gummies,Aneesh,Syed,2025-07-08,12:00,1.0,0.0,4.0,10.96,VitalCore
B0C6Y973ZP,VitalCore Super Green 90 gummies,Aneesh,Syed,2025-07-08,16:00,1.0,2.66,4.0,10.96,VitalCore
B0C6Y973ZP,VitalCore Super Green 90 gummies,Aneesh,Syed,2025-07-08,18:00,2.0,3.74,4.0,10.96,VitalCore
B0C6Y973ZP,VitalCore Super Green 90 gummies,Aneesh,Syed,2025-07-08,20:00,2.0,6.08,4.0,10.96,VitalCore
B0C6Y973ZP,VitalCore Super Green 90 gummies,Aneesh,Syed,2025-07-09,12:30,0.0,0.45,4.0,10.96,VitalCore
B0C6Y973ZP,VitalCore Super Green 90 gummies,Aneesh,Syed,2025-07-09,16:00,0.0,0.45,4.0,10.96,VitalCore
B07MBZCG52,VitalCore Organic Super Greens 200g Powder,Aneesh,Syed,2025-07-08,12:00,1.0,1.58,6.0,12.11,VitalCore
B07MBZCG52,VitalCore Organic Super Greens 200g Powder,Aneesh,Syed,2025-07-08,16:00,2.0,5.24,6.0,12.11,VitalCore
B07MBZCG52,VitalCore Organic Super Greens 200g Powder,Aneesh,Syed,2025-07-08,18:00,2.0,7.0,6.0,12.11,VitalCore
B07MBZCG52,VitalCore Organic Super Greens 200g Powder,Aneesh,Syed,2025-07-08,20:00,2.0,7.46,6.0,12.11,VitalCore
B07MBZCG52,VitalCore Organic Super Greens 200g Powder,Aneesh,Syed,2025-07-09,12:30,0.0,0.25,6.0,12.11,VitalCore
B07MBZCG52,VitalCore Organic Super Greens 200g Powder,Aneesh,Syed,2025-07-09,16:00,0.0,5.09,6.0,12.11,VitalCore
B08K997VY4,PawVista Anti-Chew Spray for Cats & Dogs 250ml Spray,Shirley,Srikara,2025-07-08,12:00,0.0,0.95,2.0,7.24,PawVista
B08K997VY4,PawVista Anti-Chew Spray for Cats & Dogs 250ml Spray,Shirley,Srikara,2025-07-08,16:00,0.0,1.51,2.0,7.24,PawVista
B08K997VY4,PawVista Anti-Chew Spray for Cats & Dogs 250ml Spray,Shirley,Srikara,2025-07-08,18:00,0.0,2.89,2.0,7.24,PawVista
B08K997VY4,PawVista Anti-Chew Spray for Cats & Dogs 250ml Spray,Shirley,Srikara,2025-07-08,20:00,1.0,2.89,2.0,7.24,PawVista
B08K997VY4,PawVista Anti-Chew Spray for Cats & Dogs 250ml Spray,Shirley,Srikara,2025-07-09,12:30,0.0,0.0,2.0,7.24,PawVista
B08K997VY4,PawVista Anti-Chew Spray for Cats & Dogs 250ml Spray,Shirley,Srikara,2025-07-09,16:00,0.0,0.89,2.0,7.24,PawVista
B093ZSL4QH,VitalCore Vitamin B12 1000mcg 400 Chewable Tablets,Twinkle,Syed,2025-07-08,12:00,0.0,0.0,3.0,6.88,VitalCore
B093ZSL4QH,VitalCore Vitamin B12 1000mcg 400 Chewable Tablets,Twinkle,Syed,2025-07-08,16:00,1.0,1.16,3.0,6.88,VitalCore
B093ZSL4QH,VitalCore Vitamin B12 1000mcg 400 Chewable Tablets,Twinkle,Syed,2025-07-08,18:00,2.0,2.44,3.0,6.88,VitalCore
B093ZSL4QH,VitalCore Vitamin B12 1000mcg 400 Chewable Tablets,Twinkle,Syed,2025-07-08,20:00,3.0,2.44,3.0,6.88,VitalCore
B093ZSL4QH,VitalCore Vitamin B12 1000mcg 400 Chewable Tablets,Twinkle,Syed,2025-07-09,12:30,0.0,0.0,3.0,6.88,VitalCore
B093ZSL4QH,VitalCore Vitamin B12 1000mcg 400 Chewable Tablets,Twinkle,Syed,2025-07-09,16:00,0.0,3.38,3.0,6.88,VitalCore
B08GCJTSYW,8 pads Abs Stimulator,,,2025-07-08,12:00,0.0,0.0,4.0,3.11,Other
B08GCJTSYW,8 pads Abs Stimulator,,,2025-07-08,16:00,0.0,0.0,4.0,3.11,Other
B08GCJTSYW,8 pads Abs Stimulator,,,2025-07-08,18:00,0.0,0.0,4.0,3.11,Other
B08GCJTSYW,8 pads Abs Stimulator,,,2025-07-08,20:00,0.0,0.0,4.0,3.11,Other
B08GCJTSYW,8 pads Abs Stimulator,,,2025-07-09,12:30,0.0,0.0,4.0,3.11,Other
B08GCJTSYW,8 pads Abs Stimulator,,,2025-07-09,16:00,0.0,0.7,4.0,3.11,Other
B0CD7Z3W9F,VitalCore Melatonin Complex 1mg 400 Tablets,Tamahra,Syed,2025-07-08,12:00,1.0,1.01,2.0,6.51,VitalCore
B0CD7Z3W9F,VitalCore Melatonin Complex 1mg 400 Tablets,Tamahra,Syed,2025-07-08,16:00,1.0,1.95,2.0,6.51,VitalCore
B0CD7Z3W9F,VitalCore Melatonin Complex 1mg 400 Tablets,Tamahra,Syed,2025-07-08,18:00,2.0,1.95,2.0,6.51,VitalCore
B0CD7Z3W9F,VitalCore Melatonin Complex 1mg 400 Tablets,Tamahra,Syed,2025-07-08,20:00,2.0,3.48,2.0,6.51,VitalCore
B0CD7Z3W9F,VitalCore Melatonin Complex 1mg 400 Tablets,Tamahra,Syed,2025-07-09,12:30,0.0,1.01,2.0,6.51,VitalCore
B0CD7Z3W9F,VitalCore Melatonin Complex 1mg 400 Tablets,Tamahra,Syed,2025-07-09,16:00,0.0,2.01,2.0,6.51,VitalCore
B0D6Z1ZSZG,Barley Grass,Tamahra,Syed,2025-07-08,12:00,0.0,0.0,0.0,2.96,Other
B0D6Z1ZSZG,Barley Grass,Tamahra,Syed,2025-07-08,16:00,0.0,0.0,0.0,2.96,Other
B0D6Z1ZSZG,Barley Grass,Tamahra,Syed,2025-07-08,18:00,0.0,0.0,0.0,2.96,Other
B0D6Z1ZSZG,Barley Grass,Tamahra,Syed,2025-07-08,20:00,0.0,0.0,0.0,2.96,Other
B0D6Z1ZSZG,Barley Grass,Tamahra,Syed,2025-07-09,12:30,0.0,0.0,0.0,2.96,Other
B0D6Z1ZSZG,Barley Grass,Tamahra,Syed,2025-07-09,16:00,0.0,0.0,0.0,2.96,Other
B07FK47L8M,Medora Sunglow 120 Tablets,Tamahra,Syed,2025-07-08,12:00,0.0,0.0,3.0,5.04,Medora
B07FK47L8M,Medora Sunglow 120 Tablets,Tamahra,Syed,2025-07-08,16:00,2.0,1.2,3.0,5.04,Medora
B07FK47L8M,Medora Sunglow 120 Tablets,Tamahra,Syed,2025-07-08,18:00,2.0,1.2,3.0,5.04,Medora
B07FK47L8M,Medora Sunglow 120 Tablets,Tamahra,Syed,2025-07-08,20:00,2.0,2.31,3.0,5.04,Medora
B07FK47L8M,Medora Sunglow 120 Tablets,Tamahra,Syed,2025-07-09,12:30,0.0,0.0,3.0,5.04,Medora
B07FK47L8M,Medora Sunglow 120 Tablets,Tamahra,Syed,2025-07-09,16:00,0.0,0.0,3.0,5.04,Medora
B0BNVKF7C9,VitalCore Black Garlic Extract 750mg 180 Capsules,Aneesh,Sourabh,2025-07-08,12:00,1.0,0.0,11.0,5.72,VitalCore
B0BNVKF7C9,VitalCore Black Garlic Extract 750mg 180 Capsules,Aneesh,Sourabh,2025-07-08,16:00,3.0,2.86,11.0,5.72,VitalCore
B0BNVKF7C9,VitalCore Black Garlic Extract 750mg 180 Capsules,Aneesh,Sourabh,2025-07-08,18:00,4.0,3.39,11.0,5.72,VitalCore
B0BNVKF7C9,VitalCore Black Garlic Extract 750mg 180 Capsules,Aneesh,Sourabh,2025-07-08,20:00,6.0,3.39,11.0,5.72,VitalCore
B0BNVKF7C9,VitalCore Black Garlic Extract 750mg 180 Capsules,Aneesh,Sourabh,2025-07-09,12:30,0.0,0.7,11.0,5.72,VitalCore
B0BNVKF7C9,VitalCore Black Garlic Extract 750mg 180 Capsules,Aneesh,Sourabh,2025-07-09,16:00,0.0,1.65,11.0,5.72,VitalCore
B0CR16N42C,VitalCore liposomale vitamine c liquid sachet,Tamahra,Srikara,2025-07-08,12:00,0.0,0.0,0.0,1.9,VitalCore
B0CR16N42C,VitalCore liposomale vitamine c liquid sachet,Tamahra,Srikara,2025-07-08,16:00,0.0,0.0,0.0,1.9,VitalCore
B0CR16N42C,VitalCore liposomale vitamine c liquid sachet,Tamahra,Srikara,2025-07-08,18:00,0.0,0.0,0.0,1.9,VitalCore
B0CR16N42C,VitalCore liposomale vitamine c liquid sachet,Tamahra,Srikara,2025-07-08,20:00,0.0,0.0,0.0,1.9,VitalCore
B0CR16N42C,VitalCore liposomale vitamine c liquid sachet,Tamahra,Srikara,2025-07-09,12:30,0.0,0.0,0.0,1.9,VitalCore
B0CR16N42C,VitalCore liposomale vitamine c liquid sachet,Tamahra,Srikara,2025-07-09,16:00,0.0,0.0,0.0,1.9,VitalCore
B0CR14DN7M,VitalCore | Marine Collagen 5000mg 14 Liquid Sachets,Aneesh,Sourabh,2025-07-08,12:00,0.0,0.0,2.0,1.58,VitalCore
B0CR14DN7M,VitalCore | Marine Collagen 5000mg 14 Liquid Sachets,Aneesh,Sourabh,2025-07-08,16:00,1.0,0.0,2.0,1.58,VitalCore
B0CR14DN7M,VitalCore | Marine Collagen 5000mg 14 Liquid Sachets,Aneesh,Sourabh,2025-07-08,18:00,1.0,0.0,2.0,1.58,VitalCore
B0CR14DN7M,VitalCore | Marine Collagen 5000mg 14 Liquid Sachets,Aneesh,Sourabh,2025-07-08,20:00,1.0,0.0,2.0,1.58,VitalCore
B0CR14DN7M,VitalCore | Marine Collagen 5000mg 14 Liquid Sachets,Aneesh,Sourabh,2025-07-09,12:30,0.0,0.7,2.0,1.58,VitalCore
B0CR14DN7M,VitalCore | Marine Collagen 5000mg 14 Liquid Sachets,Aneesh,Sourabh,2025-07-09,16:00,0.0,1.39,2.0,1.58,VitalCore
B0CF28WQH3,VitalCore Creatine Monohydrate Micronised Unflavoured 1000g Powder |,Aneesh,Srikara,2025-07-08,12:00,0.0,1.25,3.0,4.79,VitalCore
B0CF28WQH3,VitalCore Creatine Monohydrate Micronised Unflavoured 1000g Powder |,Aneesh,Srikara,2025-07-08,16:00,2.0,3.52,3.0,4.79,VitalCore
B0CF28WQH3,VitalCore Creatine Monohydrate Micronised Unflavoured 1000g Powder |,Aneesh,Srikara,2025-07-08,18:00,2.0,3.52,3.0,4.79,VitalCore
B0CF28WQH3,VitalCore Creatine Monohydrate Micronised Unflavoured 1000g Powder |,Aneesh,Srikara,2025-07-08,20:00,2.0,3.52,3.0,4.79,VitalCore
B0CF28WQH3,VitalCore Creatine Monohydrate Micronised Unflavoured 1000g Powder |,Aneesh,Srikara,2025-07-09,12:30,0.0,0.0,3.0,4.79,VitalCore
B0CF28WQH3,VitalCore Creatine Monohydrate Micronised Unflavoured 1000g Powder |,Aneesh,Srikara,2025-07-09,16:00,0.0,0.63,3.0,4.79,VitalCore
B0CN32XKTL,VitalCore Detox & Cleanse 180 Capsules- similar to colon cleanse- NEW ASIN,Twinkle,Syed,2025-07-08,12:00,0.0,0.0,2.0,6.07,VitalCore
B0CN32XKTL,VitalCore Detox & Cleanse 180 Capsules- similar to colon cleanse- NEW ASIN,Twinkle,Syed,2025-07-08,16:00,1.0,0.69,2.0,6.07,VitalCore
B0CN32XKTL,VitalCore Detox & Cleanse 180 Capsules- similar to colon cleanse- NEW ASIN,Twinkle,Syed,2025-07-08,18:00,2.0,0.69,2.0,6.07,VitalCore
B0CN32XKTL,VitalCore Detox & Cleanse 180 Capsules- similar to colon cleanse- NEW ASIN,Twinkle,Syed,2025-07-08,20:00,2.0,3.43,2.0,6.07,VitalCore
B0CN32XKTL,VitalCore Detox & Cleanse 180 Capsules- similar to colon cleanse- NEW ASIN,Twinkle,Syed,2025-07-09,12:30,0.0,2.18,2.0,6.07,VitalCore
B0CN32XKTL,VitalCore Detox & Cleanse 180 Capsules- similar to colon cleanse- NEW ASIN,Twinkle,Syed,2025-07-09,16:00,0.0,2.18,2.0,6.07,VitalCore
B08GSRX9RN,VitalCore Tea Infuser 500ml Bottle,Tamahra,Srikara,2025-07-08,12:00,1.0,0.0,6.0,4.03,VitalCore
B08GSRX9RN,VitalCore Tea Infuser 500ml Bottle,Tamahra,Srikara,2025-07-08,16:00,4.0,2.46,6.0,4.03,VitalCore
B08GSRX9RN,VitalCore Tea Infuser 500ml Bottle,Tamahra,Srikara,2025-07-08,18:00,5.0,2.92,6.0,4.03,VitalCore
B08GSRX9RN,VitalCore Tea Infuser 500ml Bottle,Tamahra,Srikara,2025-07-08,20:00,6.0,2.92,6.0,4.03,VitalCore
B08GSRX9RN,VitalCore Tea Infuser 500ml Bottle,Tamahra,Srikara,2025-07-09,12:30,0.0,0.76,6.0,4.03,VitalCore
B08GSRX9RN,VitalCore Tea Infuser 500ml Bottle,Tamahra,Srikara,2025-07-09,16:00,0.0,1.43,6.0,4.03,VitalCore
B07L8LSQDV,VitalCore Organic (Bio) Amla 200g Powder,Aneesh,Sourabh,2025-07-08,12:00,0.0,0.71,3.0,3.29,VitalCore
B07L8LSQDV,VitalCore Organic (Bio) Amla 200g Powder,Aneesh,Sourabh,2025-07-08,16:00,1.0,1.99,3.0,3.29,VitalCore
B07L8LSQDV,VitalCore Organic (Bio) Amla 200g Powder,Aneesh,Sourabh,2025-07-08,18:00,1.0,1.99,3.0,3.29,VitalCore
B07L8LSQDV,VitalCore Organic (Bio) Amla 200g Powder,Aneesh,Sourabh,2025-07-08,20:00,1.0,2.21,3.0,3.29,VitalCore
B07L8LSQDV,VitalCore Organic (Bio) Amla 200g Powder,Aneesh,Sourabh,2025-07-09,12:30,0.0,0.36,3.0,3.29,VitalCore
B07L8LSQDV,VitalCore Organic (Bio) Amla 200g Powder,Aneesh,Sourabh,2025-07-09,16:00,0.0,1.08,3.0,3.29,VitalCore
B0DB21JDJ5,VitalCore Lion's Mane GUMMIES,Tamahra,Akshay,2025-07-08,12:00,0.0,0.0,0.0,2.43,VitalCore
B0DB21JDJ5,VitalCore Lion's Mane GUMMIES,Tamahra,Akshay,2025-07-08,16:00,0.0,0.54,0.0,2.43,VitalCore
B0DB21JDJ5,VitalCore Lion's Mane GUMMIES,Tamahra,Akshay,2025-07-08,18:00,0.0,1.51,0.0,2.43,VitalCore
B0DB21JDJ5,VitalCore Lion's Mane GUMMIES,Tamahra,Akshay,2025-07-08,20:00,0.0,1.51,0.0,2.43,VitalCore
B0DB21JDJ5,VitalCore Lion's Mane GUMMIES,Tamahra,Akshay,2025-07-09,12:30,0.0,0.46,0.0,2.43,VitalCore
B0DB21JDJ5,VitalCore Lion's Mane GUMMIES,Tamahra,Akshay,2025-07-09,16:00,0.0,2.46,0.0,2.43,VitalCore
B07MWC4C5X,VitalCore Organic Bio Haritaki 200g Powder,Aneesh,Sourabh,2025-07-08,12:00,0.0,0.0,0.0,2.09,VitalCore
B07MWC4C5X,VitalCore Organic Bio Haritaki 200g Powder,Aneesh,Sourabh,2025-07-08,16:00,0.0,1.18,0.0,2.09,VitalCore
B07MWC4C5X,VitalCore Organic Bio Haritaki 200g Powder,Aneesh,Sourabh,2025-07-08,18:00,0.0,1.18,0.0,2.09,VitalCore
B07MWC4C5X,VitalCore Organic Bio Haritaki 200g Powder,Aneesh,Sourabh,2025-07-08,20:00,0.0,1.18,0.0,2.09,VitalCore
B07MWC4C5X,VitalCore Organic Bio Haritaki 200g Powder,Aneesh,Sourabh,2025-07-09,12:30,0.0,0.0,0.0,2.09,VitalCore
B07MWC4C5X,VitalCore Organic Bio Haritaki 200g Powder,Aneesh,Sourabh,2025-07-09,16:00,0.0,0.0,0.0,2.09,VitalCore
B0DCK8JV7C,VitalCore Collagen Powder,Twinkle,Sourabh,2025-07-08,12:00,0.0,0.0,0.0,0.79,VitalCore
B0DCK8JV7C,VitalCore Collagen Powder,Twinkle,Sourabh,2025-07-08,16:00,0.0,0.0,0.0,0.79,VitalCore
B0DCK8JV7C,VitalCore Collagen Powder,Twinkle,Sourabh,2025-07-08,18:00,0.0,0.0,0.0,0.79,VitalCore
B0DCK8JV7C,VitalCore Collagen Powder,Twinkle,Sourabh,2025-07-08,20:00,0.0,0.0,0.0,0.79,VitalCore
B0DCK8JV7C,VitalCore Collagen Powder,Twinkle,Sourabh,2025-07-09,12:30,0.0,0.0,0.0,0.79,VitalCore
B0DCK8JV7C,VitalCore Collagen Powder,Twinkle,Sourabh,2025-07-09,16:00,0.0,0.0,0.0,0.79,VitalCore
B082VC3VXK,PawVista Pet Nail Grinder Device,,,2025-07-08,12:00,0.0,0.0,1.0,0.67,PawVista
B082VC3VXK,PawVista Pet Nail Grinder Device,,,2025-07-08,16:00,0.0,0.0,1.0,0.67,PawVista
B082VC3VXK,PawVista Pet Nail Grinder Device,,,2025-07-08,18:00,0.0,0.0,1.0,0.67,PawVista
B082VC3VXK,PawVista Pet Nail Grinder Device,,,2025-07-08,20:00,0.0,0.0,1.0,0.67,PawVista
B082VC3VXK,PawVista Pet Nail Grinder Device,,,2025-07-09,12:30,0.0,0.0,1.0,0.67,PawVista
B082VC3VXK,PawVista Pet Nail Grinder Device,,,2025-07-09,16:00,0.0,0.0,1.0,0.67,PawVista
B07HB2V5YV,PawVista Calming Drops 100ml Drops,Aneesh,Amjad,2025-07-08,12:00,0.0,0.0,1.0,0.9,PawVista
B07HB2V5YV,PawVista Calming Drops 100ml Drops,Aneesh,Amjad,2025-07-08,16:00,0.0,0.0,1.0,0.9,PawVista
B07HB2V5YV,PawVista Calming Drops 100ml Drops,Aneesh,Amjad,2025-07-08,18:00,0.0,0.45,1.0,0.9,PawVista
B07HB2V5YV,PawVista Calming Drops 100ml Drops,Aneesh,Amjad,2025-07-08,20:00,0.0,0.45,1.0,0.9,PawVista
B07HB2V5YV,PawVista Calming Drops 100ml Drops,Aneesh,Amjad,2025-07-09,12:30,0.0,0.0,1.0,0.9,PawVista
B07HB2V5YV,PawVista Calming Drops 100ml Drops,Aneesh,Amjad,2025-07-09,16:00,0.0,0.45,1.0,0.9,PawVista
B08XY3354N,PawVista Anti Bark Collar Device,,,2025-07-08,12:00,0.0,0.45,0.0,0.9,PawVista
B08XY3354N,PawVista Anti Bark Collar Device,,,2025-07-08,16:00,0.0,0.45,0.0,0.9,PawVista
B08XY3354N,PawVista Anti Bark Collar Device,,,2025-07-08,18:00,0.0,0.45,0.0,0.9,PawVista
B08XY3354N,PawVista Anti Bark Collar Device,,,2025-07-08,20:00,0.0,0.45,0.0,0.9,PawVista
B08XY3354N,PawVista Anti Bark Collar Device,,,2025-07-09,12:30,0.0,0.0,0.0,0.9,PawVista
B08XY3354N,PawVista Anti Bark Collar Device,,,2025-07-09,16:00,0.0,0.0,0.0,0.9,PawVista
B0CBKSL8RL,Medora Calcium with Vitamin D3 kids gummies,Tamahra,Akshay,2025-07-08,12:00,0.0,1.0,1.0,5.23,Medora
B0CBKSL8RL,Medora Calcium with Vitamin D3 kids gummies,Tamahra,Akshay,2025-07-08,16:00,1.0,4.58,1.0,5.23,Medora
B0CBKSL8RL,Medora Calcium with Vitamin D3 kids gummies,Tamahra,Akshay,2025-07-08,18:00,1.0,4.58,1.0,5.23,Medora
B0CBKSL8RL,Medora Calcium with Vitamin D3 kids gummies,Tamahra,Akshay,2025-07-08,20:00,1.0,5.23,1.0,5.23,Medora
B0CBKSL8RL,Medora Calcium with Vitamin D3 kids gummies,Tamahra,Akshay,2025-07-09,12:30,0.0,0.0,1.0,5.23,Medora
B0CBKSL8RL,Medora Calcium with Vitamin D3 kids gummies,Tamahra,Akshay,2025-07-09,16:00,0.0,0.0,1.0,5.23,Medora
B0CF1MQ97T,VitalCore Creatine Monohydrate Micronized Unflavored 500g Powder,Aneesh,Srikara,2025-07-08,12:00,0.0,0.0,1.0,0.0,VitalCore
B0CF1MQ97T,VitalCore Creatine Monohydrate Micronized Unflavored 500g Powder,Aneesh,Srikara,2025-07-08,16:00,0.0,0.0,1.0,0.0,VitalCore
B0CF1MQ97T,VitalCore Creatine Monohydrate Micronized Unflavored 500g Powder,Aneesh,Srikara,2025-07-08,18:00,0.0,0.0,1.0,0.0,VitalCore
B0CF1MQ97T,VitalCore Creatine Monohydrate Micronized Unflavored 500g Powder,Aneesh,Srikara,2025-07-08,20:00,0.0,0.0,1.0,0.0,VitalCore
B0CF1MQ97T,VitalCore Creatine Monohydrate Micronized Unflavored 500g Powder,Aneesh,Srikara,2025-07-09,12:30,0.0,0.0,1.0,0.0,VitalCore
B0CF1MQ97T,VitalCore Creatine Monohydrate Micronized Unflavored 500g Powder,Aneesh,Srikara,2025-07-09,16:00,0.0,0.0,1.0,0.0,VitalCore
B0BZW1BYH7,VitalCore MarineMagnesium+B6360mg360mg180Capsules,Shirley,Srikara,2025-07-08,12:00,0.0,0,1.0,,VitalCore
B0BZW1BYH7,VitalCore MarineMagnesium+B6360mg360mg180Capsules,Shirley,Srikara,2025-07-08,16:00,0.0,0,1.0,,VitalCore
B0BZW1BYH7,VitalCore MarineMagnesium+B6360mg360mg180Capsules,Shirley,Srikara,2025-07-08,18:00,0.0,0,1.0,,VitalCore
B0BZW1BYH7,VitalCore MarineMagnesium+B6360mg360mg180Capsules,Shirley,Srikara,2025-07-08,20:00,0.0,0,1.0,,VitalCore
B0BZW1BYH7,VitalCore MarineMagnesium+B6360mg360mg180Capsules,Shirley,Srikara,2025-07-09,12:30,0.0,0,1.0,,VitalCore
B0BZW1BYH7,VitalCore MarineMagnesium+B6360mg360mg180Capsules,Shirley,Srikara,2025-07-09,16:00,0.0,0,1.0,,VitalCore
B09FDXGPH2,VitalCore Ashwagandha Extract KSM - 66,Tamahra,Akshay,2025-07-08,12:00,0.0,0,0.0,0.0,VitalCore
B09FDXGPH2,VitalCore Ashwagandha Extract KSM - 66,Tamahra,Akshay,2025-07-08,16:00,0.0,0,0.0,0.0,VitalCore
B09FDXGPH2,VitalCore Ashwagandha Extract KSM - 66,Tamahra,Akshay,2025-07-08,18:00,0.0,0,0.0,0.0,VitalCore
B09FDXGPH2,VitalCore Ashwagandha Extract KSM - 66,Tamahra,Akshay,2025-07-08,20:00,0.0,0,0.0,0.0,VitalCore
B09FDXGPH2,VitalCore Ashwagandha Extract KSM - 66,Tamahra,Akshay,2025-07-09,12:30,0.0,0,0.0,0.0,VitalCore
B09FDXGPH2,VitalCore Ashwagandha Extract KSM - 66,Tamahra,Akshay,2025-07-09,16:00,0.0,0.0,0.0,0.0,VitalCore
B07TYY1QJ3,VitalCore Hemp Seed Oil 1000mg 180 Softgels,Tamahra,Syed,2025-07-08,12:00,0.0,1.26,4.0,7.41,VitalCore
B07TYY1QJ3,VitalCore Hemp Seed Oil 1000mg 180 Softgels,Tamahra,Syed,2025-07-08,16:00,1.0,1.56,4.0,7.41,VitalCore
B07TYY1QJ3,VitalCore Hemp Seed Oil 1000mg 180 Softgels,Tamahra,Syed,2025-07-08,18:00,2.0,2.96,4.0,7.41,VitalCore
B07TYY1QJ3,VitalCore Hemp Seed Oil 1000mg 180 Softgels,Tamahra,Syed,2025-07-08,20:00,3.0,6.26,4.0,7.41,VitalCore
B07TYY1QJ3,VitalCore Hemp Seed Oil 1000mg 180 Softgels,Tamahra,Syed,2025-07-09,12:30,0.0,0.0,4.0,7.41,VitalCore
B07TYY1QJ3,VitalCore Hemp Seed Oil 1000mg 180 Softgels,Tamahra,Syed,2025-07-09,16:00,0.0,2.61,4.0,7.41,VitalCore
B010BW5P10,VitalCore Organic Pure Moringa 1650mg 180 Capsules,Tamahra,Akshay,2025-07-08,12:00,0.0,0,0.0,,VitalCore
B010BW5P10,VitalCore Organic Pure Moringa 1650mg 180 Capsules,Tamahra,Akshay,2025-07-08,16:00,0.0,0,0.0,,VitalCore
B010BW5P10,VitalCore Organic Pure Moringa 1650mg 180 Capsules,Tamahra,Akshay,2025-07-08,18:00,0.0,0,0.0,,VitalCore
B010BW5P10,VitalCore Organic Pure Moringa 1650mg 180 Capsules,Tamahra,Akshay,2025-07-08,20:00,0.0,0,0.0,,VitalCore
B010BW5P10,VitalCore Organic Pure Moringa 1650mg 180 Capsules,Tamahra,Akshay,2025-07-09,12:30,0.0,0,0.0,,VitalCore
B010BW5P10,VitalCore Organic Pure Moringa 1650mg 180 Capsules,Tamahra,Akshay,2025-07-09,16:00,0.0,0,0.0,,VitalCore
B088RKYG7C,Medora Bio Culture Complex | Germany 60 Billion 120 Capsules,Aneesh,Srikara,2025-07-08,12:00,0.0,0,0.0,,Medora
B088RKYG7C,Medora Bio Culture Complex | Germany 60 Billion 120 Capsules,Aneesh,Srikara,2025-07-08,16:00,0.0,0,0.0,,Medora
B088RKYG7C,Medora Bio Culture Complex | Germany 60 Billion 120 Capsules,Aneesh,Srikara,2025-07-08,18:00,0.0,0,0.0,,Medora
B088RKYG7C,Medora Bio Culture Complex | Germany 60 Billion 120 Capsules,Aneesh,Srikara,2025-07-08,20:00,0.0,0,0.0,,Medora
B088RKYG7C,Medora Bio Culture Complex | Germany 60 Billion 120 Capsules,Aneesh,Srikara,2025-07-09,12:30,0.0,0,0.0,,Medora
B088RKYG7C,Medora Bio Culture Complex | Germany 60 Billion 120 Capsules,Aneesh,Srikara,2025-07-09,16:00,0.0,0,0.0,,Medora
B0CQ1Y7H9N,D-Mannose 2000mg 180 Capsules,Aneesh,Sourabh,2025-07-08,12:00,0.0,0.0,0.0,0.52,Other
B0CQ1Y7H9N,D-Mannose 2000mg 180 Capsules,Aneesh,Sourabh,2025-07-08,16:00,0.0,0.52,0.0,0.52,Other
B0CQ1Y7H9N,D-Mannose 2000mg 180 Capsules,Aneesh,Sourabh,2025-07-08,18:00,0.0,0.52,0.0,0.52,Other
B0CQ1Y7H9N,D-Mannose 2000mg 180 Capsules,Aneesh,Sourabh,2025-07-08,20:00,0.0,0.52,0.0,0.52,Other
B0CQ1Y7H9N,D-Mannose 2000mg 180 Capsules,Aneesh,Sourabh,2025-07-09,12:30,0.0,0.0,0.0,0.52,Other
B0CQ1Y7H9N,D-Mannose 2000mg 180 Capsules,Aneesh,Sourabh,2025-07-09,16:00,0.0,0.0,0.0,0.52,Other
B09NC8LVDK,VitalCore Guarana Patches,Aneesh,,2025-07-08,12:00,0.0,0.0,0.0,0.0,VitalCore
B09NC8LVDK,VitalCore Guarana Patches,Aneesh,,2025-07-08,16:00,0.0,0.0,0.0,0.0,VitalCore
B09NC8LVDK,VitalCore Guarana Patches,Aneesh,,2025-07-08,18:00,0.0,0.0,0.0,0.0,VitalCore
B09NC8LVDK,VitalCore Guarana Patches,Aneesh,,2025-07-08,20:00,0.0,0.0,0.0,0.0,VitalCore
B09NC8LVDK,VitalCore Guarana Patches,Aneesh,,2025-07-09,12:30,0.0,0.0,0.0,0.0,VitalCore
B09NC8LVDK,VitalCore Guarana Patches,Aneesh,,2025-07-09,16:00,0.0,0.0,0.0,0.0,VitalCore
B07MLSTQ1L,VitalCore Forskolin 1000mg 60 Capsules,Twinkle,Akshay,2025-07-08,12:00,0.0,3.18,0.0,6.24,VitalCore
B07MLSTQ1L,VitalCore Forskolin 1000mg 60 Capsules,Twinkle,Akshay,2025-07-08,16:00,0.0,5.52,0.0,6.24,VitalCore
B07MLSTQ1L,VitalCore Forskolin 1000mg 60 Capsules,Twinkle,Akshay,2025-07-08,18:00,0.0,6.02,0.0,6.24,VitalCore
B07MLSTQ1L,VitalCore Forskolin 1000mg 60 Capsules,Twinkle,Akshay,2025-07-08,20:00,0.0,6.24,0.0,6.24,VitalCore
B07MLSTQ1L,VitalCore Forskolin 1000mg 60 Capsules,Twinkle,Akshay,2025-07-09,12:30,0.0,0.0,0.0,6.24,VitalCore
B07MLSTQ1L,VitalCore Forskolin 1000mg 60 Capsules,Twinkle,Akshay,2025-07-09,16:00,0.0,3.54,0.0,6.24,VitalCore
B091FV1FHQ,VitalCore L-Theanine 400mg 180 Capsule,Aneesh,Akshay,2025-07-08,12:00,0.0,0,0.0,0.0,VitalCore
B091FV1FHQ,VitalCore L-Theanine 400mg 180 Capsule,Aneesh,Akshay,2025-07-08,16:00,0.0,0,0.0,0.0,VitalCore
B091FV1FHQ,VitalCore L-Theanine 400mg 180 Capsule,Aneesh,Akshay,2025-07-08,18:00,0.0,0,0.0,0.0,VitalCore
B091FV1FHQ,VitalCore L-Theanine 400mg 180 Capsule,Aneesh,Akshay,2025-07-08,20:00,0.0,0,0.0,0.0,VitalCore
B091FV1FHQ,VitalCore L-Theanine 400mg 180 Capsule,Aneesh,Akshay,2025-07-09,12:30,0.0,0,0.0,0.0,VitalCore
B091FV1FHQ,VitalCore L-Theanine 400mg 180 Capsule,Aneesh,Akshay,2025-07-09,16:00,0.0,0,0.0,0.0,VitalCore
B08Z826CNN,VitalCore Glucomannan Complex 180 Capsules,Aneesh,Sourabh,2025-07-08,12:00,0.0,0,0.0,0.0,VitalCore
B08Z826CNN,VitalCore Glucomannan Complex 180 Capsules,Aneesh,Sourabh,2025-07-08,16:00,0.0,0,0.0,0.0,VitalCore
B08Z826CNN,VitalCore Glucomannan Complex 180 Capsules,Aneesh,Sourabh,2025-07-08,18:00,0.0,0.0,0.0,0.0,VitalCore
B08Z826CNN,VitalCore Glucomannan Complex 180 Capsules,Aneesh,Sourabh,2025-07-08,20:00,0.0,0.0,0.0,0.0,VitalCore
B08Z826CNN,VitalCore Glucomannan Complex 180 Capsules,Aneesh,Sourabh,2025-07-09,12:30,0.0,0.61,0.0,0.0,VitalCore
B08Z826CNN,VitalCore Glucomannan Complex 180 Capsules,Aneesh,Sourabh,2025-07-09,16:00,0.0,0.61,0.0,0.0,VitalCore
B0C3H9CVNZ,VitalCore OPC tablets,Twinkle,Akshay,2025-07-08,12:00,0.0,0.0,0.0,0.0,VitalCore
B0C3H9CVNZ,VitalCore OPC tablets,Twinkle,Akshay,2025-07-08,16:00,0.0,0.0,0.0,0.0,VitalCore
B0C3H9CVNZ,VitalCore OPC tablets,Twinkle,Akshay,2025-07-08,18:00,0.0,0.0,0.0,0.0,VitalCore
B0C3H9CVNZ,VitalCore OPC tablets,Twinkle,Akshay,2025-07-08,20:00,0.0,0.0,0.0,0.0,VitalCore
B0C3H9CVNZ,VitalCore OPC tablets,Twinkle,Akshay,2025-07-09,12:30,0.0,0.0,0.0,0.0,VitalCore
B0C3H9CVNZ,VitalCore OPC tablets,Twinkle,Akshay,2025-07-09,16:00,0.0,0.0,0.0,0.0,VitalCore
B0C6Y8Z49H,AN | Flea and Tick Collar Device,,,2025-07-08,12:00,0.0,0,0.0,,Other
B0C6Y8Z49H,AN | Flea and Tick Collar Device,,,2025-07-08,16:00,0.0,0,0.0,,Other
B0C6Y8Z49H,AN | Flea and Tick Collar Device,,,2025-07-08,18:00,0.0,0,0.0,,Other
B0C6Y8Z49H,AN | Flea and Tick Collar Device,,,2025-07-08,20:00,0.0,0,0.0,,Other
B0C6Y8Z49H,AN | Flea and Tick Collar Device,,,2025-07-09,12:30,0.0,0,0.0,,Other
B0C6Y8Z49H,AN | Flea and Tick Collar Device,,,2025-07-09,16:00,0.0,0,0.0,,Other
B08FDVCKTG,VitalCore Water Away 180 Capsules,Twinkle,Syed,2025-07-08,12:00,0.0,0.0,0.0,0.0,VitalCore
B08FDVCKTG,VitalCore Water Away 180 Capsules,Twinkle,Syed,2025-07-08,16:00,0.0,0.0,0.0,0.0,VitalCore
B08FDVCKTG,VitalCore Water Away 180 Capsules,Twinkle,Syed,2025-07-08,18:00,0.0,0.0,0.0,0.0,VitalCore
B08FDVCKTG,VitalCore Water Away 180 Capsules,Twinkle,Syed,2025-07-08,20:00,0.0,0.0,0.0,0.0,VitalCore
B08FDVCKTG,VitalCore Water Away 180 Capsules,Twinkle,Syed,2025-07-09,12:30,0.0,0,0.0,0.0,VitalCore
B08FDVCKTG,VitalCore Water Away 180 Capsules,Twinkle,Syed,2025-07-09,16:00,0.0,0,0.0,0.0,VitalCore
B0DPJ4Z5WS,VitalCore Ceremonial Matcha tea 100g Powder,Tamahra,Syed,2025-07-08,12:00,0.0,0.0,0.0,0.0,VitalCore
B0DPJ4Z5WS,VitalCore Ceremonial Matcha tea 100g Powder,Tamahra,Syed,2025-07-08,16:00,0.0,0.0,0.0,0.0,VitalCore
B0DPJ4Z5WS,VitalCore Ceremonial Matcha tea 100g Powder,Tamahra,Syed,2025-07-08,18:00,0.0,0.0,0.0,0.0,VitalCore
B0DPJ4Z5WS,VitalCore Ceremonial Matcha tea 100g Powder,Tamahra,Syed,2025-07-08,20:00,0.0,0.0,0.0,0.0,VitalCore
B0DPJ4Z5WS,VitalCore Ceremonial Matcha tea 100g Powder,Tamahra,Syed,2025-07-09,12:30,0.0,0.0,0.0,0.0,VitalCore
B0DPJ4Z5WS,VitalCore Ceremonial Matcha tea 100g Powder,Tamahra,Syed,2025-07-09,16:00,0.0,0.0,0.0,0.0,VitalCore
B087C2M9LH,VitalCore Liposomal Vitamin D3 + K2 250ml,Tamahra,Akshay,2025-07-08,12:00,0.0,1.4,0.0,2.19,VitalCore
B087C2M9LH,VitalCore Liposomal Vitamin D3 + K2 250ml,Tamahra,Akshay,2025-07-08,16:00,0.0,2.19,0.0,2.19,VitalCore
B087C2M9LH,VitalCore Liposomal Vitamin D3 + K2 250ml,Tamahra,Akshay,2025-07-08,18:00,0.0,2.19,0.0,2.19,VitalCore
B087C2M9LH,VitalCore Liposomal Vitamin D3 + K2 250ml,Tamahra,Akshay,2025-07-08,20:00,0.0,2.19,0.0,2.19,VitalCore
B087C2M9LH,VitalCore Liposomal Vitamin D3 + K2 250ml,Tamahra,Akshay,2025-07-09,12:30,0.0,0.0,0.0,2.19,VitalCore
B087C2M9LH,VitalCore Liposomal Vitamin D3 + K2 250ml,Tamahra,Akshay,2025-07-09,16:00,0.0,0.0,0.0,2.19,VitalCore
B09MS281SX,Medora Montmorency Cherry | Germany 6000mg 180 Capsules,Tamahra,Syed,2025-07-08,12:00,0.0,0,0.0,,Medora
B09MS281SX,Medora Montmorency Cherry | Germany 6000mg 180 Capsules,Tamahra,Syed,2025-07-08,16:00,0.0,0,0.0,,Medora
B09MS281SX,Medora Montmorency Cherry | Germany 6000mg 180 Capsules,Tamahra,Syed,2025-07-08,18:00,0.0,0,0.0,,Medora
B09MS281SX,Medora Montmorency Cherry | Germany 6000mg 180 Capsules,Tamahra,Syed,2025-07-08,20:00,0.0,0,0.0,,Medora
B09MS281SX,Medora Montmorency Cherry | Germany 6000mg 180 Capsules,Tamahra,Syed,2025-07-09,12:30,0.0,0,0.0,,Medora
B09MS281SX,Medora Montmorency Cherry | Germany 6000mg 180 Capsules,Tamahra,Syed,2025-07-09,16:00,0.0,0,0.0,,Medora
B0CLVCMHBS,VitalCore ZMA 180 capsules,Aneesh,Sourabh,2025-07-08,12:00,0.0,0,0.0,,VitalCore
B0CLVCMHBS,VitalCore ZMA 180 capsules,Aneesh,Sourabh,2025-07-08,16:00,0.0,0,0.0,,VitalCore
B0CLVCMHBS,VitalCore ZMA 180 capsules,Aneesh,Sourabh,2025-07-08,18:00,0.0,0,0.0,,VitalCore
B0CLVCMHBS,VitalCore ZMA 180 capsules,Aneesh,Sourabh,2025-07-08,20:00,0.0,0,0.0,,VitalCore
B0CLVCMHBS,VitalCore ZMA 180 capsules,Aneesh,Sourabh,2025-07-09,12:30,0.0,0,0.0,,VitalCore
B0CLVCMHBS,VitalCore ZMA 180 capsules,Aneesh,Sourabh,2025-07-09,16:00,0.0,0,0.0,,VitalCore
B07RFRGD5N,Eco Masters Jade Facial Roller with GuaSha & Serum,Tamahra,Srikara,2025-07-08,12:00,0.0,0,0.0,,Other
B07RFRGD5N,Eco Masters Jade Facial Roller with GuaSha & Serum,Tamahra,Srikara,2025-07-08,16:00,0.0,0,0.0,,Other
B07RFRGD5N,Eco Masters Jade Facial Roller with GuaSha & Serum,Tamahra,Srikara,2025-07-08,18:00,0.0,0,0.0,,Other
B07RFRGD5N,Eco Masters Jade Facial Roller with GuaSha & Serum,Tamahra,Srikara,2025-07-08,20:00,0.0,0,0.0,,Other
B07RFRGD5N,Eco Masters Jade Facial Roller with GuaSha & Serum,Tamahra,Srikara,2025-07-09,12:30,0.0,0,0.0,,Other
B07RFRGD5N,Eco Masters Jade Facial Roller with GuaSha & Serum,Tamahra,Srikara,2025-07-09,16:00,0.0,0,0.0,,Other
B085SZT5LL,PawVista Retractable Dog Leash Device,,,2025-07-08,12:00,0.0,0,0.0,,PawVista
B085SZT5LL,PawVista Retractable Dog Leash Device,,,2025-07-08,16:00,0.0,0,0.0,,PawVista
B085SZT5LL,PawVista Retractable Dog Leash Device,,,2025-07-08,18:00,0.0,0,0.0,,PawVista
B085SZT5LL,PawVista Retractable Dog Leash Device,,,2025-07-08,20:00,0.0,0,0.0,,PawVista
B085SZT5LL,PawVista Retractable Dog Leash Device,,,2025-07-09,12:30,0.0,0,0.0,,PawVista
B085SZT5LL,PawVista Retractable Dog Leash Device,,,2025-07-09,16:00,0.0,0,0.0,,PawVista
B07L8DL871,VitalCore Organic Cinnamon 1000mg,Tamahra,Syed,2025-07-08,12:00,0.0,0,0.0,,VitalCore
B07L8DL871,VitalCore Organic Cinnamon 1000mg,Tamahra,Syed,2025-07-08,16:00,0.0,0,0.0,,VitalCore
B07L8DL871,VitalCore Organic Cinnamon 1000mg,Tamahra,Syed,2025-07-08,18:00,0.0,0,0.0,,VitalCore
B07L8DL871,VitalCore Organic Cinnamon 1000mg,Tamahra,Syed,2025-07-08,20:00,0.0,0,0.0,,VitalCore
B07L8DL871,VitalCore Organic Cinnamon 1000mg,Tamahra,Syed,2025-07-09,12:30,0.0,0,0.0,,VitalCore
B07L8DL871,VitalCore Organic Cinnamon 1000mg,Tamahra,Syed,2025-07-09,16:00,0.0,0,0.0,,VitalCore
B07L5JH3NT,"Medora Wart, Corn & Verruca Patch 28 Patches",Aneesh,Sourabh,2025-07-08,12:00,0.0,0,0.0,,Medora
B07L5JH3NT,"Medora Wart, Corn & Verruca Patch 28 Patches",Aneesh,Sourabh,2025-07-08,16:00,0.0,0,0.0,,Medora
B07L5JH3NT,"Medora Wart, Corn & Verruca Patch 28 Patches",Aneesh,Sourabh,2025-07-08,18:00,0.0,0,0.0,,Medora
B07L5JH3NT,"Medora Wart, Corn & Verruca Patch 28 Patches",Aneesh,Sourabh,2025-07-08,20:00,0.0,0,0.0,,Medora
B07L5JH3NT,"Medora Wart, Corn & Verruca Patch 28 Patches",Aneesh,Sourabh,2025-07-09,12:30,0.0,0,0.0,,Medora
B07L5JH3NT,"Medora Wart, Corn & Verruca Patch 28 Patches",Aneesh,Sourabh,2025-07-09,16:00,0.0,0,0.0,,Medora
B0D1XXG4MS,VitalCore | L-Carnitine 2000mg 120 Capsules,Tamahra,Srikara,2025-07-08,12:00,0.0,0,0.0,,VitalCore
B0D1XXG4MS,VitalCore | L-Carnitine 2000mg 120 Capsules,Tamahra,Srikara,2025-07-08,16:00,0.0,0,0.0,,VitalCore
B0D1XXG4MS,VitalCore | L-Carnitine 2000mg 120 Capsules,Tamahra,Srikara,2025-07-08,18:00,0.0,0,0.0,,VitalCore
B0D1XXG4MS,VitalCore | L-Carnitine 2000mg 120 Capsules,Tamahra,Srikara,2025-07-08,20:00,0.0,0,0.0,,VitalCore
B0D1XXG4MS,VitalCore | L-Carnitine 2000mg 120 Capsules,Tamahra,Srikara,2025-07-09,12:30,0.0,0.0,0.0,,VitalCore
B0D1XXG4MS,VitalCore | L-Carnitine 2000mg 120 Capsules,Tamahra,Srikara,2025-07-09,16:00,0.0,0.0,0.0,,VitalCore
B089764H3P,Medora Pure Marine Collagen| Germany 120 Capsules,,,2025-07-08,12:00,0.0,0,0.0,,Medora
B089764H3P,Medora Pure Marine Collagen| Germany 120 Capsules,,,2025-07-08,16:00,0.0,0,0.0,,Medora
B089764H3P,Medora Pure Marine Collagen| Germany 120 Capsules,,,2025-07-08,18:00,0.0,0,0.0,,Medora
B089764H3P,Medora Pure Marine Collagen| Germany 120 Capsules,,,2025-07-08,20:00,0.0,0,0.0,,Medora
B089764H3P,Medora Pure Marine Collagen| Germany 120 Capsules,,,2025-07-09,12:30,0.0,0,0.0,,Medora
B089764H3P,Medora Pure Marine Collagen| Germany 120 Capsules,,,2025-07-09,16:00,0.0,0,0.0,,Medora
B00HSIZVN8,VitalCore Garcinia Cambogia Pure 1000mg 60 Capsules,,,2025-07-08,12:00,0.0,0,0.0,,VitalCore
B00HSIZVN8,VitalCore Garcinia Cambogia Pure 1000mg 60 Capsules,,,2025-07-08,16:00,0.0,0,0.0,,VitalCore
B00HSIZVN8,VitalCore Garcinia Cambogia Pure 1000mg 60 Capsules,,,2025-07-08,18:00,0.0,0,0.0,,VitalCore
B00HSIZVN8,VitalCore Garcinia Cambogia Pure 1000mg 60 Capsules,,,2025-07-08,20:00,0.0,0,0.0,,VitalCore
B00HSIZVN8,VitalCore Garcinia Cambogia Pure 1000mg 60 Capsules,,,2025-07-09,12:30,0.0,0,0.0,,VitalCore
B00HSIZVN8,VitalCore Garcinia Cambogia Pure 1000mg 60 Capsules,,,2025-07-09,16:00,0.0,0,0.0,,VitalCore
B07J1VXFPJ,mysmile Teeth Whitening Kit,,,2025-07-08,12:00,0.0,0,0.0,,Other
B07J1VXFPJ,mysmile Teeth Whitening Kit,,,2025-07-08,16:00,0.0,0,0.0,,Other
B07J1VXFPJ,mysmile Teeth Whitening Kit,,,2025-07-08,18:00,0.0,0,0.0,,Other
B07J1VXFPJ,mysmile Teeth Whitening Kit,,,2025-07-08,20:00,0.0,0,0.0,,Other
B07J1VXFPJ,mysmile Teeth Whitening Kit,,,2025-07-09,12:30,0.0,0,0.0,,Other
B07J1VXFPJ,mysmile Teeth Whitening Kit,,,2025-07-09,16:00,0.0,0,0.0,,Other
B08D97X91K,mysmile Day and Night Toothpaste with Brush,,,2025-07-08,12:00,0.0,0,0.0,,Other
B08D97X91K,mysmile Day and Night Toothpaste with Brush,,,2025-07-08,16:00,0.0,0,0.0,,Other
B08D97X91K,mysmile Day and Night Toothpaste with Brush,,,2025-07-08,18:00,0.0,0,0.0,,Other
B08D97X91K,mysmile Day and Night Toothpaste with Brush,,,2025-07-08,20:00,0.0,0,0.0,,Other
B08D97X91K,mysmile Day and Night Toothpaste with Brush,,,2025-07-09,12:30,0.0,0,0.0,,Other
B08D97X91K,mysmile Day and Night Toothpaste with Brush,,,2025-07-09,16:00,0.0,0,0.0,,Other
B07MBZGW8Q,VitalCore Organic Neem Leaves 200g Powder,,,2025-07-08,12:00,0.0,0,0.0,,VitalCore
B07MBZGW8Q,VitalCore Organic Neem Leaves 200g Powder,,,2025-07-08,16:00,0.0,0,0.0,,VitalCore
B07MBZGW8Q,VitalCore Organic Neem Leaves 200g Powder,,,2025-07-08,18:00,0.0,0,0.0,,VitalCore
B07MBZGW8Q,VitalCore Organic Neem Leaves 200g Powder,,,2025-07-08,20:00,0.0,0,0.0,,VitalCore
B07MBZGW8Q,VitalCore Organic Neem Leaves 200g Powder,,,2025-07-09,12:30,0.0,0,0.0,,VitalCore
B07MBZGW8Q,VitalCore Organic Neem Leaves 200g Powder,,,2025-07-09,16:00,0.0,0,0.0,,VitalCore
B0BTYFD228,VitalCore Prenatal Multivitamin 120 Gummies,,,2025-07-08,12:00,0.0,0,0.0,,VitalCore
B0BTYFD228,VitalCore Prenatal Multivitamin 120 Gummies,,,2025-07-08,16:00,0.0,0,0.0,,VitalCore
B0BTYFD228,VitalCore Prenatal Multivitamin 120 Gummies,,,2025-07-08,18:00,0.0,0,0.0,,VitalCore
B0BTYFD228,VitalCore Prenatal Multivitamin 120 Gummies,,,2025-07-08,20:00,0.0,0,0.0,,VitalCore
B0BTYFD228,VitalCore Prenatal Multivitamin 120 Gummies,,,2025-07-09,12:30,0.0,0,0.0,,VitalCore
B0BTYFD228,VitalCore Prenatal Multivitamin 120 Gummies,,,2025-07-09,16:00,0.0,0,0.0,,VitalCore
B08KZ26V41,VitalCore Skinny and Detox tea 28 Teabags,Aneesh,Syed,2025-07-08,12:00,0.0,0,0.0,,VitalCore
B08KZ26V41,VitalCore Skinny and Detox tea 28 Teabags,Aneesh,Syed,2025-07-08,16:00,0.0,0,0.0,,VitalCore
B08KZ26V41,VitalCore Skinny and Detox tea 28 Teabags,Aneesh,Syed,2025-07-08,18:00,0.0,0,0.0,,VitalCore
B08KZ26V41,VitalCore Skinny and Detox tea 28 Teabags,Aneesh,Syed,2025-07-08,20:00,0.0,0,0.0,,VitalCore
B08KZ26V41,VitalCore Skinny and Detox tea 28 Teabags,Aneesh,Syed,2025-07-09,12:30,0.0,0,0.0,,VitalCore
B08KZ26V41,VitalCore Skinny and Detox tea 28 Teabags,Aneesh,Syed,2025-07-09,16:00,0.0,0,0.0,,VitalCore
B07PYGZR69,mysmile Teeth Whitening Gels,,,2025-07-08,12:00,0.0,0,0.0,,Other
B07PYGZR69,mysmile Teeth Whitening Gels,,,2025-07-08,16:00,0.0,0,0.0,,Other
B07PYGZR69,mysmile Teeth Whitening Gels,,,2025-07-08,18:00,0.0,0,0.0,,Other
B07PYGZR69,mysmile Teeth Whitening Gels,,,2025-07-08,20:00,0.0,0,0.0,,Other
B07PYGZR69,mysmile Teeth Whitening Gels,,,2025-07-09,12:30,0.0,0,0.0,,Other
B07PYGZR69,mysmile Teeth Whitening Gels,,,2025-07-09,16:00,0.0,0,0.0,,Other
B081RYKPRB,PawVista Grooming and De-shedding Brush,,,2025-07-08,12:00,0.0,0,0.0,,PawVista
B081RYKPRB,PawVista Grooming and De-shedding Brush,,,2025-07-08,16:00,0.0,0,0.0,,PawVista
B081RYKPRB,PawVista Grooming and De-shedding Brush,,,2025-07-08,18:00,0.0,0,0.0,,PawVista
B081RYKPRB,PawVista Grooming and De-shedding Brush,,,2025-07-08,20:00,0.0,0,0.0,,PawVista
B081RYKPRB,PawVista Grooming and De-shedding Brush,,,2025-07-09,12:30,0.0,0,0.0,,PawVista
B081RYKPRB,PawVista Grooming and De-shedding Brush,,,2025-07-09,16:00,0.0,0,0.0,,PawVista
B07W5JDT32,VitalCore Hemp Patch 20 Patches,Tamahra,Syed,2025-07-08,12:00,0.0,0,0.0,,VitalCore
B07W5JDT32,VitalCore Hemp Patch 20 Patches,Tamahra,Syed,2025-07-08,16:00,0.0,0,0.0,,VitalCore
B07W5JDT32,VitalCore Hemp Patch 20 Patches,Tamahra,Syed,2025-07-08,18:00,0.0,0,0.0,,VitalCore
B07W5JDT32,VitalCore Hemp Patch 20 Patches,Tamahra,Syed,2025-07-08,20:00,0.0,0,0.0,,VitalCore
B07W5JDT32,VitalCore Hemp Patch 20 Patches,Tamahra,Syed,2025-07-09,12:30,0.0,0,0.0,,VitalCore
B07W5JDT32,VitalCore Hemp Patch 20 Patches,Tamahra,Syed,2025-07-09,16:00,0.0,0,0.0,,VitalCore
B088SJHM94,Medora Activated Charcoal Capsules | Germany 2000mg 180 Capsules,,,2025-07-08,12:00,0.0,0,0.0,,Medora
B088SJHM94,Medora Activated Charcoal Capsules | Germany 2000mg 180 Capsules,,,2025-07-08,16:00,0.0,0,0.0,,Medora
B088SJHM94,Medora Activated Charcoal Capsules | Germany 2000mg 180 Capsules,,,2025-07-08,18:00,0.0,0,0.0,,Medora
B088SJHM94,Medora Activated Charcoal Capsules | Germany 2000mg 180 Capsules,,,2025-07-08,20:00,0.0,0,0.0,,Medora
B088SJHM94,Medora Activated Charcoal Capsules | Germany 2000mg 180 Capsules,,,2025-07-09,12:30,0.0,0,0.0,,Medora
B088SJHM94,Medora Activated Charcoal Capsules | Germany 2000mg 180 Capsules,,,2025-07-09,16:00,0.0,0,0.0,,Medora
B08HYVCTG7,PawVista Flea and Tick Collar Device,,,2025-07-08,12:00,0.0,0,0.0,,PawVista
B08HYVCTG7,PawVista Flea and Tick Collar Device,,,2025-07-08,16:00,0.0,0,0.0,,PawVista
B08HYVCTG7,PawVista Flea and Tick Collar Device,,,2025-07-08,18:00,0.0,0,0.0,,PawVista
B08HYVCTG7,PawVista Flea and Tick Collar Device,,,2025-07-08,20:00,0.0,0,0.0,,PawVista
B08HYVCTG7,PawVista Flea and Tick Collar Device,,,2025-07-09,12:30,0.0,0,0.0,,PawVista
B08HYVCTG7,PawVista Flea and Tick Collar Device,,,2025-07-09,16:00,0.0,0,0.0,,PawVista
B091GWS1B3,VitalCore BellyXS,,,2025-07-08,12:00,0.0,0,0.0,,VitalCore
B091GWS1B3,VitalCore BellyXS,,,2025-07-08,16:00,0.0,0,0.0,,VitalCore
B091GWS1B3,VitalCore BellyXS,,,2025-07-08,18:00,0.0,0,0.0,,VitalCore
B091GWS1B3,VitalCore BellyXS,,,2025-07-08,20:00,0.0,0,0.0,,VitalCore
B091GWS1B3,VitalCore BellyXS,,,2025-07-09,12:30,0.0,0,0.0,,VitalCore
B091GWS1B3,VitalCore BellyXS,,,2025-07-09,16:00,0.0,0,0.0,,VitalCore
B0B8SVNKVZ,Eco Masters Rose Quartz with Guasha & Vitamin C Serum Device,Tamahra,Srikara,2025-07-08,12:00,0.0,0,0.0,,Other
B0B8SVNKVZ,Eco Masters Rose Quartz with Guasha & Vitamin C Serum Device,Tamahra,Srikara,2025-07-08,16:00,0.0,0,0.0,,Other
B0B8SVNKVZ,Eco Masters Rose Quartz with Guasha & Vitamin C Serum Device,Tamahra,Srikara,2025-07-08,18:00,0.0,0,0.0,,Other
B0B8SVNKVZ,Eco Masters Rose Quartz with Guasha & Vitamin C Serum Device,Tamahra,Srikara,2025-07-08,20:00,0.0,0,0.0,,Other
B0B8SVNKVZ,Eco Masters Rose Quartz with Guasha & Vitamin C Serum Device,Tamahra,Srikara,2025-07-09,12:30,0.0,0,0.0,,Other
B0B8SVNKVZ,Eco Masters Rose Quartz with Guasha & Vitamin C Serum Device,Tamahra,Srikara,2025-07-09,16:00,0.0,0,0.0,,Other
B0BF5JSCWR,VitalCore Quercetin Complex 610mg 180 Capsule,,,2025-07-08,12:00,0.0,0,0.0,,VitalCore
B0BF5JSCWR,VitalCore Quercetin Complex 610mg 180 Capsule,,,2025-07-08,16:00,0.0,0,0.0,,VitalCore
B0BF5JSCWR,VitalCore Quercetin Complex 610mg 180 Capsule,,,2025-07-08,18:00,0.0,0,0.0,,VitalCore
B0BF5JSCWR,VitalCore Quercetin Complex 610mg 180 Capsule,,,2025-07-08,20:00,0.0,0,0.0,,VitalCore
B0BF5JSCWR,VitalCore Quercetin Complex 610mg 180 Capsule,,,2025-07-09,12:30,0.0,0,0.0,,VitalCore
B0BF5JSCWR,VitalCore Quercetin Complex 610mg 180 Capsule,,,2025-07-09,16:00,0.0,0,0.0,,VitalCore
B0BKQWPT5K,PawVista Salmon Oil 500ml Liquid,,,2025-07-08,12:00,0.0,0,0.0,,PawVista
B0BKQWPT5K,PawVista Salmon Oil 500ml Liquid,,,2025-07-08,16:00,0.0,0,0.0,,PawVista
B0BKQWPT5K,PawVista Salmon Oil 500ml Liquid,,,2025-07-08,18:00,0.0,0,0.0,,PawVista
B0BKQWPT5K,PawVista Salmon Oil 500ml Liquid,,,2025-07-08,20:00,0.0,0,0.0,,PawVista
B0BKQWPT5K,PawVista Salmon Oil 500ml Liquid,,,2025-07-09,12:30,0.0,0,0.0,,PawVista
B0BKQWPT5K,PawVista Salmon Oil 500ml Liquid,,,2025-07-09,16:00,0.0,0,0.0,,PawVista
B07RWZZKSX,mysmile Activated Charcoal Powder with Bamboo Toothbrush 200g Powder,,,2025-07-08,12:00,0.0,0,0.0,,Other
B07RWZZKSX,mysmile Activated Charcoal Powder with Bamboo Toothbrush 200g Powder,,,2025-07-08,16:00,0.0,0,0.0,,Other
B07RWZZKSX,mysmile Activated Charcoal Powder with Bamboo Toothbrush 200g Powder,,,2025-07-08,18:00,0.0,0,0.0,,Other
B07RWZZKSX,mysmile Activated Charcoal Powder with Bamboo Toothbrush 200g Powder,,,2025-07-08,20:00,0.0,0,0.0,,Other
B07RWZZKSX,mysmile Activated Charcoal Powder with Bamboo Toothbrush 200g Powder,,,2025-07-09,12:30,0.0,0,0.0,,Other
B07RWZZKSX,mysmile Activated Charcoal Powder with Bamboo Toothbrush 200g Powder,,,2025-07-09,16:00,0.0,0,0.0,,Other
B0CDQDWXN4,VitalCore Marine Collagen with Hyaluronic Acid - 60 Gummies,,,2025-07-08,12:00,0.0,0,0.0,,VitalCore
B0CDQDWXN4,VitalCore Marine Collagen with Hyaluronic Acid - 60 Gummies,,,2025-07-08,16:00,0.0,0,0.0,,VitalCore
B0CDQDWXN4,VitalCore Marine Collagen with Hyaluronic Acid - 60 Gummies,,,2025-07-08,18:00,0.0,0,0.0,,VitalCore
B0CDQDWXN4,VitalCore Marine Collagen with Hyaluronic Acid - 60 Gummies,,,2025-07-08,20:00,0.0,0,0.0,,VitalCore
B0CDQDWXN4,VitalCore Marine Collagen with Hyaluronic Acid - 60 Gummies,,,2025-07-09,12:30,0.0,0,0.0,,VitalCore
B0CDQDWXN4,VitalCore Marine Collagen with Hyaluronic Acid - 60 Gummies,,,2025-07-09,16:00,0.0,0,0.0,,VitalCore
B0C6QSSZ5C,Probiotic patchs,,,2025-07-08,12:00,0.0,0,0.0,,Other
B0C6QSSZ5C,Probiotic patchs,,,2025-07-08,16:00,0.0,0,0.0,,Other
B0C6QSSZ5C,Probiotic patchs,,,2025-07-08,18:00,0.0,0,0.0,,Other
B0C6QSSZ5C,Probiotic patchs,,,2025-07-08,20:00,0.0,0,0.0,,Other
B0C6QSSZ5C,Probiotic patchs,,,2025-07-09,12:30,0.0,0,0.0,,Other
B0C6QSSZ5C,Probiotic patchs,,,2025-07-09,16:00,0.0,0,0.0,,Other
