month_start_date,year_month,asin,seo_handler,target_revenue,target_gp,active_target_revenue,active_target_gp,total_income,gross_profit,rev_attain_pct,gp_attain_pct,gp_margin_pct,rev_gap_vs_active,gp_gap_vs_active,is_incomplete_month,has_zero_income,plan_but_inactive
2025-01-01,2025-01,B01N5FSCHQ,Aneesh Kumar,35000.0,6650.0,35000.0,6650.0,12640.0,1116.0,36.11,16.78,8.83,-22360.0,-5534.0,0,0,0
2025-01-01,2025-01,B01N673US9,Aneesh Kumar,6500.0,850.0,5661.0,740.0,3345.0,485.0,59.09,65.54,14.5,-2316.0,-255.0,0,0,0
2025-01-01,2025-01,B0771T1WRL,Aneesh Kumar,7500.0,1875.0,6774.0,1693.0,5364.0,1748.0,79.19,103.25,32.59,-1410.0,55.0,0,0,0
2025-01-01,2025-01,B078Y7M3S1,Aneesh Kumar,81500.0,14670.0,81500.0,14670.0,46030.0,8823.0,56.48,60.14,19.17,-35470.0,-5847.0,0,0,0
2025-01-01,2025-01,B079C336Y3,Aneesh Kumar,71000.0,14910.0,54968.0,11543.0,45510.0,10444.0,82.79,90.48,22.95,-9458.0,-1099.0,0,0,0
2025-01-01,2025-01,B07GXS7XS2,Aneesh Kumar,3200.0,448.0,2478.0,347.0,3948.0,1005.0,159.32,289.63,25.46,1470.0,658.0,0,0,0
2025-01-01,2025-01,B07GYL1WMY,Aneesh Kumar,2000.0,460.0,2000.0,460.0,864.0,202.0,43.2,43.91,23.38,-1136.0,-258.0,0,0,0
2025-01-01,2025-01,B07GYW9CVG,Aneesh Kumar,2500.0,480.0,2500.0,480.0,1576.0,209.0,63.04,43.54,13.26,-924.0,-271.0,0,0,0
2025-01-01,2025-01,B07HGCZRVW,Aneesh Kumar,4200.0,500.0,4200.0,500.0,2560.0,441.0,60.95,88.2,17.23,-1640.0,-59.0,0,0,0
2025-01-01,2025-01,B07HGD7YF5,Aneesh Kumar,7000.0,350.0,7000.0,350.0,1033.0,-25.0,14.76,-7.14,-2.42,-5967.0,-375.0,0,0,0
2025-01-01,2025-01,B07HGDT9MT,Aneesh Kumar,1000.0,100.0,1000.0,100.0,438.0,12.0,43.8,12.0,2.74,-562.0,-88.0,0,0,0
2025-01-01,2025-01,B07KC93HR1,Aneesh Kumar,4000.0,600.0,0.0,0.0,0.0,0.0,0.0,0.0,,0.0,0.0,0,1,1
2025-01-01,2025-01,B07L5JH3NT,Aneesh Kumar,2500.0,500.0,1452.0,290.0,844.0,156.0,58.13,53.79,18.48,-608.0,-134.0,0,0,0
2025-01-01,2025-01,B07L8LSQDV,Aneesh Kumar,1750.0,123.0,1750.0,123.0,514.0,70.0,29.37,56.91,13.62,-1236.0,-53.0,0,0,0
2025-01-01,2025-01,B07LH6X6VC,Aneesh Kumar,19000.0,4180.0,12871.0,2832.0,18497.0,3510.0,143.71,123.94,18.98,5626.0,678.0,0,0,0
2025-01-01,2025-01,B07MBZGW8Q,Aneesh Kumar,1800.0,342.0,1568.0,298.0,1804.0,472.0,115.05,158.39,26.16,236.0,174.0,0,0,0
2025-01-01,2025-01,B07MWC4C5X,Aneesh Kumar,500.0,75.0,500.0,75.0,482.0,116.0,96.4,154.67,24.07,-18.0,41.0,0,0,0
2025-01-01,2025-01,B07RY9SYLV,Aneesh Kumar,3500.0,630.0,3500.0,630.0,3175.0,475.0,90.71,75.4,14.96,-325.0,-155.0,0,0,0
2025-01-01,2025-01,B07ZKMCN2Z,Aneesh Kumar,23000.0,4140.0,23000.0,4140.0,10081.0,2466.0,43.83,59.57,24.46,-12919.0,-1674.0,0,0,0
2025-01-01,2025-01,B081NCGQPB,Aneesh Kumar,13000.0,2470.0,10064.0,1912.0,5520.0,1286.0,54.85,67.26,23.3,-4544.0,-626.0,0,0,0
2025-01-01,2025-01,B081Z6V1J6,Aneesh Kumar,3750.0,638.0,3750.0,638.0,2831.0,574.0,75.49,89.97,20.28,-919.0,-64.0,0,0,0
2025-01-01,2025-01,B086T13DD6,Aneesh Kumar,15000.0,3150.0,15000.0,3150.0,10727.0,2628.0,71.51,83.43,24.5,-4273.0,-522.0,0,0,0
2025-01-01,2025-01,B088RKYG7C,Aneesh Kumar,3200.0,832.0,3200.0,832.0,1822.0,633.0,56.94,76.08,34.74,-1378.0,-199.0,0,0,0
2025-01-01,2025-01,B089764H3P,Aneesh Kumar,700.0,105.0,0.0,0.0,0.0,0.0,0.0,0.0,,0.0,0.0,0,1,1
2025-01-01,2025-01,B089QHX5PH,Aneesh Kumar,1650.0,200.0,106.0,13.0,330.0,61.0,311.32,469.23,18.48,224.0,48.0,0,0,0
2025-01-01,2025-01,B08BWSTJBR,Aneesh Kumar,5400.0,850.0,5400.0,850.0,4023.0,796.0,74.5,93.65,19.79,-1377.0,-54.0,0,0,0
2025-01-01,2025-01,B08D9N5CK4,Aneesh Kumar,7400.0,1406.0,7400.0,1406.0,5176.0,1174.0,69.95,83.5,22.68,-2224.0,-232.0,0,0,0
2025-01-01,2025-01,B08HJPDMTR,Aneesh Kumar,55000.0,13750.0,44355.0,11089.0,18435.0,3908.0,41.56,35.24,21.2,-25920.0,-7181.0,0,0,0
2025-01-01,2025-01,B08KJ9FZBC,Aneesh Kumar,23000.0,5520.0,1484.0,356.0,3233.0,895.0,217.86,251.4,27.68,1749.0,539.0,0,0,0
2025-01-01,2025-01,B08KRNGDTR,Aneesh Kumar,3200.0,416.0,3200.0,416.0,1194.0,99.0,37.31,23.8,8.29,-2006.0,-317.0,0,0,0
2025-01-01,2025-01,B08Z826CNN,Aneesh Kumar,1200.0,120.0,1200.0,120.0,1340.0,173.0,111.67,144.17,12.91,140.0,53.0,0,0,0
2025-01-01,2025-01,B091FV1FHQ,Aneesh Kumar,5200.0,988.0,5200.0,988.0,5624.0,1307.0,108.15,132.29,23.24,424.0,319.0,0,0,0
2025-01-01,2025-01,B0924PFYN9,Aneesh Kumar,25000.0,4500.0,19355.0,3484.0,22188.0,5299.0,114.64,152.1,23.88,2833.0,1815.0,0,0,0
2025-01-01,2025-01,B0924R63CJ,Aneesh Kumar,3800.0,950.0,2329.0,582.0,1514.0,342.0,65.01,58.76,22.59,-815.0,-240.0,0,0,0
2025-01-01,2025-01,B092Q8SGPT,Aneesh Kumar,13500.0,2700.0,13500.0,2700.0,14614.0,3374.0,108.25,124.96,23.09,1114.0,674.0,0,0,0
2025-01-01,2025-01,B093CB31XT,Aneesh Kumar,3000.0,360.0,3000.0,360.0,1845.0,100.0,61.5,27.78,5.42,-1155.0,-260.0,0,0,0
2025-01-01,2025-01,B09BJPTHVR,Aneesh Kumar,6000.0,2100.0,6000.0,2100.0,5572.0,1864.0,92.87,88.76,33.45,-428.0,-236.0,0,0,0
2025-01-01,2025-01,B09NC8LVDK,Aneesh Kumar,900.0,261.0,900.0,261.0,724.0,240.0,80.44,91.95,33.15,-176.0,-21.0,0,0,0
2025-01-01,2025-01,B0B8SWNKD7,Aneesh Kumar,3500.0,525.0,3500.0,525.0,2568.0,348.0,73.37,66.29,13.55,-932.0,-177.0,0,0,0
2025-01-01,2025-01,B0BFXGNM1T,Aneesh Kumar,1200.0,180.0,1200.0,180.0,1662.0,174.0,138.5,96.67,10.47,462.0,-6.0,0,0,0
2025-01-01,2025-01,B0BNVKF7C9,Aneesh Kumar,6700.0,1340.0,4539.0,908.0,6040.0,1242.0,133.07,136.78,20.56,1501.0,334.0,0,0,0
2025-01-01,2025-01,B0BSGZV1T9,Aneesh Kumar,5500.0,715.0,5500.0,715.0,3967.0,-88.0,72.13,-12.31,-2.22,-1533.0,-803.0,0,0,0
2025-01-01,2025-01,B0BT85QTFQ,Aneesh Kumar,7500.0,3750.0,7500.0,3750.0,1269.0,582.0,16.92,15.52,45.86,-6231.0,-3168.0,0,0,0
2025-01-01,2025-01,B0BTYFD228,Aneesh Kumar,1800.0,360.0,0.0,0.0,39.0,15.0,2.17,4.17,38.46,39.0,15.0,0,0,1
2025-01-01,2025-01,B0C7WG2333,Aneesh Kumar,16300.0,2400.0,12619.0,1858.0,8394.0,1907.0,66.52,102.64,22.72,-4225.0,49.0,0,0,0
2025-01-01,2025-01,B0CDQDWXN4,Aneesh Kumar,5000.0,700.0,0.0,0.0,0.0,0.0,0.0,0.0,,0.0,0.0,0,1,1
2025-01-01,2025-01,B0CF28WQH3,Aneesh Kumar,3000.0,240.0,2419.0,194.0,3626.0,-25.0,149.9,-12.89,-0.69,1207.0,-219.0,0,0,0
2025-01-01,2025-01,B0CLVCMHBS,Aneesh Kumar,5000.0,800.0,0.0,0.0,50.0,16.0,1.0,2.0,32.0,50.0,16.0,0,0,1
2025-01-01,2025-01,B0CQ1Y7H9N,Aneesh Kumar,1500.0,150.0,1210.0,121.0,685.0,200.0,56.61,165.29,29.2,-525.0,79.0,0,0,0
2025-01-01,2025-01,B0CR14DN7M,Aneesh Kumar,2000.0,360.0,710.0,128.0,421.0,94.0,59.3,73.44,22.33,-289.0,-34.0,0,0,0
2025-01-01,2025-01,B0CSK9ZG34,Aneesh Kumar,3800.0,456.0,3310.0,397.0,2026.0,197.0,61.21,49.62,9.72,-1284.0,-200.0,0,0,0
2025-01-01,2025-01,B0CSKBLHCB,Aneesh Kumar,3200.0,640.0,3200.0,640.0,1110.0,150.0,34.69,23.44,13.51,-2090.0,-490.0,0,0,0
2025-01-01,2025-01,B0CTVQVDMG,Aneesh Kumar,1800.0,180.0,406.0,41.0,516.0,128.0,127.09,312.2,24.81,110.0,87.0,0,0,0
2025-01-01,2025-01,B0DBQ2ZWVB,Aneesh Kumar,2500.0,250.0,1532.0,153.0,679.0,77.0,44.32,50.33,11.34,-853.0,-76.0,0,0,0
2025-01-01,2025-01,B0DCP2BQBP,Aneesh Kumar,1500.0,150.0,919.0,92.0,518.0,-118.0,56.37,-128.26,-22.78,-401.0,-210.0,0,0,0
2025-02-01,2025-02,B01N5FSCHQ,Aneesh Kumar,30000.0,5700.0,30000.0,5700.0,12205.0,2342.0,40.68,41.09,19.19,-17795.0,-3358.0,0,0,0
2025-02-01,2025-02,B01N673US9,Aneesh Kumar,5000.0,900.0,3750.0,675.0,2749.0,704.0,73.31,104.3,25.61,-1001.0,29.0,0,0,0
2025-02-01,2025-02,B0771T1WRL,Aneesh Kumar,7000.0,1750.0,7000.0,1750.0,5353.0,1684.0,76.47,96.23,31.46,-1647.0,-66.0,0,0,0
2025-02-01,2025-02,B078Y7M3S1,Aneesh Kumar,76000.0,13680.0,76000.0,13680.0,34738.0,3951.0,45.71,28.88,11.37,-41262.0,-9729.0,0,0,0
2025-02-01,2025-02,B079C336Y3,Aneesh Kumar,68000.0,14280.0,19429.0,4080.0,27860.0,6815.0,143.39,167.03,24.46,8431.0,2735.0,0,0,0
2025-02-01,2025-02,B07GXS7XS2,Aneesh Kumar,2900.0,406.0,2900.0,406.0,2908.0,467.0,100.28,115.02,16.06,8.0,61.0,0,0,0
2025-02-01,2025-02,B07GYL1WMY,Aneesh Kumar,2000.0,460.0,1929.0,444.0,1050.0,232.0,54.43,52.25,22.1,-879.0,-212.0,0,0,0
2025-02-01,2025-02,B07GYW9CVG,Aneesh Kumar,2150.0,473.0,1459.0,321.0,1130.0,172.0,77.45,53.58,15.22,-329.0,-149.0,0,0,0
2025-02-01,2025-02,B07HGCZRVW,Aneesh Kumar,3900.0,850.0,3900.0,850.0,1705.0,256.0,43.72,30.12,15.01,-2195.0,-594.0,0,0,0
2025-02-01,2025-02,B07HGD7YF5,Aneesh Kumar,6500.0,390.0,6500.0,390.0,1258.0,-82.0,19.35,-21.03,-6.52,-5242.0,-472.0,0,0,0
2025-02-01,2025-02,B07HGDT9MT,Aneesh Kumar,1000.0,120.0,1000.0,120.0,645.0,-15.0,64.5,-12.5,-2.33,-355.0,-135.0,0,0,0
2025-02-01,2025-02,B07KC93HR1,Aneesh Kumar,3700.0,629.0,2114.0,359.0,1037.0,259.0,49.05,72.14,24.98,-1077.0,-100.0,0,0,0
2025-02-01,2025-02,B07L5JH3NT,Aneesh Kumar,2200.0,506.0,0.0,0.0,114.0,31.0,5.18,6.13,27.19,114.0,31.0,0,0,1
2025-02-01,2025-02,B07L8LSQDV,Aneesh Kumar,1650.0,165.0,1650.0,165.0,675.0,43.0,40.91,26.06,6.37,-975.0,-122.0,0,0,0
2025-02-01,2025-02,B07LH6X6VC,Aneesh Kumar,16000.0,3520.0,16000.0,3520.0,16691.0,3100.0,104.32,88.07,18.57,691.0,-420.0,0,0,0
2025-02-01,2025-02,B07MBZGW8Q,Aneesh Kumar,1700.0,323.0,0.0,0.0,24.0,1.0,1.41,0.31,4.17,24.0,1.0,0,0,1
2025-02-01,2025-02,B07MWC4C5X,Aneesh Kumar,500.0,75.0,500.0,75.0,223.0,48.0,44.6,64.0,21.52,-277.0,-27.0,0,0,0
2025-02-01,2025-02,B07RY9SYLV,Aneesh Kumar,3100.0,620.0,3100.0,620.0,2949.0,144.0,95.13,23.23,4.88,-151.0,-476.0,0,0,0
2025-02-01,2025-02,B07ZKMCN2Z,Aneesh Kumar,20000.0,3600.0,20000.0,3600.0,8145.0,2094.0,40.73,58.17,25.71,-11855.0,-1506.0,0,0,0
2025-02-01,2025-02,B081NCGQPB,Aneesh Kumar,10500.0,1995.0,10500.0,1995.0,3976.0,1361.0,37.87,68.22,34.23,-6524.0,-634.0,0,0,0
2025-02-01,2025-02,B081Z6V1J6,Aneesh Kumar,3500.0,665.0,3500.0,665.0,2577.0,529.0,73.63,79.55,20.53,-923.0,-136.0,0,0,0
2025-02-01,2025-02,B086T13DD6,Aneesh Kumar,12500.0,2625.0,12500.0,2625.0,9780.0,2378.0,78.24,90.59,24.31,-2720.0,-247.0,0,0,0
2025-02-01,2025-02,B088RKYG7C,Aneesh Kumar,2900.0,754.0,0.0,0.0,789.0,285.0,27.21,37.8,36.12,789.0,285.0,0,0,1
2025-02-01,2025-02,B089764H3P,Aneesh Kumar,700.0,126.0,0.0,0.0,0.0,0.0,0.0,0.0,,0.0,0.0,0,1,1
2025-02-01,2025-02,B089QHX5PH,Aneesh Kumar,1450.0,290.0,363.0,73.0,116.0,-7.0,31.96,-9.59,-6.03,-247.0,-80.0,0,0,0
2025-02-01,2025-02,B08BWSTJBR,Aneesh Kumar,4700.0,1100.0,4700.0,1100.0,3993.0,623.0,84.96,56.64,15.6,-707.0,-477.0,0,0,0
2025-02-01,2025-02,B08D9N5CK4,Aneesh Kumar,6200.0,1178.0,6200.0,1178.0,4887.0,1028.0,78.82,87.27,21.04,-1313.0,-150.0,0,0,0
2025-02-01,2025-02,B08HJPDMTR,Aneesh Kumar,45000.0,12150.0,45000.0,12150.0,15041.0,3505.0,33.42,28.85,23.3,-29959.0,-8645.0,0,0,0
2025-02-01,2025-02,B08KJ9FZBC,Aneesh Kumar,17000.0,4080.0,0.0,0.0,352.0,140.0,2.07,3.43,39.77,352.0,140.0,0,0,1
2025-02-01,2025-02,B08KRNGDTR,Aneesh Kumar,2700.0,405.0,2700.0,405.0,1041.0,99.0,38.56,24.44,9.51,-1659.0,-306.0,0,0,0
2025-02-01,2025-02,B08Z826CNN,Aneesh Kumar,800.0,104.0,800.0,104.0,1774.0,308.0,221.75,296.15,17.36,974.0,204.0,0,0,0
2025-02-01,2025-02,B091FV1FHQ,Aneesh Kumar,4800.0,1152.0,4800.0,1152.0,7946.0,1831.0,165.54,158.94,23.04,3146.0,679.0,0,0,0
2025-02-01,2025-02,B0924PFYN9,Aneesh Kumar,26000.0,4680.0,26000.0,4680.0,26324.0,6610.0,101.25,141.24,25.11,324.0,1930.0,0,0,0
2025-02-01,2025-02,B0924R63CJ,Aneesh Kumar,3500.0,1050.0,0.0,0.0,210.0,28.0,6.0,2.67,13.33,210.0,28.0,0,0,1
2025-02-01,2025-02,B092Q8SGPT,Aneesh Kumar,11500.0,2300.0,11500.0,2300.0,17562.0,3381.0,152.71,147.0,19.25,6062.0,1081.0,0,0,0
2025-02-01,2025-02,B093CB31XT,Aneesh Kumar,2700.0,365.0,1254.0,170.0,866.0,18.0,69.06,10.59,2.08,-388.0,-152.0,0,0,0
2025-02-01,2025-02,B09BJPTHVR,Aneesh Kumar,5500.0,1925.0,5500.0,1925.0,5114.0,1886.0,92.98,97.97,36.88,-386.0,-39.0,0,0,0
2025-02-01,2025-02,B09NC8LVDK,Aneesh Kumar,750.0,218.0,0.0,0.0,537.0,169.0,71.6,77.52,31.47,537.0,169.0,0,0,1
2025-02-01,2025-02,B0B8SWNKD7,Aneesh Kumar,3000.0,480.0,3000.0,480.0,2442.0,279.0,81.4,58.12,11.43,-558.0,-201.0,0,0,0
2025-02-01,2025-02,B0BFXGNM1T,Aneesh Kumar,1300.0,200.0,1300.0,200.0,1392.0,265.0,107.08,132.5,19.04,92.0,65.0,0,0,0
2025-02-01,2025-02,B0BNVKF7C9,Aneesh Kumar,5600.0,1120.0,5600.0,1120.0,7625.0,1328.0,136.16,118.57,17.42,2025.0,208.0,0,0,0
2025-02-01,2025-02,B0BSGZV1T9,Aneesh Kumar,5000.0,800.0,5000.0,800.0,4478.0,450.0,89.56,56.25,10.05,-522.0,-350.0,0,0,0
2025-02-01,2025-02,B0BT85QTFQ,Aneesh Kumar,8500.0,4250.0,8500.0,4250.0,926.0,416.0,10.89,9.79,44.92,-7574.0,-3834.0,0,0,0
2025-02-01,2025-02,B0BTYFD228,Aneesh Kumar,1600.0,320.0,0.0,0.0,0.0,0.0,0.0,0.0,,0.0,0.0,0,1,1
2025-02-01,2025-02,B0C7WG2333,Aneesh Kumar,14300.0,2600.0,14300.0,2600.0,9964.0,453.0,69.68,17.42,4.55,-4336.0,-2147.0,0,0,0
2025-02-01,2025-02,B0CDQDWXN4,Aneesh Kumar,5000.0,800.0,0.0,0.0,0.0,0.0,0.0,0.0,,0.0,0.0,0,1,1
2025-02-01,2025-02,B0CF28WQH3,Aneesh Kumar,4000.0,320.0,1286.0,103.0,2182.0,55.0,169.67,53.4,2.52,896.0,-48.0,0,0,0
2025-02-01,2025-02,B0CLVCMHBS,Aneesh Kumar,6500.0,1040.0,0.0,0.0,48.0,18.0,0.74,1.73,37.5,48.0,18.0,0,0,1
2025-02-01,2025-02,B0CQ1Y7H9N,Aneesh Kumar,1350.0,162.0,1350.0,162.0,395.0,48.0,29.26,29.63,12.15,-955.0,-114.0,0,0,0
2025-02-01,2025-02,B0CR14DN7M,Aneesh Kumar,1700.0,306.0,1700.0,306.0,752.0,155.0,44.24,50.65,20.61,-948.0,-151.0,0,0,0
2025-02-01,2025-02,B0CSK9ZG34,Aneesh Kumar,3500.0,525.0,3500.0,525.0,1501.0,466.0,42.89,88.76,31.05,-1999.0,-59.0,0,0,0
2025-02-01,2025-02,B0CSKBLHCB,Aneesh Kumar,2900.0,580.0,2900.0,580.0,667.0,60.0,23.0,10.34,9.0,-2233.0,-520.0,0,0,0
2025-02-01,2025-02,B0CTVQVDMG,Aneesh Kumar,2000.0,200.0,2000.0,200.0,1702.0,234.0,85.1,117.0,13.75,-298.0,34.0,0,0,0
2025-02-01,2025-02,B0DBQ2ZWVB,Aneesh Kumar,4000.0,400.0,3143.0,314.0,1431.0,266.0,45.53,84.71,18.59,-1712.0,-48.0,0,0,0
2025-02-01,2025-02,B0DCP2BQBP,Aneesh Kumar,2000.0,200.0,2000.0,200.0,1521.0,-178.0,76.05,-89.0,-11.7,-479.0,-378.0,0,0,0
2025-03-01,2025-03,B01N5FSCHQ,Aneesh Kumar,30000.0,5700.0,30000.0,5700.0,7638.0,1148.0,25.46,20.14,15.03,-22362.0,-4552.0,0,0,0
2025-03-01,2025-03,B01N673US9,Aneesh Kumar,5800.0,850.0,5800.0,850.0,3389.0,594.0,58.43,69.88,17.53,-2411.0,-256.0,0,0,0
2025-03-01,2025-03,B0771T1WRL,Aneesh Kumar,6500.0,1625.0,6500.0,1625.0,5776.0,1779.0,88.86,109.48,30.8,-724.0,154.0,0,0,0
2025-03-01,2025-03,B078Y7M3S1,Aneesh Kumar,77500.0,13950.0,57500.0,10350.0,23775.0,4796.0,41.35,46.34,20.17,-33725.0,-5554.0,0,0,0
2025-03-01,2025-03,B079C336Y3,Aneesh Kumar,71000.0,14910.0,59548.0,12505.0,48728.0,6062.0,81.83,48.48,12.44,-10820.0,-6443.0,0,0,0
2025-03-01,2025-03,B07GXS7XS2,Aneesh Kumar,3000.0,420.0,3000.0,420.0,2316.0,309.0,77.2,73.57,13.34,-684.0,-111.0,0,0,0
2025-03-01,2025-03,B07GYL1WMY,Aneesh Kumar,2000.0,460.0,2000.0,460.0,1023.0,132.0,51.15,28.7,12.9,-977.0,-328.0,0,0,0
2025-03-01,2025-03,B07GYW9CVG,Aneesh Kumar,2300.0,380.0,2300.0,380.0,1640.0,257.0,71.3,67.63,15.67,-660.0,-123.0,0,0,0
2025-03-01,2025-03,B07HGCZRVW,Aneesh Kumar,4100.0,846.0,4100.0,846.0,2008.0,286.0,48.98,33.81,14.24,-2092.0,-560.0,0,0,0
2025-03-01,2025-03,B07HGD7YF5,Aneesh Kumar,6700.0,402.0,6700.0,402.0,942.0,-62.0,14.06,-15.42,-6.58,-5758.0,-464.0,0,0,0
2025-03-01,2025-03,B07HGDT9MT,Aneesh Kumar,1000.0,100.0,1000.0,100.0,1019.0,14.0,101.9,14.0,1.37,19.0,-86.0,0,0,0
2025-03-01,2025-03,B07KC93HR1,Aneesh Kumar,3900.0,702.0,3900.0,702.0,3425.0,339.0,87.82,48.29,9.9,-475.0,-363.0,0,0,0
2025-03-01,2025-03,B07L5JH3NT,Aneesh Kumar,2300.0,529.0,0.0,0.0,146.0,41.0,6.35,7.75,28.08,146.0,41.0,0,0,1
2025-03-01,2025-03,B07L8LSQDV,Aneesh Kumar,1700.0,153.0,1700.0,153.0,823.0,79.0,48.41,51.63,9.6,-877.0,-74.0,0,0,0
2025-03-01,2025-03,B07LH6X6VC,Aneesh Kumar,17000.0,3740.0,17000.0,3740.0,24867.0,5557.0,146.28,148.58,22.35,7867.0,1817.0,0,0,0
2025-03-01,2025-03,B07MBZGW8Q,Aneesh Kumar,1750.0,333.0,0.0,0.0,24.0,3.0,1.37,0.9,12.5,24.0,3.0,0,0,1
2025-03-01,2025-03,B07MWC4C5X,Aneesh Kumar,500.0,75.0,500.0,75.0,253.0,52.0,50.6,69.33,20.55,-247.0,-23.0,0,0,0
2025-03-01,2025-03,B07RY9SYLV,Aneesh Kumar,3200.0,608.0,3200.0,608.0,3652.0,216.0,114.12,35.53,5.91,452.0,-392.0,0,0,0
2025-03-01,2025-03,B07ZKMCN2Z,Aneesh Kumar,21000.0,3780.0,21000.0,3780.0,10661.0,1286.0,50.77,34.02,12.06,-10339.0,-2494.0,0,0,0
2025-03-01,2025-03,B081NCGQPB,Aneesh Kumar,11500.0,2185.0,8903.0,1692.0,4982.0,584.0,55.96,34.52,11.72,-3921.0,-1108.0,0,0,0
2025-03-01,2025-03,B081Z6V1J6,Aneesh Kumar,3450.0,690.0,3450.0,690.0,2967.0,633.0,86.0,91.74,21.33,-483.0,-57.0,0,0,0
2025-03-01,2025-03,B086T13DD6,Aneesh Kumar,13000.0,2730.0,13000.0,2730.0,9931.0,3056.0,76.39,111.94,30.77,-3069.0,326.0,0,0,0
2025-03-01,2025-03,B088RKYG7C,Aneesh Kumar,3000.0,780.0,0.0,0.0,1967.0,553.0,65.57,70.9,28.11,1967.0,553.0,0,0,1
2025-03-01,2025-03,B089764H3P,Aneesh Kumar,700.0,112.0,0.0,0.0,0.0,0.0,0.0,0.0,,0.0,0.0,0,1,1
2025-03-01,2025-03,B089QHX5PH,Aneesh Kumar,1600.0,260.0,1600.0,260.0,928.0,27.0,58.0,10.38,2.91,-672.0,-233.0,0,0,0
2025-03-01,2025-03,B08BWSTJBR,Aneesh Kumar,4900.0,900.0,4900.0,900.0,6230.0,298.0,127.14,33.11,4.78,1330.0,-602.0,0,0,0
2025-03-01,2025-03,B08D9N5CK4,Aneesh Kumar,6400.0,1216.0,6400.0,1216.0,6908.0,1574.0,107.94,129.44,22.79,508.0,358.0,0,0,0
2025-03-01,2025-03,B08HJPDMTR,Aneesh Kumar,50000.0,12500.0,6452.0,1613.0,2249.0,598.0,34.86,37.07,26.59,-4203.0,-1015.0,0,0,0
2025-03-01,2025-03,B08KJ9FZBC,Aneesh Kumar,20000.0,4800.0,0.0,0.0,-5.0,-15.0,-0.03,-0.31,300.0,-5.0,-15.0,0,0,1
2025-03-01,2025-03,B08KRNGDTR,Aneesh Kumar,3000.0,450.0,3000.0,450.0,1443.0,122.0,48.1,27.11,8.45,-1557.0,-328.0,0,0,0
2025-03-01,2025-03,B08Z826CNN,Aneesh Kumar,900.0,117.0,900.0,117.0,1226.0,-133.0,136.22,-113.68,-10.85,326.0,-250.0,0,0,0
2025-03-01,2025-03,B091FV1FHQ,Aneesh Kumar,5000.0,1100.0,5000.0,1100.0,7323.0,1579.0,146.46,143.55,21.56,2323.0,479.0,0,0,0
2025-03-01,2025-03,B0924PFYN9,Aneesh Kumar,27000.0,4860.0,12194.0,2195.0,16079.0,3546.0,131.86,161.55,22.05,3885.0,1351.0,0,0,0
2025-03-01,2025-03,B0924R63CJ,Aneesh Kumar,3500.0,1050.0,1581.0,474.0,2247.0,567.0,142.13,119.62,25.23,666.0,93.0,0,0,0
2025-03-01,2025-03,B092Q8SGPT,Aneesh Kumar,12000.0,2400.0,12000.0,2400.0,14696.0,2833.0,122.47,118.04,19.28,2696.0,433.0,0,0,0
2025-03-01,2025-03,B093CB31XT,Aneesh Kumar,2800.0,364.0,994.0,129.0,667.0,49.0,67.1,37.98,7.35,-327.0,-80.0,0,0,0
2025-03-01,2025-03,B09BJPTHVR,Aneesh Kumar,5500.0,1925.0,5500.0,1925.0,5530.0,2092.0,100.55,108.68,37.83,30.0,167.0,0,0,0
2025-03-01,2025-03,B09NC8LVDK,Aneesh Kumar,850.0,247.0,0.0,0.0,573.0,127.0,67.41,51.42,22.16,573.0,127.0,0,0,1
2025-03-01,2025-03,B0B8SWNKD7,Aneesh Kumar,3000.0,450.0,3000.0,450.0,2770.0,336.0,92.33,74.67,12.13,-230.0,-114.0,0,0,0
2025-03-01,2025-03,B0BFXGNM1T,Aneesh Kumar,1500.0,220.0,1500.0,220.0,1167.0,148.0,77.8,67.27,12.68,-333.0,-72.0,0,0,0
2025-03-01,2025-03,B0BNVKF7C9,Aneesh Kumar,5700.0,1140.0,5700.0,1140.0,5699.0,1086.0,99.98,95.26,19.06,-1.0,-54.0,0,0,0
2025-03-01,2025-03,B0BSGZV1T9,Aneesh Kumar,5100.0,765.0,5100.0,765.0,6251.0,251.0,122.57,32.81,4.02,1151.0,-514.0,0,0,0
2025-03-01,2025-03,B0BT85QTFQ,Aneesh Kumar,9000.0,4500.0,9000.0,4500.0,949.0,453.0,10.54,10.07,47.73,-8051.0,-4047.0,0,0,0
2025-03-01,2025-03,B0BTYFD228,Aneesh Kumar,1600.0,320.0,0.0,0.0,0.0,0.0,0.0,0.0,,0.0,0.0,0,1,1
2025-03-01,2025-03,B0C7WG2333,Aneesh Kumar,15400.0,2360.0,15400.0,2360.0,7441.0,1008.0,48.32,42.71,13.55,-7959.0,-1352.0,0,0,0
2025-03-01,2025-03,B0CDQDWXN4,Aneesh Kumar,5000.0,750.0,0.0,0.0,0.0,0.0,0.0,0.0,,0.0,0.0,0,1,1
2025-03-01,2025-03,B0CF28WQH3,Aneesh Kumar,5000.0,400.0,0.0,0.0,1420.0,304.0,28.4,76.0,21.41,1420.0,304.0,0,0,1
2025-03-01,2025-03,B0CLVCMHBS,Aneesh Kumar,8500.0,1360.0,0.0,0.0,0.0,-14.0,0.0,-1.03,,0.0,-14.0,0,1,1
2025-03-01,2025-03,B0CQ1Y7H9N,Aneesh Kumar,1250.0,140.0,1250.0,140.0,653.0,36.0,52.24,25.71,5.51,-597.0,-104.0,0,0,0
2025-03-01,2025-03,B0CR14DN7M,Aneesh Kumar,1800.0,324.0,1800.0,324.0,736.0,116.0,40.89,35.8,15.76,-1064.0,-208.0,0,0,0
2025-03-01,2025-03,B0CSK9ZG34,Aneesh Kumar,3600.0,468.0,3600.0,468.0,1661.0,52.0,46.14,11.11,3.13,-1939.0,-416.0,0,0,0
2025-03-01,2025-03,B0CSKBLHCB,Aneesh Kumar,3000.0,600.0,3000.0,600.0,1215.0,113.0,40.5,18.83,9.3,-1785.0,-487.0,0,0,0
2025-03-01,2025-03,B0CTVQVDMG,Aneesh Kumar,2200.0,220.0,639.0,64.0,940.0,186.0,147.1,290.62,19.79,301.0,122.0,0,0,0
2025-03-01,2025-03,B0DBQ2ZWVB,Aneesh Kumar,5500.0,550.0,2661.0,266.0,1430.0,200.0,53.74,75.19,13.99,-1231.0,-66.0,0,0,0
2025-03-01,2025-03,B0DCP2BQBP,Aneesh Kumar,3000.0,300.0,3000.0,300.0,2993.0,298.0,99.77,99.33,9.96,-7.0,-2.0,0,0,0
2025-04-01,2025-04,B01N5FSCHQ,Aneesh Kumar,13000.0,2150.0,13000.0,2150.0,6508.0,702.0,50.06,32.65,10.79,-6492.0,-1448.0,0,0,0
2025-04-01,2025-04,B01N673US9,Aneesh Kumar,5800.0,900.0,5800.0,900.0,4429.0,688.0,76.36,76.44,15.53,-1371.0,-212.0,0,0,0
2025-04-01,2025-04,B0771T1WRL,Aneesh Kumar,6800.0,2000.0,6800.0,2000.0,5116.0,1573.0,75.24,78.65,30.75,-1684.0,-427.0,0,0,0
2025-04-01,2025-04,B078Y7M3S1,Aneesh Kumar,63000.0,11400.0,63000.0,11400.0,20788.0,4091.0,33.0,35.89,19.68,-42212.0,-7309.0,0,0,0
2025-04-01,2025-04,B079C336Y3,Aneesh Kumar,65000.0,14000.0,65000.0,14000.0,56722.0,8307.0,87.26,59.34,14.65,-8278.0,-5693.0,0,0,0
2025-04-01,2025-04,B07GX25G81,Aneesh Kumar,3500.0,600.0,3500.0,600.0,3856.0,653.0,110.17,108.83,16.93,356.0,53.0,0,0,0
2025-04-01,2025-04,B07GXS7XS2,Aneesh Kumar,3300.0,600.0,3300.0,600.0,2612.0,346.0,79.15,57.67,13.25,-688.0,-254.0,0,0,0
2025-04-01,2025-04,B07GYL1WMY,Aneesh Kumar,1400.0,300.0,1400.0,300.0,1236.0,209.0,88.29,69.67,16.91,-164.0,-91.0,0,0,0
2025-04-01,2025-04,B07GYW9CVG,Aneesh Kumar,2300.0,350.0,2300.0,350.0,1812.0,301.0,78.78,86.0,16.61,-488.0,-49.0,0,0,0
2025-04-01,2025-04,B07HB1H9ZZ,Aneesh Kumar,3000.0,360.0,3000.0,360.0,2172.0,28.0,72.4,7.78,1.29,-828.0,-332.0,0,0,0
2025-04-01,2025-04,B07HB2V5YV,Aneesh Kumar,1000.0,100.0,1000.0,100.0,594.0,49.0,59.4,49.0,8.25,-406.0,-51.0,0,0,0
2025-04-01,2025-04,B07HGD7YF5,Aneesh Kumar,1500.0,150.0,1500.0,150.0,608.0,-50.0,40.53,-33.33,-8.22,-892.0,-200.0,0,0,0
2025-04-01,2025-04,B07HGDT9MT,Aneesh Kumar,900.0,80.0,900.0,80.0,820.0,-40.0,91.11,-50.0,-4.88,-80.0,-120.0,0,0,0
2025-04-01,2025-04,B07KC93HR1,Aneesh Kumar,3200.0,500.0,3200.0,500.0,3507.0,316.0,109.59,63.2,9.01,307.0,-184.0,0,0,0
2025-04-01,2025-04,B07L5JH3NT,Aneesh Kumar,1800.0,250.0,0.0,0.0,33.0,10.0,1.83,4.0,30.3,33.0,10.0,0,0,1
2025-04-01,2025-04,B07L8LSQDV,Aneesh Kumar,1000.0,100.0,1000.0,100.0,900.0,27.0,90.0,27.0,3.0,-100.0,-73.0,0,0,0
2025-04-01,2025-04,B07L9C38RD,Aneesh Kumar,11000.0,2000.0,11000.0,2000.0,9220.0,1955.0,83.82,97.75,21.2,-1780.0,-45.0,0,0,0
2025-04-01,2025-04,B07LH6X6VC,Aneesh Kumar,26000.0,9000.0,26000.0,9000.0,43680.0,10514.0,168.0,116.82,24.07,17680.0,1514.0,0,0,0
2025-04-01,2025-04,B07MBZCG52,Aneesh Kumar,2600.0,700.0,2600.0,700.0,2412.0,708.0,92.77,101.14,29.35,-188.0,8.0,0,0,0
2025-04-01,2025-04,B07MWC4C5X,Aneesh Kumar,500.0,50.0,500.0,50.0,252.0,58.0,50.4,116.0,23.02,-248.0,8.0,0,0,0
2025-04-01,2025-04,B07RY9SYLV,Aneesh Kumar,3000.0,600.0,3000.0,600.0,3035.0,361.0,101.17,60.17,11.89,35.0,-239.0,0,0,0
2025-04-01,2025-04,B07ZKMCN2Z,Aneesh Kumar,17800.0,3500.0,17800.0,3500.0,11037.0,2754.0,62.01,78.69,24.95,-6763.0,-746.0,0,0,0
2025-04-01,2025-04,B081NCGQPB,Aneesh Kumar,9700.0,2200.0,9700.0,2200.0,7770.0,1070.0,80.1,48.64,13.77,-1930.0,-1130.0,0,0,0
2025-04-01,2025-04,B081Z6V1J6,Aneesh Kumar,3400.0,750.0,3400.0,750.0,2093.0,390.0,61.56,52.0,18.63,-1307.0,-360.0,0,0,0
2025-04-01,2025-04,B086T13DD6,Aneesh Kumar,14600.0,3200.0,14600.0,3200.0,8935.0,2138.0,61.2,66.81,23.93,-5665.0,-1062.0,0,0,0
2025-04-01,2025-04,B088RKYG7C,Aneesh Kumar,3500.0,1000.0,3500.0,1000.0,2040.0,378.0,58.29,37.8,18.53,-1460.0,-622.0,0,0,0
2025-04-01,2025-04,B089QHX5PH,Aneesh Kumar,1400.0,240.0,1400.0,240.0,784.0,84.0,56.0,35.0,10.71,-616.0,-156.0,0,0,0
2025-04-01,2025-04,B08BWSTJBR,Aneesh Kumar,5800.0,800.0,5800.0,800.0,5618.0,242.0,96.86,30.25,4.31,-182.0,-558.0,0,0,0
2025-04-01,2025-04,B08D9N5CK4,Aneesh Kumar,7400.0,1600.0,7400.0,1600.0,7708.0,2018.0,104.16,126.12,26.18,308.0,418.0,0,0,0
2025-04-01,2025-04,B08HJPDMTR,Aneesh Kumar,35700.0,8400.0,0.0,0.0,61.0,-12.0,0.17,-0.14,-19.67,61.0,-12.0,0,0,1
2025-04-01,2025-04,B08K997YCF,Aneesh Kumar,4400.0,1200.0,4400.0,1200.0,3580.0,1118.0,81.36,93.17,31.23,-820.0,-82.0,0,0,0
2025-04-01,2025-04,B08KJ9FZBC,Aneesh Kumar,19500.0,4700.0,0.0,0.0,39.0,15.0,0.2,0.32,38.46,39.0,15.0,0,0,1
2025-04-01,2025-04,B08L935BHL,Aneesh Kumar,1700.0,300.0,1700.0,300.0,1501.0,275.0,88.29,91.67,18.32,-199.0,-25.0,0,0,0
2025-04-01,2025-04,B08RRZPPNP,Aneesh Kumar,5000.0,1200.0,5000.0,1200.0,2868.0,519.0,57.36,43.25,18.1,-2132.0,-681.0,0,0,0
2025-04-01,2025-04,B08Z826CNN,Aneesh Kumar,1900.0,200.0,1900.0,200.0,1671.0,287.0,87.95,143.5,17.18,-229.0,87.0,0,0,0
2025-04-01,2025-04,B091FV1FHQ,Aneesh Kumar,8000.0,1800.0,8000.0,1800.0,10081.0,2217.0,126.01,123.17,21.99,2081.0,417.0,0,0,0
2025-04-01,2025-04,B0924PFYN9,Aneesh Kumar,30800.0,7000.0,21560.0,4900.0,23456.0,6296.0,108.79,128.49,26.84,1896.0,1396.0,0,0,0
2025-04-01,2025-04,B0924R63CJ,Aneesh Kumar,4200.0,600.0,4200.0,600.0,2490.0,432.0,59.29,72.0,17.35,-1710.0,-168.0,0,0,0
2025-04-01,2025-04,B092Q8SGPT,Aneesh Kumar,19500.0,3800.0,19500.0,3800.0,15763.0,2720.0,80.84,71.58,17.26,-3737.0,-1080.0,0,0,0
2025-04-01,2025-04,B093CB31XT,Aneesh Kumar,2700.0,300.0,2160.0,240.0,1187.0,-4.0,54.95,-1.67,-0.34,-973.0,-244.0,0,0,0
2025-04-01,2025-04,B09NC8LVDK,Aneesh Kumar,1000.0,300.0,1000.0,300.0,381.0,115.0,38.1,38.33,30.18,-619.0,-185.0,0,0,0
2025-04-01,2025-04,B0B3RJ76ML,Aneesh Kumar,3500.0,900.0,2100.0,540.0,392.0,72.0,18.67,13.33,18.37,-1708.0,-468.0,0,0,0
2025-04-01,2025-04,B0B8SWNKD7,Aneesh Kumar,3000.0,500.0,3000.0,500.0,2755.0,448.0,91.83,89.6,16.26,-245.0,-52.0,0,0,0
2025-04-01,2025-04,B0BNVKF7C9,Aneesh Kumar,9500.0,1700.0,9500.0,1700.0,4751.0,762.0,50.01,44.82,16.04,-4749.0,-938.0,0,0,0
2025-04-01,2025-04,B0BSGZV1T9,Aneesh Kumar,6000.0,700.0,6000.0,700.0,5265.0,738.0,87.75,105.43,14.02,-735.0,38.0,0,0,0
2025-04-01,2025-04,B0BT85QTFQ,Aneesh Kumar,1750.0,750.0,1750.0,750.0,951.0,461.0,54.34,61.47,48.48,-799.0,-289.0,0,0,0
2025-04-01,2025-04,B0C6Y973ZP,Aneesh Kumar,1000.0,150.0,1000.0,150.0,806.0,-4.0,80.6,-2.67,-0.5,-194.0,-154.0,0,0,0
2025-04-01,2025-04,B0C7WG2333,Aneesh Kumar,13000.0,1800.0,13000.0,1800.0,5924.0,939.0,45.57,52.17,15.85,-7076.0,-861.0,0,0,0
2025-04-01,2025-04,B0CF28WQH3,Aneesh Kumar,5000.0,400.0,4500.0,360.0,1360.0,361.0,30.22,100.28,26.54,-3140.0,1.0,0,0,0
2025-04-01,2025-04,B0CLVCMHBS,Aneesh Kumar,4500.0,600.0,0.0,0.0,15.0,-1.0,0.33,-0.17,-6.67,15.0,-1.0,0,0,1
2025-04-01,2025-04,B0CQ1Y7H9N,Aneesh Kumar,1100.0,170.0,1100.0,170.0,592.0,89.0,53.82,52.35,15.03,-508.0,-81.0,0,0,0
2025-04-01,2025-04,B0CR14DN7M,Aneesh Kumar,1300.0,240.0,1300.0,240.0,1018.0,347.0,78.31,144.58,34.09,-282.0,107.0,0,0,0
2025-04-01,2025-04,B0CSK9ZG34,Aneesh Kumar,3100.0,450.0,3100.0,450.0,1795.0,320.0,57.9,71.11,17.83,-1305.0,-130.0,0,0,0
2025-04-01,2025-04,B0CSKBLHCB,Aneesh Kumar,2300.0,280.0,2300.0,280.0,914.0,92.0,39.74,32.86,10.07,-1386.0,-188.0,0,0,0
2025-04-01,2025-04,B0CTVQVDMG,Aneesh Kumar,2600.0,500.0,2340.0,450.0,1876.0,490.0,80.17,108.89,26.12,-464.0,40.0,0,0,0
2025-04-01,2025-04,B0DBQ2ZWVB,Aneesh Kumar,3000.0,400.0,0.0,0.0,160.0,26.0,5.33,6.5,16.25,160.0,26.0,0,0,1
2025-04-01,2025-04,B0DCP2BQBP,Aneesh Kumar,3000.0,350.0,1100.0,128.0,1164.0,168.0,105.82,131.25,14.43,64.0,40.0,0,0,0
2025-04-01,2025-04,B0DN6HV7HN,Aneesh Kumar,3500.0,400.0,3500.0,400.0,1619.0,-107.0,46.26,-26.75,-6.61,-1881.0,-507.0,0,0,0
2025-05-01,2025-05,B01N5FSCHQ,Aneesh Kumar,14000.0,2200.0,14000.0,2200.0,15932.0,870.0,113.8,39.55,5.46,1932.0,-1330.0,0,0,0
2025-05-01,2025-05,B01N673US9,Aneesh Kumar,6000.0,1000.0,6000.0,1000.0,4438.0,486.0,73.97,48.6,10.95,-1562.0,-514.0,0,0,0
2025-05-01,2025-05,B0771T1WRL,Aneesh Kumar,7000.0,2100.0,2936.0,881.0,3090.0,761.0,105.25,86.38,24.63,154.0,-120.0,0,0,0
2025-05-01,2025-05,B078Y7M3S1,Aneesh Kumar,65000.0,11700.0,4194.0,755.0,3404.0,1091.0,81.16,144.5,32.05,-790.0,336.0,0,0,0
2025-05-01,2025-05,B079C336Y3,Aneesh Kumar,66000.0,14700.0,66000.0,14700.0,62273.0,8593.0,94.35,58.46,13.8,-3727.0,-6107.0,0,0,0
2025-05-01,2025-05,B07GX25G81,Aneesh Kumar,4000.0,700.0,4000.0,700.0,3990.0,621.0,99.75,88.71,15.56,-10.0,-79.0,0,0,0
2025-05-01,2025-05,B07GXS7XS2,Aneesh Kumar,3600.0,700.0,3600.0,700.0,3233.0,343.0,89.81,49.0,10.61,-367.0,-357.0,0,0,0
2025-05-01,2025-05,B07GYL1WMY,Aneesh Kumar,1500.0,300.0,1500.0,300.0,929.0,166.0,61.93,55.33,17.87,-571.0,-134.0,0,0,0
2025-05-01,2025-05,B07GYW9CVG,Aneesh Kumar,2400.0,360.0,2400.0,360.0,1485.0,219.0,61.88,60.83,14.75,-915.0,-141.0,0,0,0
2025-05-01,2025-05,B07HB1H9ZZ,Aneesh Kumar,3500.0,420.0,3500.0,420.0,2842.0,104.0,81.2,24.76,3.66,-658.0,-316.0,0,0,0
2025-05-01,2025-05,B07HB2V5YV,Aneesh Kumar,1100.0,120.0,1100.0,120.0,362.0,-61.0,32.91,-50.83,-16.85,-738.0,-181.0,0,0,0
2025-05-01,2025-05,B07HGD7YF5,Aneesh Kumar,1600.0,170.0,1600.0,170.0,1167.0,28.0,72.94,16.47,2.4,-433.0,-142.0,0,0,0
2025-05-01,2025-05,B07HGDT9MT,Aneesh Kumar,1000.0,100.0,1000.0,100.0,909.0,61.0,90.9,61.0,6.71,-91.0,-39.0,0,0,0
2025-05-01,2025-05,B07KC93HR1,Aneesh Kumar,3400.0,560.0,3400.0,560.0,3295.0,395.0,96.91,70.54,11.99,-105.0,-165.0,0,0,0
2025-05-01,2025-05,B07L5JH3NT,Aneesh Kumar,2000.0,350.0,0.0,0.0,104.0,24.0,5.2,6.86,23.08,104.0,24.0,0,0,1
2025-05-01,2025-05,B07L8LSQDV,Aneesh Kumar,1100.0,110.0,1100.0,110.0,540.0,-37.0,49.09,-33.64,-6.85,-560.0,-147.0,0,0,0
2025-05-01,2025-05,B07L9C38RD,Aneesh Kumar,11500.0,2100.0,11500.0,2100.0,10964.0,1366.0,95.34,65.05,12.46,-536.0,-734.0,0,0,0
2025-05-01,2025-05,B07LH6X6VC,Aneesh Kumar,25000.0,7300.0,25000.0,7300.0,136119.0,37939.0,544.48,519.71,27.87,111119.0,30639.0,0,0,0
2025-05-01,2025-05,B07MBZCG52,Aneesh Kumar,2800.0,800.0,2800.0,800.0,2402.0,646.0,85.79,80.75,26.89,-398.0,-154.0,0,0,0
2025-05-01,2025-05,B07MWC4C5X,Aneesh Kumar,500.0,75.0,500.0,75.0,410.0,63.0,82.0,84.0,15.37,-90.0,-12.0,0,0,0
2025-05-01,2025-05,B07RY9SYLV,Aneesh Kumar,4000.0,700.0,3742.0,655.0,2734.0,167.0,73.06,25.5,6.11,-1008.0,-488.0,0,0,0
2025-05-01,2025-05,B07ZKMCN2Z,Aneesh Kumar,18400.0,3600.0,18400.0,3600.0,9906.0,1778.0,53.84,49.39,17.95,-8494.0,-1822.0,0,0,0
2025-05-01,2025-05,B081NCGQPB,Aneesh Kumar,10000.0,2300.0,5161.0,1187.0,4381.0,298.0,84.89,25.11,6.8,-780.0,-889.0,0,0,0
2025-05-01,2025-05,B081Z6V1J6,Aneesh Kumar,3700.0,800.0,3700.0,800.0,2163.0,427.0,58.46,53.38,19.74,-1537.0,-373.0,0,0,0
2025-05-01,2025-05,B086T13DD6,Aneesh Kumar,15000.0,3300.0,15000.0,3300.0,10288.0,1514.0,68.59,45.88,14.72,-4712.0,-1786.0,0,0,0
2025-05-01,2025-05,B088RKYG7C,Aneesh Kumar,4000.0,1200.0,0.0,0.0,1371.0,411.0,34.27,34.25,29.98,1371.0,411.0,0,0,1
2025-05-01,2025-05,B089QHX5PH,Aneesh Kumar,1500.0,250.0,1500.0,250.0,880.0,73.0,58.67,29.2,8.3,-620.0,-177.0,0,0,0
2025-05-01,2025-05,B08BWSTJBR,Aneesh Kumar,6200.0,1000.0,6200.0,1000.0,3996.0,168.0,64.45,16.8,4.2,-2204.0,-832.0,0,0,0
2025-05-01,2025-05,B08D9N5CK4,Aneesh Kumar,7700.0,1700.0,7700.0,1700.0,7098.0,1714.0,92.18,100.82,24.15,-602.0,14.0,0,0,0
2025-05-01,2025-05,B08HJPDMTR,Aneesh Kumar,36800.0,8600.0,29677.0,6936.0,9748.0,1298.0,32.85,18.71,13.32,-19929.0,-5638.0,0,0,0
2025-05-01,2025-05,B08K997YCF,Aneesh Kumar,4600.0,1500.0,1929.0,629.0,2182.0,586.0,113.12,93.16,26.86,253.0,-43.0,0,0,0
2025-05-01,2025-05,B08KJ9FZBC,Aneesh Kumar,20100.0,4850.0,10374.0,2503.0,2211.0,364.0,21.31,14.54,16.46,-8163.0,-2139.0,0,0,0
2025-05-01,2025-05,B08L935BHL,Aneesh Kumar,1800.0,330.0,1800.0,330.0,1676.0,294.0,93.11,89.09,17.54,-124.0,-36.0,0,0,0
2025-05-01,2025-05,B08RRZPPNP,Aneesh Kumar,5500.0,1400.0,5500.0,1400.0,3095.0,473.0,56.27,33.79,15.28,-2405.0,-927.0,0,0,0
2025-05-01,2025-05,B08Z826CNN,Aneesh Kumar,2000.0,200.0,1419.0,142.0,-16367.0,-11661.0,-1153.42,-8211.97,71.25,-17786.0,-11803.0,0,0,0
2025-05-01,2025-05,B091FV1FHQ,Aneesh Kumar,9000.0,2000.0,9000.0,2000.0,8789.0,1733.0,97.66,86.65,19.72,-211.0,-267.0,0,0,0
2025-05-01,2025-05,B0924PFYN9,Aneesh Kumar,31800.0,8000.0,31800.0,8000.0,24366.0,5701.0,76.62,71.26,23.4,-7434.0,-2299.0,0,0,0
2025-05-01,2025-05,B0924R63CJ,Aneesh Kumar,4500.0,750.0,4500.0,750.0,2353.0,420.0,52.29,56.0,17.85,-2147.0,-330.0,0,0,0
2025-05-01,2025-05,B092Q8SGPT,Aneesh Kumar,20100.0,3900.0,20100.0,3900.0,15677.0,1637.0,78.0,41.97,10.44,-4423.0,-2263.0,0,0,0
2025-05-01,2025-05,B093CB31XT,Aneesh Kumar,2800.0,400.0,2800.0,400.0,2188.0,-76.0,78.14,-19.0,-3.47,-612.0,-476.0,0,0,0
2025-05-01,2025-05,B09NC8LVDK,Aneesh Kumar,1000.0,300.0,1000.0,300.0,104.0,-271.0,10.4,-90.33,-260.58,-896.0,-571.0,0,0,0
2025-05-01,2025-05,B0B3RJ76ML,Aneesh Kumar,5000.0,1300.0,5000.0,1300.0,1869.0,576.0,37.38,44.31,30.82,-3131.0,-724.0,0,0,0
2025-05-01,2025-05,B0B8SWNKD7,Aneesh Kumar,3200.0,550.0,2994.0,514.0,2379.0,316.0,79.46,61.48,13.28,-615.0,-198.0,0,0,0
2025-05-01,2025-05,B0BNVKF7C9,Aneesh Kumar,10000.0,1800.0,10000.0,1800.0,4799.0,1053.0,47.99,58.5,21.94,-5201.0,-747.0,0,0,0
2025-05-01,2025-05,B0BSGZV1T9,Aneesh Kumar,6500.0,800.0,6290.0,774.0,4989.0,869.0,79.32,112.27,17.42,-1301.0,95.0,0,0,0
2025-05-01,2025-05,B0BT85QTFQ,Aneesh Kumar,2000.0,1000.0,2000.0,1000.0,1055.0,485.0,52.75,48.5,45.97,-945.0,-515.0,0,0,0
2025-05-01,2025-05,B0C6Y973ZP,Aneesh Kumar,1200.0,200.0,1200.0,200.0,1203.0,136.0,100.25,68.0,11.31,3.0,-64.0,0,0,0
2025-05-01,2025-05,B0C7WG2333,Aneesh Kumar,13400.0,2000.0,13400.0,2000.0,8956.0,1789.0,66.84,89.45,19.98,-4444.0,-211.0,0,0,0
2025-05-01,2025-05,B0CF28WQH3,Aneesh Kumar,8000.0,500.0,8000.0,500.0,2824.0,365.0,35.3,73.0,12.92,-5176.0,-135.0,0,0,0
2025-05-01,2025-05,B0CLVCMHBS,Aneesh Kumar,5000.0,750.0,0.0,0.0,34.0,13.0,0.68,1.73,38.24,34.0,13.0,0,0,1
2025-05-01,2025-05,B0CQ1Y7H9N,Aneesh Kumar,1300.0,200.0,1216.0,187.0,603.0,58.0,49.59,31.02,9.62,-613.0,-129.0,0,0,0
2025-05-01,2025-05,B0CR14DN7M,Aneesh Kumar,1350.0,250.0,1350.0,250.0,633.0,154.0,46.89,61.6,24.33,-717.0,-96.0,0,0,0
2025-05-01,2025-05,B0CSK9ZG34,Aneesh Kumar,3600.0,520.0,3600.0,520.0,1373.0,-8.0,38.14,-1.54,-0.58,-2227.0,-528.0,0,0,0
2025-05-01,2025-05,B0CSKBLHCB,Aneesh Kumar,2700.0,320.0,2700.0,320.0,1065.0,114.0,39.44,35.62,10.7,-1635.0,-206.0,0,0,0
2025-05-01,2025-05,B0CTVQVDMG,Aneesh Kumar,3400.0,600.0,3400.0,600.0,2613.0,427.0,76.85,71.17,16.34,-787.0,-173.0,0,0,0
2025-05-01,2025-05,B0DBQ2ZWVB,Aneesh Kumar,3300.0,500.0,1064.0,161.0,369.0,28.0,34.68,17.39,7.59,-695.0,-133.0,0,0,0
2025-05-01,2025-05,B0DCP2BQBP,Aneesh Kumar,3300.0,400.0,0.0,0.0,20.0,7.0,0.61,1.75,35.0,20.0,7.0,0,0,1
2025-05-01,2025-05,B0DN6HV7HN,Aneesh Kumar,4000.0,400.0,4000.0,400.0,1538.0,-352.0,38.45,-88.0,-22.89,-2462.0,-752.0,0,0,0
2025-06-01,2025-06,B01N5FSCHQ,Aneesh Kumar,13000.0,2150.0,13000.0,2150.0,18773.0,2304.0,144.41,107.16,12.27,5773.0,154.0,0,0,0
2025-06-01,2025-06,B01N673US9,Aneesh Kumar,6200.0,1100.0,6200.0,1100.0,3353.0,346.0,54.08,31.45,10.32,-2847.0,-754.0,0,0,0
2025-06-01,2025-06,B0771T1WRL,Aneesh Kumar,7200.0,2200.0,6720.0,2053.0,4706.0,1478.0,70.03,71.99,31.41,-2014.0,-575.0,0,0,0
2025-06-01,2025-06,B078Y7M3S1,Aneesh Kumar,67000.0,12000.0,53600.0,9600.0,14725.0,2529.0,27.47,26.34,17.17,-38875.0,-7071.0,0,0,0
2025-06-01,2025-06,B079C336Y3,Aneesh Kumar,69000.0,15400.0,55200.0,12320.0,46469.0,10012.0,84.18,81.27,21.55,-8731.0,-2308.0,0,0,0
2025-06-01,2025-06,B07GX25G81,Aneesh Kumar,3500.0,600.0,3500.0,600.0,2930.0,417.0,83.71,69.5,14.23,-570.0,-183.0,0,0,0
2025-06-01,2025-06,B07GXS7XS2,Aneesh Kumar,4100.0,900.0,4100.0,900.0,2240.0,403.0,54.63,44.78,17.99,-1860.0,-497.0,0,0,0
2025-06-01,2025-06,B07GYL1WMY,Aneesh Kumar,1600.0,300.0,1600.0,300.0,808.0,196.0,50.5,65.33,24.26,-792.0,-104.0,0,0,0
2025-06-01,2025-06,B07GYW9CVG,Aneesh Kumar,2500.0,370.0,2500.0,370.0,1490.0,230.0,59.6,62.16,15.44,-1010.0,-140.0,0,0,0
2025-06-01,2025-06,B07HB1H9ZZ,Aneesh Kumar,4500.0,540.0,4050.0,486.0,2056.0,36.0,50.77,7.41,1.75,-1994.0,-450.0,0,0,0
2025-06-01,2025-06,B07HB2V5YV,Aneesh Kumar,1100.0,180.0,1100.0,180.0,300.0,66.0,27.27,36.67,22.0,-800.0,-114.0,0,0,0
2025-06-01,2025-06,B07HGD7YF5,Aneesh Kumar,1900.0,180.0,1900.0,180.0,1142.0,17.0,60.11,9.44,1.49,-758.0,-163.0,0,0,0
2025-06-01,2025-06,B07HGDT9MT,Aneesh Kumar,1100.0,120.0,1100.0,120.0,891.0,96.0,81.0,80.0,10.77,-209.0,-24.0,0,0,0
2025-06-01,2025-06,B07KC93HR1,Aneesh Kumar,3400.0,600.0,3400.0,600.0,2977.0,469.0,87.56,78.17,15.75,-423.0,-131.0,0,0,0
2025-06-01,2025-06,B07L5JH3NT,Aneesh Kumar,2200.0,500.0,0.0,0.0,20.0,7.0,0.91,1.4,35.0,20.0,7.0,0,0,1
2025-06-01,2025-06,B07L8LSQDV,Aneesh Kumar,1200.0,120.0,1200.0,120.0,360.0,20.0,30.0,16.67,5.56,-840.0,-100.0,0,0,0
2025-06-01,2025-06,B07L9C38RD,Aneesh Kumar,11000.0,2400.0,11000.0,2400.0,11290.0,2322.0,102.64,96.75,20.57,290.0,-78.0,0,0,0
2025-06-01,2025-06,B07LH6X6VC,Aneesh Kumar,24000.0,6700.0,24000.0,6700.0,46469.0,11184.0,193.62,166.93,24.07,22469.0,4484.0,0,0,0
2025-06-01,2025-06,B07MBZCG52,Aneesh Kumar,2600.0,1000.0,2600.0,1000.0,2131.0,530.0,81.96,53.0,24.87,-469.0,-470.0,0,0,0
2025-06-01,2025-06,B07MWC4C5X,Aneesh Kumar,500.0,100.0,500.0,100.0,244.0,37.0,48.8,37.0,15.16,-256.0,-63.0,0,0,0
2025-06-01,2025-06,B07RY9SYLV,Aneesh Kumar,4000.0,700.0,4000.0,700.0,3621.0,635.0,90.53,90.71,17.54,-379.0,-65.0,0,0,0
2025-06-01,2025-06,B07ZKMCN2Z,Aneesh Kumar,18800.0,3900.0,18800.0,3900.0,8177.0,1982.0,43.49,50.82,24.24,-10623.0,-1918.0,0,0,0
2025-06-01,2025-06,B081NCGQPB,Aneesh Kumar,10300.0,2400.0,10300.0,2400.0,4859.0,865.0,47.17,36.04,17.8,-5441.0,-1535.0,0,0,0
2025-06-01,2025-06,B081Z6V1J6,Aneesh Kumar,3400.0,750.0,3400.0,750.0,1841.0,346.0,54.15,46.13,18.79,-1559.0,-404.0,0,0,0
2025-06-01,2025-06,B086T13DD6,Aneesh Kumar,15400.0,3400.0,15400.0,3400.0,7282.0,2109.0,47.29,62.03,28.96,-8118.0,-1291.0,0,0,0
2025-06-01,2025-06,B088RKYG7C,Aneesh Kumar,4800.0,1600.0,4800.0,1600.0,1469.0,450.0,30.6,28.12,30.63,-3331.0,-1150.0,0,0,0
2025-06-01,2025-06,B089QHX5PH,Aneesh Kumar,1600.0,260.0,1600.0,260.0,787.0,13.0,49.19,5.0,1.65,-813.0,-247.0,0,0,0
2025-06-01,2025-06,B08BWSTJBR,Aneesh Kumar,6600.0,1200.0,6600.0,1200.0,2748.0,407.0,41.64,33.92,14.81,-3852.0,-793.0,0,0,0
2025-06-01,2025-06,B08D9N5CK4,Aneesh Kumar,7900.0,1800.0,7900.0,1800.0,7490.0,1980.0,94.81,110.0,26.44,-410.0,180.0,0,0,0
2025-06-01,2025-06,B08HJPDMTR,Aneesh Kumar,37500.0,9000.0,37500.0,9000.0,14888.0,3409.0,39.7,37.88,22.9,-22612.0,-5591.0,0,0,0
2025-06-01,2025-06,B08K997YCF,Aneesh Kumar,5000.0,1700.0,0.0,0.0,193.0,59.0,3.86,3.47,30.57,193.0,59.0,0,0,1
2025-06-01,2025-06,B08KJ9FZBC,Aneesh Kumar,20400.0,4900.0,20400.0,4900.0,3751.0,299.0,18.39,6.1,7.97,-16649.0,-4601.0,0,0,0
2025-06-01,2025-06,B08L935BHL,Aneesh Kumar,2000.0,370.0,2000.0,370.0,1766.0,279.0,88.3,75.41,15.8,-234.0,-91.0,0,0,0
2025-06-01,2025-06,B08RRZPPNP,Aneesh Kumar,6500.0,1600.0,6500.0,1600.0,2823.0,559.0,43.43,34.94,19.8,-3677.0,-1041.0,0,0,0
2025-06-01,2025-06,B08Z826CNN,Aneesh Kumar,1900.0,200.0,1900.0,200.0,1544.0,179.0,81.26,89.5,11.59,-356.0,-21.0,0,0,0
2025-06-01,2025-06,B091FV1FHQ,Aneesh Kumar,8000.0,2200.0,2133.0,587.0,3329.0,777.0,156.07,132.37,23.34,1196.0,190.0,0,0,0
2025-06-01,2025-06,B0924PFYN9,Aneesh Kumar,32400.0,9000.0,32400.0,9000.0,24903.0,6087.0,76.86,67.63,24.44,-7497.0,-2913.0,0,0,0
2025-06-01,2025-06,B0924R63CJ,Aneesh Kumar,5300.0,850.0,5300.0,850.0,3415.0,487.0,64.43,57.29,14.26,-1885.0,-363.0,0,0,0
2025-06-01,2025-06,B092Q8SGPT,Aneesh Kumar,20400.0,4300.0,20400.0,4300.0,15886.0,1627.0,77.87,37.84,10.24,-4514.0,-2673.0,0,0,0
2025-06-01,2025-06,B093CB31XT,Aneesh Kumar,3000.0,400.0,3000.0,400.0,2259.0,209.0,75.3,52.25,9.25,-741.0,-191.0,0,0,0
2025-06-01,2025-06,B09NC8LVDK,Aneesh Kumar,1000.0,300.0,1000.0,300.0,0.0,-14.0,0.0,-4.67,,-1000.0,-314.0,0,1,0
2025-06-01,2025-06,B0B3RJ76ML,Aneesh Kumar,7000.0,1850.0,7000.0,1850.0,1133.0,350.0,16.19,18.92,30.89,-5867.0,-1500.0,0,0,0
2025-06-01,2025-06,B0B8SWNKD7,Aneesh Kumar,3300.0,650.0,3300.0,650.0,2686.0,575.0,81.39,88.46,21.41,-614.0,-75.0,0,0,0
2025-06-01,2025-06,B0BNVKF7C9,Aneesh Kumar,10500.0,1900.0,10500.0,1900.0,2654.0,917.0,25.28,48.26,34.55,-7846.0,-983.0,0,0,0
2025-06-01,2025-06,B0BSGZV1T9,Aneesh Kumar,7500.0,900.0,7500.0,900.0,3782.0,571.0,50.43,63.44,15.1,-3718.0,-329.0,0,0,0
2025-06-01,2025-06,B0BT85QTFQ,Aneesh Kumar,1750.0,750.0,1750.0,750.0,889.0,385.0,50.8,51.33,43.31,-861.0,-365.0,0,0,0
2025-06-01,2025-06,B0C6Y973ZP,Aneesh Kumar,1200.0,200.0,1200.0,200.0,847.0,136.0,70.58,68.0,16.06,-353.0,-64.0,0,0,0
2025-06-01,2025-06,B0C7WG2333,Aneesh Kumar,13600.0,2200.0,13600.0,2200.0,9257.0,1852.0,68.07,84.18,20.01,-4343.0,-348.0,0,0,0
2025-06-01,2025-06,B0CF28WQH3,Aneesh Kumar,12000.0,600.0,12000.0,600.0,2849.0,280.0,23.74,46.67,9.83,-9151.0,-320.0,0,0,0
2025-06-01,2025-06,B0CLVCMHBS,Aneesh Kumar,5500.0,900.0,0.0,0.0,17.0,6.0,0.31,0.67,35.29,17.0,6.0,0,0,1
2025-06-01,2025-06,B0CQ1Y7H9N,Aneesh Kumar,1600.0,230.0,1600.0,230.0,484.0,186.0,30.25,80.87,38.43,-1116.0,-44.0,0,0,0
2025-06-01,2025-06,B0CR14DN7M,Aneesh Kumar,1350.0,250.0,1350.0,250.0,832.0,249.0,61.63,99.6,29.93,-518.0,-1.0,0,0,0
2025-06-01,2025-06,B0CSK9ZG34,Aneesh Kumar,4200.0,630.0,4200.0,630.0,1189.0,214.0,28.31,33.97,18.0,-3011.0,-416.0,0,0,0
2025-06-01,2025-06,B0CSKBLHCB,Aneesh Kumar,3000.0,400.0,3000.0,400.0,910.0,202.0,30.33,50.5,22.2,-2090.0,-198.0,0,0,0
2025-06-01,2025-06,B0CTVQVDMG,Aneesh Kumar,4000.0,900.0,4000.0,900.0,1756.0,389.0,43.9,43.22,22.15,-2244.0,-511.0,0,0,0
2025-06-01,2025-06,B0DBQ2ZWVB,Aneesh Kumar,3700.0,600.0,3700.0,600.0,2333.0,444.0,63.05,74.0,19.03,-1367.0,-156.0,0,0,0
2025-06-01,2025-06,B0DCP2BQBP,Aneesh Kumar,3700.0,450.0,2590.0,315.0,2604.0,431.0,100.54,136.83,16.55,14.0,116.0,0,0,0
2025-06-01,2025-06,B0DN6HV7HN,Aneesh Kumar,4500.0,400.0,4500.0,400.0,2954.0,241.0,65.64,60.25,8.16,-1546.0,-159.0,0,0,0
2025-07-01,2025-07,B01N5FSCHQ,Aneesh Kumar,22000.0,2600.0,22000.0,2600.0,16351.0,2015.0,74.32,77.5,12.32,-5649.0,-585.0,0,0,0
2025-07-01,2025-07,B01N673US9,Aneesh Kumar,4800.0,816.0,4800.0,816.0,3776.0,692.0,78.67,84.8,18.33,-1024.0,-124.0,0,0,0
2025-07-01,2025-07,B0771T1WRL,Aneesh Kumar,6720.0,2000.0,6720.0,2000.0,5294.0,1334.0,78.78,66.7,25.2,-1426.0,-666.0,0,0,0
2025-07-01,2025-07,B078Y7M3S1,Aneesh Kumar,40000.0,5000.0,40000.0,5000.0,18572.0,2298.0,46.43,45.96,12.37,-21428.0,-2702.0,0,0,0
2025-07-01,2025-07,B079C336Y3,Aneesh Kumar,67000.0,11500.0,64839.0,11129.0,62168.0,11066.0,95.88,99.43,17.8,-2671.0,-63.0,0,0,0
2025-07-01,2025-07,B07GXS7XS2,Aneesh Kumar,3600.0,550.0,3600.0,550.0,2439.0,400.0,67.75,72.73,16.4,-1161.0,-150.0,0,0,0
2025-07-01,2025-07,B07GYL1WMY,Aneesh Kumar,1600.0,240.0,1600.0,240.0,661.0,122.0,41.31,50.83,18.46,-939.0,-118.0,0,0,0
2025-07-01,2025-07,B07GYW9CVG,Aneesh Kumar,2000.0,300.0,2000.0,300.0,1924.0,259.0,96.2,86.33,13.46,-76.0,-41.0,0,0,0
2025-07-01,2025-07,B07HB2V5YV,Aneesh Kumar,1500.0,75.0,1500.0,75.0,360.0,70.0,24.0,93.33,19.44,-1140.0,-5.0,0,0,0
2025-07-01,2025-07,B07HGDT9MT,Aneesh Kumar,1000.0,150.0,1000.0,150.0,654.0,-5.0,65.4,-3.33,-0.76,-346.0,-155.0,0,0,0
2025-07-01,2025-07,B07KC93HR1,Aneesh Kumar,3500.0,450.0,3500.0,450.0,3019.0,428.0,86.26,95.11,14.18,-481.0,-22.0,0,0,0
2025-07-01,2025-07,B07L8LSQDV,Aneesh Kumar,900.0,100.0,900.0,100.0,646.0,-53.0,71.78,-53.0,-8.2,-254.0,-153.0,0,0,0
2025-07-01,2025-07,B07L9C38RD,Aneesh Kumar,11000.0,2000.0,11000.0,2000.0,14238.0,3180.0,129.44,159.0,22.33,3238.0,1180.0,0,0,0
2025-07-01,2025-07,B07LH6X6VC,Aneesh Kumar,40000.0,8500.0,27097.0,5758.0,42833.0,11068.0,158.07,192.22,25.84,15736.0,5310.0,0,0,0
2025-07-01,2025-07,B07MBZCG52,Aneesh Kumar,3000.0,650.0,3000.0,650.0,2414.0,487.0,80.47,74.92,20.17,-586.0,-163.0,0,0,0
2025-07-01,2025-07,B07MWC4C5X,Aneesh Kumar,496.0,80.0,496.0,80.0,325.0,82.0,65.52,102.5,25.23,-171.0,2.0,0,0,0
2025-07-01,2025-07,B07RY9SYLV,Aneesh Kumar,4480.0,672.0,4480.0,672.0,2615.0,348.0,58.37,51.79,13.31,-1865.0,-324.0,0,0,0
2025-07-01,2025-07,B07ZKMCN2Z,Aneesh Kumar,14000.0,2500.0,14000.0,2500.0,11192.0,977.0,79.94,39.08,8.73,-2808.0,-1523.0,0,0,0
2025-07-01,2025-07,B081NCGQPB,Aneesh Kumar,7000.0,800.0,7000.0,800.0,4344.0,459.0,62.06,57.38,10.57,-2656.0,-341.0,0,0,0
2025-07-01,2025-07,B081Z6V1J6,Aneesh Kumar,3000.0,600.0,2226.0,445.0,1603.0,286.0,72.01,64.27,17.84,-623.0,-159.0,0,0,0
2025-07-01,2025-07,B086T13DD6,Aneesh Kumar,10000.0,2300.0,10000.0,2300.0,7630.0,2129.0,76.3,92.57,27.9,-2370.0,-171.0,0,0,0
2025-07-01,2025-07,B088RKYG7C,Aneesh Kumar,2500.0,600.0,2500.0,600.0,1102.0,370.0,44.08,61.67,33.58,-1398.0,-230.0,0,0,0
2025-07-01,2025-07,B089QHX5PH,Aneesh Kumar,1200.0,150.0,1200.0,150.0,1109.0,186.0,92.42,124.0,16.77,-91.0,36.0,0,0,0
2025-07-01,2025-07,B08BWSTJBR,Aneesh Kumar,5000.0,750.0,5000.0,750.0,2316.0,359.0,46.32,47.87,15.5,-2684.0,-391.0,0,0,0
2025-07-01,2025-07,B08BXNX4MF,Aneesh Kumar,14000.0,3000.0,13548.0,2903.0,14304.0,2055.0,105.58,70.79,14.37,756.0,-848.0,0,0,0
2025-07-01,2025-07,B08D9N5CK4,Aneesh Kumar,8500.0,2000.0,8500.0,2000.0,9503.0,1897.0,111.8,94.85,19.96,1003.0,-103.0,0,0,0
2025-07-01,2025-07,B08HJPDMTR,Aneesh Kumar,23000.0,5000.0,23000.0,5000.0,27393.0,5394.0,119.1,107.88,19.69,4393.0,394.0,0,0,0
2025-07-01,2025-07,B08K997YCF,Aneesh Kumar,1000.0,180.0,548.0,99.0,1954.0,527.0,356.57,532.32,26.97,1406.0,428.0,0,0,0
2025-07-01,2025-07,B08KJ9FZBC,Aneesh Kumar,8000.0,1000.0,8000.0,1000.0,4040.0,418.0,50.5,41.8,10.35,-3960.0,-582.0,0,0,0
2025-07-01,2025-07,B08KZ26V41,Aneesh Kumar,200.0,20.0,0.0,0.0,0.0,0.0,0.0,0.0,,0.0,0.0,0,1,1
2025-07-01,2025-07,B08L935BHL,Aneesh Kumar,1600.0,250.0,1600.0,250.0,1613.0,246.0,100.81,98.4,15.25,13.0,-4.0,0,0,0
2025-07-01,2025-07,B08RRZPPNP,Aneesh Kumar,3500.0,650.0,3500.0,650.0,3234.0,483.0,92.4,74.31,14.94,-266.0,-167.0,0,0,0
2025-07-01,2025-07,B08Z826CNN,Aneesh Kumar,1500.0,120.0,194.0,15.0,305.0,60.0,157.22,400.0,19.67,111.0,45.0,0,0,0
2025-07-01,2025-07,B0924PFYN9,Aneesh Kumar,25000.0,5500.0,25000.0,5500.0,29842.0,4531.0,119.37,82.38,15.18,4842.0,-969.0,0,0,0
2025-07-01,2025-07,B0924R63CJ,Aneesh Kumar,4500.0,500.0,4500.0,500.0,3019.0,625.0,67.09,125.0,20.7,-1481.0,125.0,0,0,0
2025-07-01,2025-07,B092Q8SGPT,Aneesh Kumar,20000.0,2000.0,20000.0,2000.0,19840.0,1951.0,99.2,97.55,9.83,-160.0,-49.0,0,0,0
2025-07-01,2025-07,B093CB31XT,Aneesh Kumar,2880.0,280.0,2880.0,280.0,2768.0,204.0,96.11,72.86,7.37,-112.0,-76.0,0,0,0
2025-07-01,2025-07,B09NC8LVDK,Aneesh Kumar,1000.0,50.0,1000.0,50.0,0.0,-2.0,0.0,-4.0,,-1000.0,-52.0,0,1,0
2025-07-01,2025-07,B0B8SWNKD7,Aneesh Kumar,3000.0,550.0,3000.0,550.0,2700.0,382.0,90.0,69.45,14.15,-300.0,-168.0,0,0,0
2025-07-01,2025-07,B0BNVKF7C9,Aneesh Kumar,6400.0,1000.0,6400.0,1000.0,5116.0,1311.0,79.94,131.1,25.63,-1284.0,311.0,0,0,0
2025-07-01,2025-07,B0BSGZV1T9,Aneesh Kumar,5700.0,800.0,5700.0,800.0,5141.0,707.0,90.19,88.38,13.75,-559.0,-93.0,0,0,0
2025-07-01,2025-07,B0BT85QTFQ,Aneesh Kumar,1750.0,550.0,1581.0,497.0,1554.0,507.0,98.29,102.01,32.63,-27.0,10.0,0,0,0
2025-07-01,2025-07,B0C6Y973ZP,Aneesh Kumar,1000.0,120.0,1000.0,120.0,852.0,125.0,85.2,104.17,14.67,-148.0,5.0,0,0,0
2025-07-01,2025-07,B0C7WG2333,Aneesh Kumar,15000.0,2000.0,15000.0,2000.0,7589.0,1361.0,50.59,68.05,17.93,-7411.0,-639.0,0,0,0
2025-07-01,2025-07,B0CF1MQ97T,Aneesh Kumar,500.0,50.0,500.0,50.0,138.0,32.0,27.6,64.0,23.19,-362.0,-18.0,0,0,0
2025-07-01,2025-07,B0CF28WQH3,Aneesh Kumar,4000.0,320.0,4000.0,320.0,1024.0,167.0,25.6,52.19,16.31,-2976.0,-153.0,0,0,0
2025-07-01,2025-07,B0CQ1Y7H9N,Aneesh Kumar,1000.0,180.0,1000.0,180.0,294.0,107.0,29.4,59.44,36.39,-706.0,-73.0,0,0,0
2025-07-01,2025-07,B0CR14DN7M,Aneesh Kumar,1440.0,200.0,1440.0,200.0,912.0,320.0,63.33,160.0,35.09,-528.0,120.0,0,0,0
2025-07-01,2025-07,B0CSK9ZG34,Aneesh Kumar,1500.0,250.0,1500.0,250.0,1210.0,202.0,80.67,80.8,16.69,-290.0,-48.0,0,0,0
2025-07-01,2025-07,B0CSKBLHCB,Aneesh Kumar,2100.0,300.0,2100.0,300.0,1180.0,198.0,56.19,66.0,16.78,-920.0,-102.0,0,0,0
2025-07-01,2025-07,B0CTVQVDMG,Aneesh Kumar,3800.0,700.0,3800.0,700.0,2235.0,597.0,58.82,85.29,26.71,-1565.0,-103.0,0,0,0
2025-07-01,2025-07,B0DBQ2ZWVB,Aneesh Kumar,2500.0,500.0,2500.0,500.0,2750.0,449.0,110.0,89.8,16.33,250.0,-51.0,0,0,0
2025-07-01,2025-07,B0DCP2BQBP,Aneesh Kumar,4700.0,650.0,4700.0,650.0,3030.0,449.0,64.47,69.08,14.82,-1670.0,-201.0,0,0,0
2025-07-01,2025-07,B0DN6HV7HN,Aneesh Kumar,4500.0,400.0,4500.0,400.0,3002.0,8.0,66.71,2.0,0.27,-1498.0,-392.0,0,0,0
2025-08-01,2025-08,B01N5FSCHQ,Aneesh Kumar,16000.0,2500.0,16000.0,2500.0,19433.0,2763.0,121.46,110.52,14.22,3433.0,263.0,0,0,0
2025-08-01,2025-08,B01N673US9,Aneesh Kumar,4000.0,800.0,4000.0,800.0,3365.0,460.0,84.12,57.5,13.67,-635.0,-340.0,0,0,0
2025-08-01,2025-08,B0771T1WRL,Aneesh Kumar,6500.0,1600.0,6500.0,1600.0,6226.0,1317.0,95.78,82.31,21.15,-274.0,-283.0,0,0,0
2025-08-01,2025-08,B078Y7M3S1,Aneesh Kumar,26000.0,3200.0,19290.0,2374.0,32807.0,2710.0,170.07,114.15,8.26,13517.0,336.0,0,0,0
2025-08-01,2025-08,B079C336Y3,Aneesh Kumar,30000.0,5000.0,0.0,0.0,6288.0,1918.0,20.96,38.36,30.5,6288.0,1918.0,0,0,1
2025-08-01,2025-08,B07GXS7XS2,Aneesh Kumar,3200.0,500.0,3200.0,500.0,2260.0,265.0,70.62,53.0,11.73,-940.0,-235.0,0,0,0
2025-08-01,2025-08,B07GYL1WMY,Aneesh Kumar,600.0,80.0,600.0,80.0,754.0,126.0,125.67,157.5,16.71,154.0,46.0,0,0,0
2025-08-01,2025-08,B07GYW9CVG,Aneesh Kumar,2300.0,300.0,2300.0,300.0,1790.0,255.0,77.83,85.0,14.25,-510.0,-45.0,0,0,0
2025-08-01,2025-08,B07HB2V5YV,Aneesh Kumar,500.0,50.0,500.0,50.0,374.0,52.0,74.8,104.0,13.9,-126.0,2.0,0,0,0
2025-08-01,2025-08,B07HGDT9MT,Aneesh Kumar,750.0,70.0,750.0,70.0,838.0,80.0,111.73,114.29,9.55,88.0,10.0,0,0,0
2025-08-01,2025-08,B07KC93HR1,Aneesh Kumar,3500.0,420.0,3500.0,420.0,2974.0,417.0,84.97,99.29,14.02,-526.0,-3.0,0,0,0
2025-08-01,2025-08,B07L5JH3NT,Aneesh Kumar,0.0,0.0,0.0,0.0,76.0,19.0,,,25.0,76.0,19.0,0,0,0
2025-08-01,2025-08,B07L8LSQDV,Aneesh Kumar,250.0,50.0,226.0,45.0,536.0,-37.0,237.17,-82.22,-6.9,310.0,-82.0,0,0,0
2025-08-01,2025-08,B07L9C38RD,Aneesh Kumar,15500.0,3600.0,15500.0,3600.0,10190.0,1801.0,65.74,50.03,17.67,-5310.0,-1799.0,0,0,0
2025-08-01,2025-08,B07LH6X6VC,Aneesh Kumar,25800.0,7000.0,14148.0,3839.0,14615.0,2969.0,103.3,77.34,20.31,467.0,-870.0,0,0,0
2025-08-01,2025-08,B07MBZCG52,Aneesh Kumar,2400.0,500.0,2400.0,500.0,2176.0,332.0,90.67,66.4,15.26,-224.0,-168.0,0,0,0
2025-08-01,2025-08,B07MWC4C5X,Aneesh Kumar,350.0,50.0,350.0,50.0,148.0,7.0,42.29,14.0,4.73,-202.0,-43.0,0,0,0
2025-08-01,2025-08,B07RY9SYLV,Aneesh Kumar,3000.0,350.0,3000.0,350.0,3061.0,274.0,102.03,78.29,8.95,61.0,-76.0,0,0,0
2025-08-01,2025-08,B07ZKMCN2Z,Aneesh Kumar,12000.0,2100.0,12000.0,2100.0,8524.0,1208.0,71.03,57.52,14.17,-3476.0,-892.0,0,0,0
2025-08-01,2025-08,B081NCGQPB,Aneesh Kumar,600.0,100.0,58.0,10.0,754.0,156.0,1300.0,1560.0,20.69,696.0,146.0,0,0,0
2025-08-01,2025-08,B081Z6V1J6,Aneesh Kumar,2200.0,400.0,1206.0,219.0,952.0,180.0,78.94,82.19,18.91,-254.0,-39.0,0,0,0
2025-08-01,2025-08,B086T13DD6,Aneesh Kumar,9000.0,2300.0,9000.0,2300.0,6230.0,1830.0,69.22,79.57,29.37,-2770.0,-470.0,0,0,0
2025-08-01,2025-08,B088RKYG7C,Aneesh Kumar,1500.0,360.0,1500.0,360.0,1049.0,333.0,69.93,92.5,31.74,-451.0,-27.0,0,0,0
2025-08-01,2025-08,B089QHX5PH,Aneesh Kumar,1300.0,120.0,503.0,46.0,396.0,63.0,78.73,136.96,15.91,-107.0,17.0,0,0,0
2025-08-01,2025-08,B08BWSTJBR,Aneesh Kumar,3500.0,500.0,3500.0,500.0,1762.0,197.0,50.34,39.4,11.18,-1738.0,-303.0,0,0,0
2025-08-01,2025-08,B08BXNX4MF,Aneesh Kumar,14000.0,2500.0,14000.0,2500.0,16603.0,1890.0,118.59,75.6,11.38,2603.0,-610.0,0,0,0
2025-08-01,2025-08,B08D9N5CK4,Aneesh Kumar,10500.0,2400.0,10500.0,2400.0,7667.0,1422.0,73.02,59.25,18.55,-2833.0,-978.0,0,0,0
2025-08-01,2025-08,B08HJPDMTR,Aneesh Kumar,30000.0,6000.0,30000.0,6000.0,32569.0,4377.0,108.56,72.95,13.44,2569.0,-1623.0,0,0,0
2025-08-01,2025-08,B08K997YCF,Aneesh Kumar,2500.0,500.0,2500.0,500.0,1270.0,269.0,50.8,53.8,21.18,-1230.0,-231.0,0,0,0
2025-08-01,2025-08,B08KJ9FZBC,Aneesh Kumar,8000.0,400.0,8000.0,400.0,5604.0,995.0,70.05,248.75,17.76,-2396.0,595.0,0,0,0
2025-08-01,2025-08,B08KZ26V41,Aneesh Kumar,0.0,0.0,0.0,0.0,145.0,25.0,,,17.24,145.0,25.0,0,0,0
2025-08-01,2025-08,B08L935BHL,Aneesh Kumar,1700.0,250.0,1700.0,250.0,1202.0,218.0,70.71,87.2,18.14,-498.0,-32.0,0,0,0
2025-08-01,2025-08,B08RRZPPNP,Aneesh Kumar,3200.0,450.0,3200.0,450.0,2582.0,322.0,80.69,71.56,12.47,-618.0,-128.0,0,0,0
2025-08-01,2025-08,B08Z826CNN,Aneesh Kumar,2300.0,120.0,1335.0,70.0,778.0,138.0,58.28,197.14,17.74,-557.0,68.0,0,0,0
2025-08-01,2025-08,B091FV1FHQ,Aneesh Kumar,0.0,0.0,0.0,0.0,3766.0,461.0,,,12.24,3766.0,461.0,0,0,0
2025-08-01,2025-08,B0924PFYN9,Aneesh Kumar,29000.0,6000.0,29000.0,6000.0,27291.0,5796.0,94.11,96.6,21.24,-1709.0,-204.0,0,0,0
2025-08-01,2025-08,B0924R63CJ,Aneesh Kumar,3200.0,750.0,3200.0,750.0,2681.0,422.0,83.78,56.27,15.74,-519.0,-328.0,0,0,0
2025-08-01,2025-08,B092Q8SGPT,Aneesh Kumar,22000.0,2700.0,22000.0,2700.0,18231.0,2726.0,82.87,100.96,14.95,-3769.0,26.0,0,0,0
2025-08-01,2025-08,B093CB31XT,Aneesh Kumar,2300.0,230.0,2300.0,230.0,2537.0,19.0,110.3,8.26,0.75,237.0,-211.0,0,0,0
2025-08-01,2025-08,B09NC8LVDK,Aneesh Kumar,1000.0,50.0,1000.0,50.0,0.0,-4.0,0.0,-8.0,,-1000.0,-54.0,0,1,0
2025-08-01,2025-08,B0B8SWNKD7,Aneesh Kumar,2900.0,450.0,2900.0,450.0,2884.0,454.0,99.45,100.89,15.74,-16.0,4.0,0,0,0
2025-08-01,2025-08,B0BNVKF7C9,Aneesh Kumar,4000.0,1000.0,4000.0,1000.0,7398.0,2083.0,184.95,208.3,28.16,3398.0,1083.0,0,0,0
2025-08-01,2025-08,B0BSGZV1T9,Aneesh Kumar,5500.0,800.0,5500.0,800.0,4277.0,269.0,77.76,33.62,6.29,-1223.0,-531.0,0,0,0
2025-08-01,2025-08,B0BT85QTFQ,Aneesh Kumar,2100.0,600.0,2100.0,600.0,1395.0,424.0,66.43,70.67,30.39,-705.0,-176.0,0,0,0
2025-08-01,2025-08,B0C6Y973ZP,Aneesh Kumar,1050.0,100.0,1050.0,100.0,722.0,-58.0,68.76,-58.0,-8.03,-328.0,-158.0,0,0,0
2025-08-01,2025-08,B0C7WG2333,Aneesh Kumar,9000.0,1500.0,9000.0,1500.0,15813.0,538.0,175.7,35.87,3.4,6813.0,-962.0,0,0,0
2025-08-01,2025-08,B0CF1MQ97T,Aneesh Kumar,100.0,50.0,39.0,19.0,68.0,16.0,174.36,84.21,23.53,29.0,-3.0,0,0,0
2025-08-01,2025-08,B0CF28WQH3,Aneesh Kumar,1500.0,120.0,1500.0,120.0,1357.0,79.0,90.47,65.83,5.82,-143.0,-41.0,0,0,0
2025-08-01,2025-08,B0CLVCMHBS,Aneesh Kumar,0.0,0.0,0.0,0.0,33.0,11.0,,,33.33,33.0,11.0,0,0,0
2025-08-01,2025-08,B0CQ1Y7H9N,Aneesh Kumar,450.0,50.0,450.0,50.0,414.0,132.0,92.0,264.0,31.88,-36.0,82.0,0,0,0
2025-08-01,2025-08,B0CR14DN7M,Aneesh Kumar,1200.0,300.0,1200.0,300.0,632.0,179.0,52.67,59.67,28.32,-568.0,-121.0,0,0,0
2025-08-01,2025-08,B0CSK9ZG34,Aneesh Kumar,1300.0,150.0,1300.0,150.0,1189.0,120.0,91.46,80.0,10.09,-111.0,-30.0,0,0,0
2025-08-01,2025-08,B0CSKBLHCB,Aneesh Kumar,1500.0,120.0,1500.0,120.0,1504.0,29.0,100.27,24.17,1.93,4.0,-91.0,0,0,0
2025-08-01,2025-08,B0CTVQVDMG,Aneesh Kumar,2100.0,420.0,2100.0,420.0,1441.0,254.0,68.62,60.48,17.63,-659.0,-166.0,0,0,0
2025-08-01,2025-08,B0DBQ2ZWVB,Aneesh Kumar,3000.0,410.0,1935.0,265.0,2410.0,246.0,124.55,92.83,10.21,475.0,-19.0,0,0,0
2025-08-01,2025-08,B0DCP2BQBP,Aneesh Kumar,3100.0,450.0,3100.0,450.0,3607.0,456.0,116.35,101.33,12.64,507.0,6.0,0,0,0
2025-08-01,2025-08,B0DN6HV7HN,Aneesh Kumar,3000.0,150.0,1839.0,92.0,1614.0,73.0,87.77,79.35,4.52,-225.0,-19.0,0,0,0
2025-09-01,2025-09,B01N5FSCHQ,Aneesh Kumar,23000.0,4000.0,23000.0,4000.0,5958.0,528.0,25.9,13.2,8.86,-17042.0,-3472.0,0,0,0
2025-09-01,2025-09,B01N673US9,Aneesh Kumar,3900.0,585.0,3900.0,585.0,2916.0,177.0,74.77,30.26,6.07,-984.0,-408.0,0,0,0
2025-09-01,2025-09,B0771T1WRL,Aneesh Kumar,7500.0,1800.0,7500.0,1800.0,5199.0,1014.0,69.32,56.33,19.5,-2301.0,-786.0,0,0,0
2025-09-01,2025-09,B078Y7M3S1,Aneesh Kumar,0.0,0.0,0.0,0.0,3814.0,1134.0,,,29.73,3814.0,1134.0,0,0,0
2025-09-01,2025-09,B079C336Y3,Aneesh Kumar,50000.0,5000.0,50000.0,5000.0,61588.0,11518.0,123.18,230.36,18.7,11588.0,6518.0,0,0,0
2025-09-01,2025-09,B07GXS7XS2,Aneesh Kumar,4000.0,350.0,4000.0,350.0,1866.0,294.0,46.65,84.0,15.76,-2134.0,-56.0,0,0,0
2025-09-01,2025-09,B07GYL1WMY,Aneesh Kumar,650.0,85.0,87.0,11.0,237.0,38.0,272.41,345.45,16.03,150.0,27.0,0,0,0
2025-09-01,2025-09,B07GYW9CVG,Aneesh Kumar,1900.0,266.0,1900.0,266.0,1816.0,286.0,95.58,107.52,15.75,-84.0,20.0,0,0,0
2025-09-01,2025-09,B07HB2V5YV,Aneesh Kumar,550.0,55.0,550.0,55.0,363.0,60.0,66.0,109.09,16.53,-187.0,5.0,0,0,0
2025-09-01,2025-09,B07HGDT9MT,Aneesh Kumar,1000.0,100.0,1000.0,100.0,330.0,9.0,33.0,9.0,2.73,-670.0,-91.0,0,0,0
2025-09-01,2025-09,B07KC93HR1,Aneesh Kumar,3300.0,396.0,3300.0,396.0,2983.0,367.0,90.39,92.68,12.3,-317.0,-29.0,0,0,0
2025-09-01,2025-09,B07L5JH3NT,Aneesh Kumar,0.0,0.0,0.0,0.0,21.0,-6.0,,,-28.57,21.0,-6.0,0,0,0
2025-09-01,2025-09,B07L8LSQDV,Aneesh Kumar,600.0,60.0,600.0,60.0,379.0,76.0,63.17,126.67,20.05,-221.0,16.0,0,0,0
2025-09-01,2025-09,B07L9C38RD,Aneesh Kumar,12000.0,2500.0,12000.0,2500.0,8995.0,1862.0,74.96,74.48,20.7,-3005.0,-638.0,0,0,0
2025-09-01,2025-09,B07LH6X6VC,Aneesh Kumar,0.0,0.0,0.0,0.0,3723.0,134.0,,,3.6,3723.0,134.0,0,0,0
2025-09-01,2025-09,B07MBZCG52,Aneesh Kumar,2900.0,650.0,2900.0,650.0,2292.0,564.0,79.03,86.77,24.61,-608.0,-86.0,0,0,0
2025-09-01,2025-09,B07MWC4C5X,Aneesh Kumar,200.0,10.0,200.0,10.0,250.0,63.0,125.0,630.0,25.2,50.0,53.0,0,0,0
2025-09-01,2025-09,B07RY9SYLV,Aneesh Kumar,3300.0,396.0,3300.0,396.0,2864.0,350.0,86.79,88.38,12.22,-436.0,-46.0,0,0,0
2025-09-01,2025-09,B07ZKMCN2Z,Aneesh Kumar,10000.0,1700.0,10000.0,1700.0,8378.0,1170.0,83.78,68.82,13.97,-1622.0,-530.0,0,0,0
2025-09-01,2025-09,B081NCGQPB,Aneesh Kumar,3500.0,550.0,2450.0,385.0,1954.0,185.0,79.76,48.05,9.47,-496.0,-200.0,0,0,0
2025-09-01,2025-09,B081Z6V1J6,Aneesh Kumar,2000.0,300.0,2000.0,300.0,1741.0,329.0,87.05,109.67,18.9,-259.0,29.0,0,0,0
2025-09-01,2025-09,B086T13DD6,Aneesh Kumar,6500.0,2000.0,6500.0,2000.0,8747.0,2323.0,134.57,116.15,26.56,2247.0,323.0,0,0,0
2025-09-01,2025-09,B088RKYG7C,Aneesh Kumar,1200.0,216.0,1200.0,216.0,1224.0,391.0,102.0,181.02,31.94,24.0,175.0,0,0,0
2025-09-01,2025-09,B089QHX5PH,Aneesh Kumar,0.0,0.0,0.0,0.0,655.0,81.0,,,12.37,655.0,81.0,0,0,0
2025-09-01,2025-09,B08BWSTJBR,Aneesh Kumar,2500.0,300.0,2500.0,300.0,1727.0,278.0,69.08,92.67,16.1,-773.0,-22.0,0,0,0
2025-09-01,2025-09,B08BXNX4MF,Aneesh Kumar,18000.0,3000.0,18000.0,3000.0,15671.0,3106.0,87.06,103.53,19.82,-2329.0,106.0,0,0,0
2025-09-01,2025-09,B08D9N5CK4,Aneesh Kumar,8000.0,2000.0,8000.0,2000.0,7080.0,1232.0,88.5,61.6,17.4,-920.0,-768.0,0,0,0
2025-09-01,2025-09,B08HJPDMTR,Aneesh Kumar,36000.0,6000.0,36000.0,6000.0,31648.0,4122.0,87.91,68.7,13.02,-4352.0,-1878.0,0,0,0
2025-09-01,2025-09,B08K997YCF,Aneesh Kumar,1500.0,300.0,1500.0,300.0,1302.0,328.0,86.8,109.33,25.19,-198.0,28.0,0,0,0
2025-09-01,2025-09,B08KJ9FZBC,Aneesh Kumar,6000.0,900.0,6000.0,900.0,10646.0,2496.0,177.43,277.33,23.45,4646.0,1596.0,0,0,0
2025-09-01,2025-09,B08KZ26V41,Aneesh Kumar,500.0,50.0,500.0,50.0,98.0,-44.0,19.6,-88.0,-44.9,-402.0,-94.0,0,0,0
2025-09-01,2025-09,B08L935BHL,Aneesh Kumar,1500.0,225.0,1500.0,225.0,1003.0,200.0,66.87,88.89,19.94,-497.0,-25.0,0,0,0
2025-09-01,2025-09,B08RRZPPNP,Aneesh Kumar,3000.0,450.0,3000.0,450.0,2363.0,416.0,78.77,92.44,17.6,-637.0,-34.0,0,0,0
2025-09-01,2025-09,B08Z826CNN,Aneesh Kumar,1500.0,200.0,1500.0,200.0,903.0,128.0,60.2,64.0,14.17,-597.0,-72.0,0,0,0
2025-09-01,2025-09,B091FV1FHQ,Aneesh Kumar,6500.0,800.0,6500.0,800.0,6441.0,964.0,99.09,120.5,14.97,-59.0,164.0,0,0,0
2025-09-01,2025-09,B0924PFYN9,Aneesh Kumar,29000.0,8000.0,22233.0,6133.0,31234.0,8257.0,140.48,134.63,26.44,9001.0,2124.0,0,0,0
2025-09-01,2025-09,B0924R63CJ,Aneesh Kumar,3100.0,650.0,2687.0,563.0,3360.0,613.0,125.05,108.88,18.24,673.0,50.0,0,0,0
2025-09-01,2025-09,B092Q8SGPT,Aneesh Kumar,18000.0,4000.0,18000.0,4000.0,16454.0,2699.0,91.41,67.47,16.4,-1546.0,-1301.0,0,0,0
2025-09-01,2025-09,B093CB31XT,Aneesh Kumar,2000.0,100.0,933.0,47.0,2182.0,338.0,233.87,719.15,15.49,1249.0,291.0,0,0,0
2025-09-01,2025-09,B09NC8LVDK,Aneesh Kumar,1000.0,50.0,1000.0,50.0,0.0,-3.0,0.0,-6.0,,-1000.0,-53.0,0,1,0
2025-09-01,2025-09,B0B8SWNKD7,Aneesh Kumar,3300.0,594.0,3300.0,594.0,2693.0,409.0,81.61,68.86,15.19,-607.0,-185.0,0,0,0
2025-09-01,2025-09,B0BNVKF7C9,Aneesh Kumar,8000.0,2500.0,8000.0,2500.0,8190.0,2203.0,102.38,88.12,26.9,190.0,-297.0,0,0,0
2025-09-01,2025-09,B0BSGZV1T9,Aneesh Kumar,750.0,75.0,525.0,53.0,3113.0,681.0,592.95,1284.91,21.88,2588.0,628.0,0,0,0
2025-09-01,2025-09,B0BT85QTFQ,Aneesh Kumar,2100.0,650.0,2100.0,650.0,864.0,310.0,41.14,47.69,35.88,-1236.0,-340.0,0,0,0
2025-09-01,2025-09,B0C6Y973ZP,Aneesh Kumar,800.0,50.0,800.0,50.0,1127.0,148.0,140.88,296.0,13.13,327.0,98.0,0,0,0
2025-09-01,2025-09,B0C7WG2333,Aneesh Kumar,16000.0,2000.0,16000.0,2000.0,12766.0,1871.0,79.79,93.55,14.66,-3234.0,-129.0,0,0,0
2025-09-01,2025-09,B0CF1MQ97T,Aneesh Kumar,0.0,0.0,0.0,0.0,0.0,0.0,,,,0.0,0.0,0,1,0
2025-09-01,2025-09,B0CF28WQH3,Aneesh Kumar,1500.0,120.0,1500.0,120.0,1256.0,63.0,83.73,52.5,5.02,-244.0,-57.0,0,0,0
2025-09-01,2025-09,B0CLVCMHBS,Aneesh Kumar,0.0,0.0,0.0,0.0,17.0,6.0,,,35.29,17.0,6.0,0,0,0
2025-09-01,2025-09,B0CQ1Y7H9N,Aneesh Kumar,450.0,68.0,450.0,68.0,915.0,90.0,203.33,132.35,9.84,465.0,22.0,0,0,0
2025-09-01,2025-09,B0CR14DN7M,Aneesh Kumar,700.0,175.0,700.0,175.0,711.0,199.0,101.57,113.71,27.99,11.0,24.0,0,0,0
2025-09-01,2025-09,B0CSK9ZG34,Aneesh Kumar,1300.0,100.0,1083.0,83.0,1126.0,144.0,103.97,173.49,12.79,43.0,61.0,0,0,0
2025-09-01,2025-09,B0CSKBLHCB,Aneesh Kumar,1600.0,160.0,1600.0,160.0,1238.0,190.0,77.38,118.75,15.35,-362.0,30.0,0,0,0
2025-09-01,2025-09,B0CTVQVDMG,Aneesh Kumar,1700.0,306.0,1700.0,306.0,1581.0,377.0,93.0,123.2,23.85,-119.0,71.0,0,0,0
2025-09-01,2025-09,B0DBQ2ZWVB,Aneesh Kumar,2000.0,250.0,0.0,0.0,64.0,21.0,3.2,8.4,32.81,64.0,21.0,0,0,1
2025-09-01,2025-09,B0DCP2BQBP,Aneesh Kumar,4000.0,550.0,4000.0,550.0,3378.0,631.0,84.45,114.73,18.68,-622.0,81.0,0,0,0
2025-09-01,2025-09,B0DN6HV7HN,Aneesh Kumar,2800.0,120.0,93.0,4.0,459.0,168.0,493.55,4200.0,36.6,366.0,164.0,0,0,0
2025-09-01,2025-09,B0F4KSP9SH,Aneesh Kumar,1000.0,100.0,0.0,0.0,465.0,-515.0,46.5,-515.0,-110.75,465.0,-515.0,0,0,1
2025-09-01,2025-09,B0F63JC3Z8,Aneesh Kumar,800.0,100.0,0.0,0.0,301.0,-145.0,37.62,-145.0,-48.17,301.0,-145.0,0,0,1
2025-10-01,2025-10,B00E0HITK2,Aneesh Kumar,1000.0,120.0,903.0,108.0,693.0,133.0,76.74,123.15,19.19,-210.0,25.0,0,0,0
2025-10-01,2025-10,B01N673US9,Aneesh Kumar,3900.0,450.0,3900.0,450.0,3415.0,555.0,87.56,123.33,16.25,-485.0,105.0,0,0,0
2025-10-01,2025-10,B0767D9FJF,Aneesh Kumar,2250.0,650.0,2250.0,650.0,1428.0,280.0,63.47,43.08,19.61,-822.0,-370.0,0,0,0
2025-10-01,2025-10,B0771T1WRL,Aneesh Kumar,7500.0,1600.0,5081.0,1084.0,4394.0,1130.0,86.48,104.24,25.72,-687.0,46.0,0,0,0
2025-10-01,2025-10,B078Y7M3S1,Aneesh Kumar,24000.0,5200.0,8516.0,1845.0,12460.0,482.0,146.31,26.12,3.87,3944.0,-1363.0,0,0,0
2025-10-01,2025-10,B079C336Y3,Aneesh Kumar,72000.0,14700.0,25548.0,5216.0,31565.0,9047.0,123.55,173.45,28.66,6017.0,3831.0,0,0,0
2025-10-01,2025-10,B07GXS7XS2,Aneesh Kumar,1800.0,180.0,1684.0,168.0,2381.0,318.0,141.39,189.29,13.36,697.0,150.0,0,0,0
2025-10-01,2025-10,B07GYL1WMY,Aneesh Kumar,0.0,0.0,0.0,0.0,0.0,0.0,,,,0.0,0.0,0,1,0
2025-10-01,2025-10,B07GYW9CVG,Aneesh Kumar,2200.0,280.0,1703.0,217.0,1277.0,145.0,74.99,66.82,11.35,-426.0,-72.0,0,0,0
2025-10-01,2025-10,B07HB2V5YV,Aneesh Kumar,550.0,55.0,550.0,55.0,433.0,83.0,78.73,150.91,19.17,-117.0,28.0,0,0,0
2025-10-01,2025-10,B07HGDT9MT,Aneesh Kumar,500.0,50.0,500.0,50.0,440.0,-21.0,88.0,-42.0,-4.77,-60.0,-71.0,0,0,0
2025-10-01,2025-10,B07KC93HR1,Aneesh Kumar,3000.0,400.0,3000.0,400.0,3526.0,447.0,117.53,111.75,12.68,526.0,47.0,0,0,0
2025-10-01,2025-10,B07L5JH3NT,Aneesh Kumar,0.0,0.0,0.0,0.0,83.0,-18.0,,,-21.69,83.0,-18.0,0,0,0
2025-10-01,2025-10,B07L8LSQDV,Aneesh Kumar,600.0,60.0,600.0,60.0,269.0,1.0,44.83,1.67,0.37,-331.0,-59.0,0,0,0
2025-10-01,2025-10,B07MBZCG52,Aneesh Kumar,3100.0,800.0,3100.0,800.0,1749.0,251.0,56.42,31.38,14.35,-1351.0,-549.0,0,0,0
2025-10-01,2025-10,B07MWC4C5X,Aneesh Kumar,250.0,20.0,169.0,14.0,107.0,25.0,63.31,178.57,23.36,-62.0,11.0,0,0,0
2025-10-01,2025-10,B07RY9SYLV,Aneesh Kumar,3000.0,390.0,3000.0,390.0,2669.0,123.0,88.97,31.54,4.61,-331.0,-267.0,0,0,0
2025-10-01,2025-10,B07YNVK1MB,Aneesh Kumar,20000.0,7000.0,10323.0,3613.0,12498.0,2983.0,121.07,82.56,23.87,2175.0,-630.0,0,0,0
2025-10-01,2025-10,B081Z6V1J6,Aneesh Kumar,2300.0,450.0,2300.0,450.0,1881.0,194.0,81.78,43.11,10.31,-419.0,-256.0,0,0,0
2025-10-01,2025-10,B089QCFCV4,Aneesh Kumar,32000.0,4200.0,32000.0,4200.0,21184.0,724.0,66.2,17.24,3.42,-10816.0,-3476.0,0,0,0
2025-10-01,2025-10,B089QHX5PH,Aneesh Kumar,1000.0,100.0,129.0,13.0,18.0,-9.0,13.95,-69.23,-50.0,-111.0,-22.0,0,0,0
2025-10-01,2025-10,B08D9N5CK4,Aneesh Kumar,8500.0,1500.0,3290.0,581.0,2286.0,255.0,69.48,43.89,11.15,-1004.0,-326.0,0,0,0
2025-10-01,2025-10,B08GG6TPN6,Aneesh Kumar,16000.0,4000.0,7742.0,1935.0,7383.0,1107.0,95.36,57.21,14.99,-359.0,-828.0,0,0,0
2025-10-01,2025-10,B08GG96FPL,Aneesh Kumar,28000.0,7200.0,28000.0,7200.0,23715.0,4518.0,84.7,62.75,19.05,-4285.0,-2682.0,0,0,0
2025-10-01,2025-10,B08K997YCF,Aneesh Kumar,2000.0,450.0,2000.0,450.0,1768.0,419.0,88.4,93.11,23.7,-232.0,-31.0,0,0,0
2025-10-01,2025-10,B08KZ26V41,Aneesh Kumar,500.0,50.0,500.0,50.0,171.0,-21.0,34.2,-42.0,-12.28,-329.0,-71.0,0,0,0
2025-10-01,2025-10,B08L935BHL,Aneesh Kumar,1200.0,150.0,1200.0,150.0,1258.0,205.0,104.83,136.67,16.3,58.0,55.0,0,0,0
2025-10-01,2025-10,B08RRZPPNP,Aneesh Kumar,3100.0,500.0,3100.0,500.0,2939.0,561.0,94.81,112.2,19.09,-161.0,61.0,0,0,0
2025-10-01,2025-10,B08Z826CNN,Aneesh Kumar,1500.0,200.0,1500.0,200.0,1167.0,75.0,77.8,37.5,6.43,-333.0,-125.0,0,0,0
2025-10-01,2025-10,B091FV1FHQ,Aneesh Kumar,8800.0,1500.0,8800.0,1500.0,6044.0,190.0,68.68,12.67,3.14,-2756.0,-1310.0,0,0,0
2025-10-01,2025-10,B091L12RBL,Aneesh Kumar,3600.0,250.0,3600.0,250.0,3318.0,-190.0,92.17,-76.0,-5.73,-282.0,-440.0,0,0,0
2025-10-01,2025-10,B0924PFYN9,Aneesh Kumar,37000.0,10000.0,37000.0,10000.0,34402.0,5872.0,92.98,58.72,17.07,-2598.0,-4128.0,0,0,0
2025-10-01,2025-10,B0924R63CJ,Aneesh Kumar,4500.0,800.0,4500.0,800.0,2329.0,328.0,51.76,41.0,14.08,-2171.0,-472.0,0,0,0
2025-10-01,2025-10,B093CB31XT,Aneesh Kumar,0.0,0.0,0.0,0.0,0.0,-1.0,,,,0.0,-1.0,0,1,0
2025-10-01,2025-10,B093ZSL4QH,Aneesh Kumar,1200.0,250.0,1200.0,250.0,1109.0,245.0,92.42,98.0,22.09,-91.0,-5.0,0,0,0
2025-10-01,2025-10,B09BD66HPL,Aneesh Kumar,3000.0,500.0,3000.0,500.0,2062.0,242.0,68.73,48.4,11.74,-938.0,-258.0,0,0,0
2025-10-01,2025-10,B09NC8LVDK,Aneesh Kumar,800.0,80.0,800.0,80.0,0.0,-4.0,0.0,-5.0,,-800.0,-84.0,0,1,0
2025-10-01,2025-10,B0B252QTL4,Aneesh Kumar,1200.0,200.0,1200.0,200.0,987.0,338.0,82.25,169.0,34.25,-213.0,138.0,0,0,0
2025-10-01,2025-10,B0BNVKF7C9,Aneesh Kumar,9000.0,2800.0,8419.0,2619.0,6773.0,1406.0,80.45,53.68,20.76,-1646.0,-1213.0,0,0,0
2025-10-01,2025-10,B0BSGZV1T9,Aneesh Kumar,4200.0,900.0,4200.0,900.0,3911.0,197.0,93.12,21.89,5.04,-289.0,-703.0,0,0,0
2025-10-01,2025-10,B0BT85QTFQ,Aneesh Kumar,1500.0,450.0,1500.0,450.0,915.0,260.0,61.0,57.78,28.42,-585.0,-190.0,0,0,0
2025-10-01,2025-10,B0BV68VQV3,Aneesh Kumar,1500.0,350.0,1500.0,350.0,1294.0,170.0,86.27,48.57,13.14,-206.0,-180.0,0,0,0
2025-10-01,2025-10,B0C6Y973ZP,Aneesh Kumar,1350.0,120.0,1350.0,120.0,797.0,12.0,59.04,10.0,1.51,-553.0,-108.0,0,0,0
2025-10-01,2025-10,B0C7WG2333,Aneesh Kumar,17500.0,2800.0,17500.0,2800.0,20071.0,-1946.0,114.69,-69.5,-9.7,2571.0,-4746.0,0,0,0
2025-10-01,2025-10,B0CLVCMHBS,Aneesh Kumar,0.0,0.0,0.0,0.0,0.0,0.0,,,,0.0,0.0,0,1,0
2025-10-01,2025-10,B0CN31Y5ZP,Aneesh Kumar,1500.0,220.0,1500.0,220.0,1526.0,105.0,101.73,47.73,6.88,26.0,-115.0,0,0,0
2025-10-01,2025-10,B0CQ1Y7H9N,Aneesh Kumar,1200.0,100.0,1200.0,100.0,1314.0,79.0,109.5,79.0,6.01,114.0,-21.0,0,0,0
2025-10-01,2025-10,B0CQ1ZY6RM,Aneesh Kumar,6500.0,650.0,6500.0,650.0,4449.0,611.0,68.45,94.0,13.73,-2051.0,-39.0,0,0,0
2025-10-01,2025-10,B0CR14DN7M,Aneesh Kumar,900.0,180.0,900.0,180.0,327.0,-43.0,36.33,-23.89,-13.15,-573.0,-223.0,0,0,0
2025-10-01,2025-10,B0CWLN5S1N,Aneesh Kumar,3500.0,150.0,3500.0,150.0,2604.0,91.0,74.4,60.67,3.49,-896.0,-59.0,0,0,0
2025-10-01,2025-10,B0DBQ2ZWVB,Aneesh Kumar,0.0,0.0,0.0,0.0,0.0,0.0,,,,0.0,0.0,0,1,0
2025-10-01,2025-10,B0DCP2BQBP,Aneesh Kumar,4500.0,800.0,4500.0,800.0,4135.0,836.0,91.89,104.5,20.22,-365.0,36.0,0,0,0
2025-10-01,2025-10,B0DM6D92MZ,Aneesh Kumar,17000.0,1000.0,8226.0,484.0,7126.0,81.0,86.63,16.74,1.14,-1100.0,-403.0,0,0,0
2025-10-01,2025-10,B0DN6HV7HN,Aneesh Kumar,0.0,0.0,0.0,0.0,3326.0,-272.0,,,-8.18,3326.0,-272.0,0,0,0
2025-10-01,2025-10,B0DZP8H6RT,Aneesh Kumar,0.0,0.0,0.0,0.0,2201.0,218.0,,,9.9,2201.0,218.0,0,0,0
2025-10-01,2025-10,B0F63DSQD2,Aneesh Kumar,500.0,35.0,0.0,0.0,0.0,0.0,0.0,0.0,,0.0,0.0,0,1,1
2025-10-01,2025-10,B0F63JC3Z8,Aneesh Kumar,0.0,0.0,0.0,0.0,513.0,-288.0,,,-56.14,513.0,-288.0,0,0,0
2025-10-01,2025-10,B0FBWGF7YG,Aneesh Kumar,1000.0,60.0,0.0,0.0,0.0,0.0,0.0,0.0,,0.0,0.0,0,1,1
2025-11-01,2025-11,B00E0HITK2,Aneesh Kumar,1000.0,120.0,1000.0,120.0,724.0,130.0,72.4,108.33,17.96,-276.0,10.0,0,0,0
2025-11-01,2025-11,B01N673US9,Aneesh Kumar,3750.0,900.0,3750.0,900.0,3093.0,357.0,82.48,39.67,11.54,-657.0,-543.0,0,0,0
2025-11-01,2025-11,B0767D9FJF,Aneesh Kumar,1900.0,250.0,1900.0,250.0,1323.0,281.0,69.63,112.4,21.24,-577.0,31.0,0,0,0
2025-11-01,2025-11,B0771T1WRL,Aneesh Kumar,7500.0,1750.0,7500.0,1750.0,6404.0,1849.0,85.39,105.66,28.87,-1096.0,99.0,0,0,0
2025-11-01,2025-11,B078Y7M3S1,Aneesh Kumar,12000.0,1200.0,12000.0,1200.0,22084.0,1370.0,184.03,114.17,6.2,10084.0,170.0,0,0,0
2025-11-01,2025-11,B079C336Y3,Aneesh Kumar,60800.0,11500.0,44587.0,8433.0,44588.0,6830.0,100.0,80.99,15.32,1.0,-1603.0,0,0,0
2025-11-01,2025-11,B07GXS7XS2,Aneesh Kumar,1800.0,100.0,900.0,50.0,1571.0,255.0,174.56,510.0,16.23,671.0,205.0,0,0,0
2025-11-01,2025-11,B07GYL1WMY,Aneesh Kumar,0.0,0.0,0.0,0.0,0.0,0.0,,,,0.0,0.0,0,1,0
2025-11-01,2025-11,B07GYW9CVG,Aneesh Kumar,0.0,0.0,0.0,0.0,343.0,70.0,,,20.41,343.0,70.0,0,0,0
2025-11-01,2025-11,B07HB2V5YV,Aneesh Kumar,700.0,50.0,653.0,47.0,334.0,48.0,51.15,102.13,14.37,-319.0,1.0,0,0,0
2025-11-01,2025-11,B07HGDT9MT,Aneesh Kumar,500.0,50.0,467.0,47.0,513.0,5.0,109.85,10.64,0.97,46.0,-42.0,0,0,0
2025-11-01,2025-11,B07KC93HR1,Aneesh Kumar,3400.0,500.0,3400.0,500.0,4084.0,263.0,120.12,52.6,6.44,684.0,-237.0,0,0,0
2025-11-01,2025-11,B07L5JH3NT,Aneesh Kumar,100.0,20.0,100.0,20.0,220.0,14.0,220.0,70.0,6.36,120.0,-6.0,0,0,0
2025-11-01,2025-11,B07L8LSQDV,Aneesh Kumar,400.0,40.0,400.0,40.0,639.0,54.0,159.75,135.0,8.45,239.0,14.0,0,0,0
2025-11-01,2025-11,B07MBZCG52,Aneesh Kumar,2000.0,250.0,1867.0,233.0,1319.0,105.0,70.65,45.06,7.96,-548.0,-128.0,0,0,0
2025-11-01,2025-11,B07MWC4C5X,Aneesh Kumar,0.0,0.0,0.0,0.0,0.0,0.0,,,,0.0,0.0,0,1,0
2025-11-01,2025-11,B07RY9SYLV,Aneesh Kumar,3000.0,400.0,3000.0,400.0,2291.0,216.0,76.37,54.0,9.43,-709.0,-184.0,0,0,0
2025-11-01,2025-11,B07YNVK1MB,Aneesh Kumar,0.0,0.0,0.0,0.0,501.0,144.0,,,28.74,501.0,144.0,0,0,0
2025-11-01,2025-11,B081Z6V1J6,Aneesh Kumar,2600.0,400.0,2600.0,400.0,1790.0,221.0,68.85,55.25,12.35,-810.0,-179.0,0,0,0
2025-11-01,2025-11,B089QCFCV4,Aneesh Kumar,23000.0,2500.0,23000.0,2500.0,27527.0,3373.0,119.68,134.92,12.25,4527.0,873.0,0,0,0
2025-11-01,2025-11,B089QHX5PH,Aneesh Kumar,0.0,0.0,0.0,0.0,0.0,0.0,,,,0.0,0.0,0,1,0
2025-11-01,2025-11,B08D9N5CK4,Aneesh Kumar,6500.0,1500.0,6500.0,1500.0,5689.0,957.0,87.52,63.8,16.82,-811.0,-543.0,0,0,0
2025-11-01,2025-11,B08GG6TPN6,Aneesh Kumar,20000.0,4500.0,18000.0,4050.0,15956.0,3766.0,88.64,92.99,23.6,-2044.0,-284.0,0,0,0
2025-11-01,2025-11,B08GG96FPL,Aneesh Kumar,27500.0,5500.0,25667.0,5133.0,23109.0,6839.0,90.03,133.24,29.59,-2558.0,1706.0,0,0,0
2025-11-01,2025-11,B08K997YCF,Aneesh Kumar,1000.0,200.0,933.0,187.0,1671.0,221.0,179.1,118.18,13.23,738.0,34.0,0,0,0
2025-11-01,2025-11,B08KZ26V41,Aneesh Kumar,300.0,50.0,280.0,47.0,123.0,-7.0,43.93,-14.89,-5.69,-157.0,-54.0,0,0,0
2025-11-01,2025-11,B08L935BHL,Aneesh Kumar,1600.0,150.0,1493.0,140.0,1070.0,145.0,71.67,103.57,13.55,-423.0,5.0,0,0,0
2025-11-01,2025-11,B08RRZPPNP,Aneesh Kumar,3600.0,800.0,3600.0,800.0,1982.0,256.0,55.06,32.0,12.92,-1618.0,-544.0,0,0,0
2025-11-01,2025-11,B08Z826CNN,Aneesh Kumar,1600.0,120.0,1600.0,120.0,652.0,45.0,40.75,37.5,6.9,-948.0,-75.0,0,0,0
2025-11-01,2025-11,B091FV1FHQ,Aneesh Kumar,7800.0,1200.0,6760.0,1040.0,4750.0,20.0,70.27,1.92,0.42,-2010.0,-1020.0,0,0,0
2025-11-01,2025-11,B091L12RBL,Aneesh Kumar,3500.0,150.0,3500.0,150.0,2295.0,-20.0,65.57,-13.33,-0.87,-1205.0,-170.0,0,0,0
2025-11-01,2025-11,B0924PFYN9,Aneesh Kumar,37000.0,8000.0,33300.0,7200.0,39189.0,6814.0,117.68,94.64,17.39,5889.0,-386.0,0,0,0
2025-11-01,2025-11,B0924R63CJ,Aneesh Kumar,4000.0,600.0,4000.0,600.0,2277.0,453.0,56.92,75.5,19.89,-1723.0,-147.0,0,0,0
2025-11-01,2025-11,B093CB31XT,Aneesh Kumar,0.0,0.0,0.0,0.0,1088.0,12.0,,,1.1,1088.0,12.0,0,0,0
2025-11-01,2025-11,B093ZSL4QH,Aneesh Kumar,1500.0,250.0,1400.0,233.0,650.0,166.0,46.43,71.24,25.54,-750.0,-67.0,0,0,0
2025-11-01,2025-11,B09BD66HPL,Aneesh Kumar,2500.0,300.0,333.0,40.0,791.0,133.0,237.54,332.5,16.81,458.0,93.0,0,0,0
2025-11-01,2025-11,B09NC8LVDK,Aneesh Kumar,200.0,30.0,187.0,28.0,0.0,-3.0,0.0,-10.71,,-187.0,-31.0,0,1,0
2025-11-01,2025-11,B0B252QTL4,Aneesh Kumar,1200.0,280.0,1200.0,280.0,1106.0,175.0,92.17,62.5,15.82,-94.0,-105.0,0,0,0
2025-11-01,2025-11,B0BNVKF7C9,Aneesh Kumar,8000.0,2100.0,8000.0,2100.0,6556.0,1251.0,81.95,59.57,19.08,-1444.0,-849.0,0,0,0
2025-11-01,2025-11,B0BSGZV1T9,Aneesh Kumar,4200.0,700.0,4200.0,700.0,3449.0,466.0,82.12,66.57,13.51,-751.0,-234.0,0,0,0
2025-11-01,2025-11,B0BT85QTFQ,Aneesh Kumar,1500.0,400.0,1400.0,373.0,857.0,272.0,61.21,72.92,31.74,-543.0,-101.0,0,0,0
2025-11-01,2025-11,B0BV68VQV3,Aneesh Kumar,1500.0,100.0,1400.0,93.0,793.0,202.0,56.64,217.2,25.47,-607.0,109.0,0,0,0
2025-11-01,2025-11,B0C6Y973ZP,Aneesh Kumar,1150.0,120.0,1073.0,112.0,685.0,4.0,63.84,3.57,0.58,-388.0,-108.0,0,0,0
2025-11-01,2025-11,B0C7WG2333,Aneesh Kumar,21500.0,1500.0,21500.0,1500.0,11566.0,825.0,53.8,55.0,7.13,-9934.0,-675.0,0,0,0
2025-11-01,2025-11,B0CLVCMHBS,Aneesh Kumar,0.0,0.0,0.0,0.0,194.0,66.0,,,34.02,194.0,66.0,0,0,0
2025-11-01,2025-11,B0CN31Y5ZP,Aneesh Kumar,2000.0,200.0,1333.0,133.0,1086.0,76.0,81.47,57.14,7.0,-247.0,-57.0,0,0,0
2025-11-01,2025-11,B0CQ1Y7H9N,Aneesh Kumar,1500.0,100.0,1500.0,100.0,1451.0,-51.0,96.73,-51.0,-3.51,-49.0,-151.0,0,0,0
2025-11-01,2025-11,B0CQ1ZY6RM,Aneesh Kumar,6000.0,1000.0,6000.0,1000.0,4014.0,396.0,66.9,39.6,9.87,-1986.0,-604.0,0,0,0
2025-11-01,2025-11,B0CR14DN7M,Aneesh Kumar,500.0,100.0,300.0,60.0,349.0,86.0,116.33,143.33,24.64,49.0,26.0,0,0,0
2025-11-01,2025-11,B0CWLN5S1N,Aneesh Kumar,3600.0,200.0,3600.0,200.0,1909.0,202.0,53.03,101.0,10.58,-1691.0,2.0,0,0,0
2025-11-01,2025-11,B0DBQ2ZWVB,Aneesh Kumar,0.0,0.0,0.0,0.0,220.0,7.0,,,3.18,220.0,7.0,0,0,0
2025-11-01,2025-11,B0DCP2BQBP,Aneesh Kumar,5000.0,1100.0,5000.0,1100.0,4007.0,769.0,80.14,69.91,19.19,-993.0,-331.0,0,0,0
2025-11-01,2025-11,B0DM6D92MZ,Aneesh Kumar,0.0,0.0,0.0,0.0,2011.0,388.0,,,19.29,2011.0,388.0,0,0,0
2025-11-01,2025-11,B0DN6HV7HN,Aneesh Kumar,4000.0,200.0,4000.0,200.0,3632.0,602.0,90.8,301.0,16.57,-368.0,402.0,0,0,0
2025-11-01,2025-11,B0DZP8H6RT,Aneesh Kumar,5500.0,600.0,3667.0,400.0,2772.0,425.0,75.59,106.25,15.33,-895.0,25.0,0,0,0
2025-11-01,2025-11,B0F63DSQD2,Aneesh Kumar,0.0,0.0,0.0,0.0,0.0,0.0,,,,0.0,0.0,0,1,0
2025-11-01,2025-11,B0F63JC3Z8,Aneesh Kumar,1000.0,50.0,933.0,47.0,241.0,-17.0,25.83,-36.17,-7.05,-692.0,-64.0,0,0,0
2025-11-01,2025-11,B0FBWGF7YG,Aneesh Kumar,0.0,0.0,0.0,0.0,96.0,0.0,,,0.0,96.0,0.0,0,0,0
2025-11-01,2025-11,B0FGDRW2ZQ,Aneesh Kumar,500.0,50.0,0.0,0.0,0.0,0.0,0.0,0.0,,0.0,0.0,0,1,1
2025-12-01,2025-12,B00E0HITK2,Aneesh Kumar,1000.0,100.0,1000.0,100.0,740.0,187.0,74.0,187.0,25.27,-260.0,87.0,0,0,0
2025-12-01,2025-12,B01N673US9,Aneesh Kumar,3000.0,510.0,3000.0,510.0,2574.0,527.0,85.8,103.33,20.47,-426.0,17.0,0,0,0
2025-12-01,2025-12,B0767D9FJF,Aneesh Kumar,2000.0,280.0,2000.0,280.0,1451.0,369.0,72.55,131.79,25.43,-549.0,89.0,0,0,0
2025-12-01,2025-12,B0771T1WRL,Aneesh Kumar,6000.0,2000.0,6000.0,2000.0,4828.0,1464.0,80.47,73.2,30.32,-1172.0,-536.0,0,0,0
2025-12-01,2025-12,B078Y7M3S1,Aneesh Kumar,18500.0,3500.0,18500.0,3500.0,15650.0,3081.0,84.59,88.03,19.69,-2850.0,-419.0,0,0,0
2025-12-01,2025-12,B079C336Y3,Aneesh Kumar,50000.0,8000.0,50000.0,8000.0,39181.0,6085.0,78.36,76.06,15.53,-10819.0,-1915.0,0,0,0
2025-12-01,2025-12,B07GXS7XS2,Aneesh Kumar,0.0,0.0,0.0,0.0,1064.0,305.0,,,28.67,1064.0,305.0,0,0,0
2025-12-01,2025-12,B07GYL1WMY,Aneesh Kumar,0.0,0.0,0.0,0.0,0.0,0.0,,,,0.0,0.0,0,1,0
2025-12-01,2025-12,B07GYW9CVG,Aneesh Kumar,1300.0,100.0,965.0,74.0,1116.0,231.0,115.65,312.16,20.7,151.0,157.0,0,0,0
2025-12-01,2025-12,B07HB2V5YV,Aneesh Kumar,400.0,50.0,400.0,50.0,469.0,65.0,117.25,130.0,13.86,69.0,15.0,0,0,0
2025-12-01,2025-12,B07HGDT9MT,Aneesh Kumar,700.0,50.0,700.0,50.0,593.0,59.0,84.71,118.0,9.95,-107.0,9.0,0,0,0
2025-12-01,2025-12,B07KC93HR1,Aneesh Kumar,3800.0,570.0,3800.0,570.0,3488.0,500.0,91.79,87.72,14.33,-312.0,-70.0,0,0,0
2025-12-01,2025-12,B07L5JH3NT,Aneesh Kumar,150.0,20.0,150.0,20.0,221.0,55.0,147.33,275.0,24.89,71.0,35.0,0,0,0
2025-12-01,2025-12,B07L8LSQDV,Aneesh Kumar,450.0,40.0,232.0,21.0,318.0,45.0,137.07,214.29,14.15,86.0,24.0,0,0,0
2025-12-01,2025-12,B07MBZCG52,Aneesh Kumar,1800.0,100.0,1800.0,100.0,1414.0,265.0,78.56,265.0,18.74,-386.0,165.0,0,0,0
2025-12-01,2025-12,B07MWC4C5X,Aneesh Kumar,0.0,0.0,0.0,0.0,0.0,0.0,,,,0.0,0.0,0,1,0
2025-12-01,2025-12,B07RY9SYLV,Aneesh Kumar,2000.0,240.0,2000.0,240.0,2557.0,464.0,127.85,193.33,18.15,557.0,224.0,0,0,0
2025-12-01,2025-12,B07YNVK1MB,Aneesh Kumar,0.0,0.0,0.0,0.0,11718.0,4240.0,,,36.18,11718.0,4240.0,0,0,0
2025-12-01,2025-12,B081Z6V1J6,Aneesh Kumar,2000.0,220.0,2000.0,220.0,2757.0,545.0,137.85,247.73,19.77,757.0,325.0,0,0,0
2025-12-01,2025-12,B089QCFCV4,Aneesh Kumar,28000.0,5000.0,28000.0,5000.0,17837.0,1881.0,63.7,37.62,10.55,-10163.0,-3119.0,0,0,0
2025-12-01,2025-12,B089QHX5PH,Aneesh Kumar,0.0,0.0,0.0,0.0,300.0,46.0,,,15.33,300.0,46.0,0,0,0
2025-12-01,2025-12,B08D9N5CK4,Aneesh Kumar,5300.0,1060.0,5300.0,1060.0,5365.0,1100.0,101.23,103.77,20.5,65.0,40.0,0,0,0
2025-12-01,2025-12,B08GG6TPN6,Aneesh Kumar,15500.0,4500.0,15000.0,4355.0,12885.0,2692.0,85.9,61.81,20.89,-2115.0,-1663.0,0,0,0
2025-12-01,2025-12,B08GG96FPL,Aneesh Kumar,22000.0,7000.0,22000.0,7000.0,22428.0,6061.0,101.95,86.59,27.02,428.0,-939.0,0,0,0
2025-12-01,2025-12,B08K997YCF,Aneesh Kumar,2500.0,250.0,2500.0,250.0,2619.0,724.0,104.76,289.6,27.64,119.0,474.0,0,0,0
2025-12-01,2025-12,B08KZ26V41,Aneesh Kumar,200.0,50.0,200.0,50.0,86.0,31.0,43.0,62.0,36.05,-114.0,-19.0,0,0,0
2025-12-01,2025-12,B08L935BHL,Aneesh Kumar,1500.0,150.0,1500.0,150.0,1504.0,335.0,100.27,223.33,22.27,4.0,185.0,0,0,0
2025-12-01,2025-12,B08RRZPPNP,Aneesh Kumar,2600.0,300.0,2600.0,300.0,2012.0,479.0,77.38,159.67,23.81,-588.0,179.0,0,0,0
2025-12-01,2025-12,B08Z826CNN,Aneesh Kumar,1000.0,50.0,1000.0,50.0,730.0,84.0,73.0,168.0,11.51,-270.0,34.0,0,0,0
2025-12-01,2025-12,B091FV1FHQ,Aneesh Kumar,6000.0,1000.0,4645.0,774.0,6422.0,727.0,138.26,93.93,11.32,1777.0,-47.0,0,0,0
2025-12-01,2025-12,B091L12RBL,Aneesh Kumar,3200.0,160.0,3200.0,160.0,1992.0,137.0,62.25,85.62,6.88,-1208.0,-23.0,0,0,0
2025-12-01,2025-12,B0924PFYN9,Aneesh Kumar,30000.0,7500.0,30000.0,7500.0,43441.0,8631.0,144.8,115.08,19.87,13441.0,1131.0,0,0,0
2025-12-01,2025-12,B0924R63CJ,Aneesh Kumar,2800.0,560.0,2800.0,560.0,2237.0,485.0,79.89,86.61,21.68,-563.0,-75.0,0,0,0
2025-12-01,2025-12,B093CB31XT,Aneesh Kumar,2500.0,250.0,2420.0,242.0,2227.0,37.0,92.02,15.29,1.66,-193.0,-205.0,0,0,0
2025-12-01,2025-12,B093ZSL4QH,Aneesh Kumar,800.0,150.0,800.0,150.0,615.0,78.0,76.88,52.0,12.68,-185.0,-72.0,0,0,0
2025-12-01,2025-12,B09BD66HPL,Aneesh Kumar,0.0,0.0,0.0,0.0,1257.0,243.0,,,19.33,1257.0,243.0,0,0,0
2025-12-01,2025-12,B09NC8LVDK,Aneesh Kumar,200.0,30.0,200.0,30.0,0.0,0.0,0.0,0.0,,-200.0,-30.0,0,1,0
2025-12-01,2025-12,B0B252QTL4,Aneesh Kumar,1300.0,200.0,1300.0,200.0,1100.0,190.0,84.62,95.0,17.27,-200.0,-10.0,0,0,0
2025-12-01,2025-12,B0BNVKF7C9,Aneesh Kumar,6000.0,1400.0,6000.0,1400.0,8763.0,1913.0,146.05,136.64,21.83,2763.0,513.0,0,0,0
2025-12-01,2025-12,B0BSGZV1T9,Aneesh Kumar,3600.0,560.0,3600.0,560.0,3912.0,518.0,108.67,92.5,13.24,312.0,-42.0,0,0,0
2025-12-01,2025-12,B0BT85QTFQ,Aneesh Kumar,800.0,120.0,800.0,120.0,983.0,357.0,122.88,297.5,36.32,183.0,237.0,0,0,0
2025-12-01,2025-12,B0BV68VQV3,Aneesh Kumar,1200.0,280.0,1200.0,280.0,437.0,124.0,36.42,44.29,28.38,-763.0,-156.0,0,0,0
2025-12-01,2025-12,B0C6Y973ZP,Aneesh Kumar,1000.0,70.0,1000.0,70.0,508.0,47.0,50.8,67.14,9.25,-492.0,-23.0,0,0,0
2025-12-01,2025-12,B0C7WG2333,Aneesh Kumar,12000.0,1200.0,12000.0,1200.0,9134.0,1836.0,76.12,153.0,20.1,-2866.0,636.0,0,0,0
2025-12-01,2025-12,B0CLVCMHBS,Aneesh Kumar,0.0,0.0,0.0,0.0,9.0,-4.0,,,-44.44,9.0,-4.0,0,0,0
2025-12-01,2025-12,B0CN31Y5ZP,Aneesh Kumar,0.0,0.0,0.0,0.0,1483.0,28.0,,,1.89,1483.0,28.0,0,0,0
2025-12-01,2025-12,B0CQ1Y7H9N,Aneesh Kumar,1700.0,100.0,1700.0,100.0,1420.0,121.0,83.53,121.0,8.52,-280.0,21.0,0,0,0
2025-12-01,2025-12,B0CQ1ZY6RM,Aneesh Kumar,5000.0,700.0,5000.0,700.0,2511.0,350.0,50.22,50.0,13.94,-2489.0,-350.0,0,0,0
2025-12-01,2025-12,B0CR14DN7M,Aneesh Kumar,0.0,0.0,0.0,0.0,24.0,8.0,,,33.33,24.0,8.0,0,0,0
2025-12-01,2025-12,B0CWLN5S1N,Aneesh Kumar,2000.0,250.0,2000.0,250.0,1293.0,328.0,64.65,131.2,25.37,-707.0,78.0,0,0,0
2025-12-01,2025-12,B0DBQ2ZWVB,Aneesh Kumar,0.0,0.0,0.0,0.0,2620.0,637.0,,,24.31,2620.0,637.0,0,0,0
2025-12-01,2025-12,B0DCP2BQBP,Aneesh Kumar,5000.0,1100.0,4355.0,958.0,4398.0,1035.0,100.99,108.04,23.53,43.0,77.0,0,0,0
2025-12-01,2025-12,B0DM6D92MZ,Aneesh Kumar,9200.0,1500.0,9200.0,1500.0,4563.0,1150.0,49.6,76.67,25.2,-4637.0,-350.0,0,0,0
2025-12-01,2025-12,B0DN6HV7HN,Aneesh Kumar,4000.0,750.0,4000.0,750.0,3321.0,512.0,83.03,68.27,15.42,-679.0,-238.0,0,0,0
2025-12-01,2025-12,B0DZP8H6RT,Aneesh Kumar,0.0,0.0,0.0,0.0,37.0,10.0,,,27.03,37.0,10.0,0,0,0
2025-12-01,2025-12,B0F48WQHS8,Aneesh Kumar,0.0,0.0,0.0,0.0,152.0,-57.0,,,-37.5,152.0,-57.0,0,0,0
2025-12-01,2025-12,B0F63DSQD2,Aneesh Kumar,0.0,0.0,0.0,0.0,248.0,4.0,,,1.61,248.0,4.0,0,0,0
2025-12-01,2025-12,B0F63JC3Z8,Aneesh Kumar,500.0,50.0,500.0,50.0,528.0,60.0,105.6,120.0,11.36,28.0,10.0,0,0,0
2025-12-01,2025-12,B0FBWGF7YG,Aneesh Kumar,1000.0,100.0,1000.0,100.0,1223.0,135.0,122.3,135.0,11.04,223.0,35.0,0,0,0
2025-12-01,2025-12,B0FGDRW2ZQ,Aneesh Kumar,0.0,0.0,0.0,0.0,0.0,0.0,,,,0.0,0.0,0,1,0
2026-01-01,2026-01,B00E0HITK2,Aneesh Kumar,1000.0,200.0,1000.0,200.0,606.0,183.0,60.6,91.5,30.2,-394.0,-17.0,0,0,0
2026-01-01,2026-01,B01N673US9,Aneesh Kumar,2800.0,550.0,2800.0,550.0,2809.0,621.0,100.32,112.91,22.11,9.0,71.0,0,0,0
2026-01-01,2026-01,B0767D9FJF,Aneesh Kumar,2000.0,480.0,2000.0,480.0,1799.0,439.0,89.95,91.46,24.4,-201.0,-41.0,0,0,0
2026-01-01,2026-01,B0771T1WRL,Aneesh Kumar,6000.0,1850.0,6000.0,1850.0,3937.0,1158.0,65.62,62.59,29.41,-2063.0,-692.0,0,0,0
2026-01-01,2026-01,B078Y7M3S1,Aneesh Kumar,10000.0,1800.0,7742.0,1393.0,17898.0,1467.0,231.18,105.31,8.2,10156.0,74.0,0,0,0
2026-01-01,2026-01,B079C336Y3,Aneesh Kumar,50000.0,8000.0,50000.0,8000.0,43831.0,9316.0,87.66,116.45,21.25,-6169.0,1316.0,0,0,0
2026-01-01,2026-01,B07GXS7XS2,Aneesh Kumar,0.0,0.0,0.0,0.0,1972.0,430.0,,,21.81,1972.0,430.0,0,0,0
2026-01-01,2026-01,B07GYL1WMY,Aneesh Kumar,0.0,0.0,0.0,0.0,0.0,0.0,,,,0.0,0.0,0,1,0
2026-01-01,2026-01,B07GYW9CVG,Aneesh Kumar,1300.0,200.0,1300.0,200.0,910.0,193.0,70.0,96.5,21.21,-390.0,-7.0,0,0,0
2026-01-01,2026-01,B07HB2V5YV,Aneesh Kumar,150.0,50.0,0.0,0.0,85.0,3.0,56.67,6.0,3.53,85.0,3.0,0,0,1
2026-01-01,2026-01,B07HGDT9MT,Aneesh Kumar,300.0,100.0,300.0,100.0,277.0,43.0,92.33,43.0,15.52,-23.0,-57.0,0,0,0
2026-01-01,2026-01,B07KC93HR1,Aneesh Kumar,3750.0,550.0,3750.0,550.0,5256.0,456.0,140.16,82.91,8.68,1506.0,-94.0,0,0,0
2026-01-01,2026-01,B07L5JH3NT,Aneesh Kumar,180.0,30.0,180.0,30.0,241.0,72.0,133.89,240.0,29.88,61.0,42.0,0,0,0
2026-01-01,2026-01,B07L8LSQDV,Aneesh Kumar,300.0,50.0,0.0,0.0,0.0,0.0,0.0,0.0,,0.0,0.0,0,1,1
2026-01-01,2026-01,B07MBZCG52,Aneesh Kumar,2300.0,350.0,2300.0,350.0,1545.0,135.0,67.17,38.57,8.74,-755.0,-215.0,0,0,0
2026-01-01,2026-01,B07MWC4C5X,Aneesh Kumar,0.0,0.0,0.0,0.0,0.0,0.0,,,,0.0,0.0,0,1,0
2026-01-01,2026-01,B07RY9SYLV,Aneesh Kumar,2600.0,500.0,2600.0,500.0,2416.0,275.0,92.92,55.0,11.38,-184.0,-225.0,0,0,0
2026-01-01,2026-01,B07YNVK1MB,Aneesh Kumar,9500.0,3200.0,9500.0,3200.0,22618.0,7429.0,238.08,232.16,32.85,13118.0,4229.0,0,0,0
2026-01-01,2026-01,B081Z6V1J6,Aneesh Kumar,3000.0,520.0,3000.0,520.0,1957.0,321.0,65.23,61.73,16.4,-1043.0,-199.0,0,0,0
2026-01-01,2026-01,B089QCFCV4,Aneesh Kumar,25000.0,3000.0,25000.0,3000.0,19666.0,1370.0,78.66,45.67,6.97,-5334.0,-1630.0,0,0,0
2026-01-01,2026-01,B089QHX5PH,Aneesh Kumar,500.0,50.0,500.0,50.0,450.0,93.0,90.0,186.0,20.67,-50.0,43.0,0,0,0
2026-01-01,2026-01,B08D9N5CK4,Aneesh Kumar,6500.0,1500.0,6500.0,1500.0,6827.0,1270.0,105.03,84.67,18.6,327.0,-230.0,0,0,0
2026-01-01,2026-01,B08GG6TPN6,Aneesh Kumar,16000.0,4000.0,9290.0,2323.0,15016.0,3039.0,161.64,130.82,20.24,5726.0,716.0,0,0,0
2026-01-01,2026-01,B08GG96FPL,Aneesh Kumar,25000.0,7000.0,25000.0,7000.0,26361.0,6431.0,105.44,91.87,24.4,1361.0,-569.0,0,0,0
2026-01-01,2026-01,B08K997YCF,Aneesh Kumar,2550.0,680.0,2550.0,680.0,3505.0,745.0,137.45,109.56,21.26,955.0,65.0,0,0,0
2026-01-01,2026-01,B08KZ26V41,Aneesh Kumar,150.0,50.0,150.0,50.0,117.0,31.0,78.0,62.0,26.5,-33.0,-19.0,0,0,0
2026-01-01,2026-01,B08L935BHL,Aneesh Kumar,1660.0,350.0,1660.0,350.0,1245.0,163.0,75.0,46.57,13.09,-415.0,-187.0,0,0,0
2026-01-01,2026-01,B08RRZPPNP,Aneesh Kumar,2700.0,550.0,2700.0,550.0,2811.0,706.0,104.11,128.36,25.12,111.0,156.0,0,0,0
2026-01-01,2026-01,B08Z826CNN,Aneesh Kumar,1050.0,80.0,914.0,70.0,1126.0,206.0,123.19,294.29,18.29,212.0,136.0,0,0,0
2026-01-01,2026-01,B091FV1FHQ,Aneesh Kumar,9500.0,1500.0,9500.0,1500.0,7687.0,604.0,80.92,40.27,7.86,-1813.0,-896.0,0,0,0
2026-01-01,2026-01,B091L12RBL,Aneesh Kumar,2500.0,150.0,2500.0,150.0,2036.0,269.0,81.44,179.33,13.21,-464.0,119.0,0,0,0
2026-01-01,2026-01,B0924PFYN9,Aneesh Kumar,50000.0,10000.0,50000.0,10000.0,54130.0,10126.0,108.26,101.26,18.71,4130.0,126.0,0,0,0
2026-01-01,2026-01,B0924R63CJ,Aneesh Kumar,2800.0,650.0,2800.0,650.0,2935.0,594.0,104.82,91.38,20.24,135.0,-56.0,0,0,0
2026-01-01,2026-01,B093CB31XT,Aneesh Kumar,2500.0,200.0,2500.0,200.0,2544.0,242.0,101.76,121.0,9.51,44.0,42.0,0,0,0
2026-01-01,2026-01,B093ZSL4QH,Aneesh Kumar,820.0,50.0,820.0,50.0,884.0,137.0,107.8,274.0,15.5,64.0,87.0,0,0,0
2026-01-01,2026-01,B09BD66HPL,Aneesh Kumar,2500.0,450.0,2500.0,450.0,2221.0,202.0,88.84,44.89,9.1,-279.0,-248.0,0,0,0
2026-01-01,2026-01,B09NC8LVDK,Aneesh Kumar,500.0,50.0,500.0,50.0,0.0,-2.0,0.0,-4.0,,-500.0,-52.0,0,1,0
2026-01-01,2026-01,B0B252QTL4,Aneesh Kumar,1300.0,180.0,1300.0,180.0,1590.0,193.0,122.31,107.22,12.14,290.0,13.0,0,0,0
2026-01-01,2026-01,B0BNVKF7C9,Aneesh Kumar,2000.0,500.0,2000.0,500.0,8962.0,1867.0,448.1,373.4,20.83,6962.0,1367.0,0,0,0
2026-01-01,2026-01,B0BSGZV1T9,Aneesh Kumar,4000.0,650.0,4000.0,650.0,4954.0,490.0,123.85,75.38,9.89,954.0,-160.0,0,0,0
2026-01-01,2026-01,B0BT85QTFQ,Aneesh Kumar,1500.0,450.0,1500.0,450.0,1219.0,388.0,81.27,86.22,31.83,-281.0,-62.0,0,0,0
2026-01-01,2026-01,B0BV68VQV3,Aneesh Kumar,550.0,60.0,550.0,60.0,585.0,163.0,106.36,271.67,27.86,35.0,103.0,0,0,0
2026-01-01,2026-01,B0C6Y973ZP,Aneesh Kumar,800.0,60.0,800.0,60.0,371.0,69.0,46.38,115.0,18.6,-429.0,9.0,0,0,0
2026-01-01,2026-01,B0C7WG2333,Aneesh Kumar,11000.0,2000.0,11000.0,2000.0,15903.0,951.0,144.57,47.55,5.98,4903.0,-1049.0,0,0,0
2026-01-01,2026-01,B0CLVCMHBS,Aneesh Kumar,0.0,0.0,0.0,0.0,52.0,20.0,,,38.46,52.0,20.0,0,0,0
2026-01-01,2026-01,B0CN31Y5ZP,Aneesh Kumar,1700.0,50.0,1700.0,50.0,1760.0,280.0,103.53,560.0,15.91,60.0,230.0,0,0,0
2026-01-01,2026-01,B0CQ1Y7H9N,Aneesh Kumar,1000.0,200.0,1000.0,200.0,1821.0,201.0,182.1,100.5,11.04,821.0,1.0,0,0,0
2026-01-01,2026-01,B0CQ1ZY6RM,Aneesh Kumar,3300.0,600.0,3300.0,600.0,2296.0,229.0,69.58,38.17,9.97,-1004.0,-371.0,0,0,0
2026-01-01,2026-01,B0CR14DN7M,Aneesh Kumar,0.0,0.0,0.0,0.0,0.0,0.0,,,,0.0,0.0,0,1,0
2026-01-01,2026-01,B0CWLN5S1N,Aneesh Kumar,1500.0,200.0,1500.0,200.0,717.0,-19.0,47.8,-9.5,-2.65,-783.0,-219.0,0,0,0
2026-01-01,2026-01,B0DBQ2ZWVB,Aneesh Kumar,3400.0,850.0,3400.0,850.0,2642.0,669.0,77.71,78.71,25.32,-758.0,-181.0,0,0,0
2026-01-01,2026-01,B0DCP2BQBP,Aneesh Kumar,7000.0,1600.0,7000.0,1600.0,5695.0,1452.0,81.36,90.75,25.5,-1305.0,-148.0,0,0,0
2026-01-01,2026-01,B0DM6D92MZ,Aneesh Kumar,5500.0,1500.0,5500.0,1500.0,4301.0,714.0,78.2,47.6,16.6,-1199.0,-786.0,0,0,0
2026-01-01,2026-01,B0DN6HV7HN,Aneesh Kumar,4300.0,800.0,4023.0,748.0,2833.0,661.0,70.42,88.37,23.33,-1190.0,-87.0,0,0,0
2026-01-01,2026-01,B0DZP8H6RT,Aneesh Kumar,0.0,0.0,0.0,0.0,129.0,56.0,,,43.41,129.0,56.0,0,0,0
2026-01-01,2026-01,B0F48WQHS8,Aneesh Kumar,250.0,50.0,250.0,50.0,330.0,-41.0,132.0,-82.0,-12.42,80.0,-91.0,0,0,0
2026-01-01,2026-01,B0F63DSQD2,Aneesh Kumar,250.0,50.0,250.0,50.0,949.0,-67.0,379.6,-134.0,-7.06,699.0,-117.0,0,0,0
2026-01-01,2026-01,B0F63JC3Z8,Aneesh Kumar,550.0,50.0,550.0,50.0,307.0,-8.0,55.82,-16.0,-2.61,-243.0,-58.0,0,0,0
2026-01-01,2026-01,B0FBWGF7YG,Aneesh Kumar,1500.0,100.0,1500.0,100.0,613.0,-100.0,40.87,-100.0,-16.31,-887.0,-200.0,0,0,0
2026-01-01,2026-01,B0FGDRW2ZQ,Aneesh Kumar,0.0,0.0,0.0,0.0,52.0,8.0,,,15.38,52.0,8.0,0,0,0
2026-02-01,2026-02,B00E0HITK2,Aneesh Kumar,1000.0,200.0,1000.0,200.0,694.0,236.0,69.4,118.0,34.01,-306.0,36.0,0,0,0
2026-02-01,2026-02,B01MTQVUQQ,Aneesh Kumar,2800.0,650.0,2800.0,650.0,2546.0,577.0,90.93,88.77,22.66,-254.0,-73.0,0,0,0
2026-02-01,2026-02,B01N673US9,Aneesh Kumar,2800.0,550.0,2800.0,550.0,2173.0,456.0,77.61,82.91,20.98,-627.0,-94.0,0,0,0
2026-02-01,2026-02,B0767D9FJF,Aneesh Kumar,2000.0,480.0,2000.0,480.0,1370.0,365.0,68.5,76.04,26.64,-630.0,-115.0,0,0,0
2026-02-01,2026-02,B0771T1WRL,Aneesh Kumar,4500.0,1500.0,4500.0,1500.0,3925.0,1426.0,87.22,95.07,36.33,-575.0,-74.0,0,0,0
2026-02-01,2026-02,B078Y7M3S1,Aneesh Kumar,18000.0,2000.0,7714.0,857.0,6961.0,2015.0,90.24,235.12,28.95,-753.0,1158.0,0,0,0
2026-02-01,2026-02,B079C336Y3,Aneesh Kumar,42000.0,9500.0,42000.0,9500.0,45110.0,8503.0,107.4,89.51,18.85,3110.0,-997.0,0,0,0
2026-02-01,2026-02,B07GXS7XS2,Aneesh Kumar,0.0,0.0,0.0,0.0,2144.0,473.0,,,22.06,2144.0,473.0,0,0,0
2026-02-01,2026-02,B07GYL1WMY,Aneesh Kumar,0.0,0.0,0.0,0.0,0.0,0.0,,,,0.0,0.0,0,1,0
2026-02-01,2026-02,B07GYW9CVG,Aneesh Kumar,1300.0,200.0,1300.0,200.0,1078.0,242.0,82.92,121.0,22.45,-222.0,42.0,0,0,0
2026-02-01,2026-02,B07HB2V5YV,Aneesh Kumar,150.0,50.0,0.0,0.0,0.0,0.0,0.0,0.0,,0.0,0.0,0,1,1
2026-02-01,2026-02,B07HGDT9MT,Aneesh Kumar,300.0,100.0,300.0,100.0,344.0,57.0,114.67,57.0,16.57,44.0,-43.0,0,0,0
2026-02-01,2026-02,B07K9X11YV,Aneesh Kumar,3000.0,470.0,3000.0,470.0,2122.0,314.0,70.73,66.81,14.8,-878.0,-156.0,0,0,0
2026-02-01,2026-02,B07KC93HR1,Aneesh Kumar,3700.0,550.0,3700.0,550.0,5536.0,1053.0,149.62,191.45,19.02,1836.0,503.0,0,0,0
2026-02-01,2026-02,B07KMCQCZ5,Aneesh Kumar,2800.0,280.0,2800.0,280.0,2964.0,741.0,105.86,264.64,25.0,164.0,461.0,0,0,0
2026-02-01,2026-02,B07L5JH3NT,Aneesh Kumar,180.0,30.0,122.0,20.0,113.0,35.0,92.62,175.0,30.97,-9.0,15.0,0,0,0
2026-02-01,2026-02,B07L8LSQDV,Aneesh Kumar,300.0,50.0,0.0,0.0,0.0,0.0,0.0,0.0,,0.0,0.0,0,1,1
2026-02-01,2026-02,B07MBPZXXV,Aneesh Kumar,3200.0,400.0,3200.0,400.0,1731.0,390.0,54.09,97.5,22.53,-1469.0,-10.0,0,0,0
2026-02-01,2026-02,B07MBZCG52,Aneesh Kumar,2300.0,350.0,2300.0,350.0,1470.0,211.0,63.91,60.29,14.35,-830.0,-139.0,0,0,0
2026-02-01,2026-02,B07MWC4C5X,Aneesh Kumar,0.0,0.0,0.0,0.0,0.0,0.0,,,,0.0,0.0,0,1,0
2026-02-01,2026-02,B07RY9SYLV,Aneesh Kumar,2600.0,500.0,2600.0,500.0,2259.0,359.0,86.88,71.8,15.89,-341.0,-141.0,0,0,0
2026-02-01,2026-02,B07YNVK1MB,Aneesh Kumar,20000.0,6500.0,20000.0,6500.0,16908.0,6304.0,84.54,96.98,37.28,-3092.0,-196.0,0,0,0
2026-02-01,2026-02,B081Z6V1J6,Aneesh Kumar,3000.0,520.0,3000.0,520.0,1805.0,319.0,60.17,61.35,17.67,-1195.0,-201.0,0,0,0
2026-02-01,2026-02,B089QCFCV4,Aneesh Kumar,18000.0,2000.0,18000.0,2000.0,17207.0,2470.0,95.59,123.5,14.35,-793.0,470.0,0,0,0
2026-02-01,2026-02,B089QHX5PH,Aneesh Kumar,500.0,50.0,500.0,50.0,474.0,72.0,94.8,144.0,15.19,-26.0,22.0,0,0,0
2026-02-01,2026-02,B08BZYM56L,Aneesh Kumar,3500.0,250.0,3500.0,250.0,3443.0,541.0,98.37,216.4,15.71,-57.0,291.0,0,0,0
2026-02-01,2026-02,B08D9N5CK4,Aneesh Kumar,6000.0,1200.0,6000.0,1200.0,6587.0,2338.0,109.78,194.83,35.49,587.0,1138.0,0,0,0
2026-02-01,2026-02,B08FDVCKTG,Aneesh Kumar,2200.0,320.0,2200.0,320.0,2813.0,309.0,127.86,96.56,10.98,613.0,-11.0,0,0,0
2026-02-01,2026-02,B08GG6TPN6,Aneesh Kumar,13500.0,3500.0,13500.0,3500.0,16899.0,5003.0,125.18,142.94,29.61,3399.0,1503.0,0,0,0
2026-02-01,2026-02,B08GG96FPL,Aneesh Kumar,26000.0,6000.0,26000.0,6000.0,21908.0,7084.0,84.26,118.07,32.34,-4092.0,1084.0,0,0,0
2026-02-01,2026-02,B08K997YCF,Aneesh Kumar,3550.0,780.0,3550.0,780.0,3021.0,620.0,85.1,79.49,20.52,-529.0,-160.0,0,0,0
2026-02-01,2026-02,B08KZ26V41,Aneesh Kumar,150.0,50.0,150.0,50.0,170.0,69.0,113.33,138.0,40.59,20.0,19.0,0,0,0
2026-02-01,2026-02,B08L935BHL,Aneesh Kumar,1660.0,350.0,1660.0,350.0,1517.0,330.0,91.39,94.29,21.75,-143.0,-20.0,0,0,0
2026-02-01,2026-02,B08QNHTFCH,Aneesh Kumar,3000.0,500.0,964.0,161.0,1044.0,169.0,108.3,104.97,16.19,80.0,8.0,0,0,0
2026-02-01,2026-02,B08RRZPPNP,Aneesh Kumar,2700.0,550.0,2700.0,550.0,2243.0,555.0,83.07,100.91,24.74,-457.0,5.0,0,0,0
2026-02-01,2026-02,B08Z826CNN,Aneesh Kumar,1050.0,80.0,1050.0,80.0,894.0,231.0,85.14,288.75,25.84,-156.0,151.0,0,0,0
2026-02-01,2026-02,B091FV1FHQ,Aneesh Kumar,7000.0,1000.0,7000.0,1000.0,8959.0,1294.0,127.99,129.4,14.44,1959.0,294.0,0,0,0
2026-02-01,2026-02,B091L12RBL,Aneesh Kumar,2500.0,150.0,2500.0,150.0,2396.0,292.0,95.84,194.67,12.19,-104.0,142.0,0,0,0
2026-02-01,2026-02,B0924PFYN9,Aneesh Kumar,48000.0,8500.0,46286.0,8196.0,52980.0,15258.0,114.46,186.16,28.8,6694.0,7062.0,0,0,0
2026-02-01,2026-02,B0924R63CJ,Aneesh Kumar,2800.0,650.0,2800.0,650.0,2640.0,540.0,94.29,83.08,20.45,-160.0,-110.0,0,0,0
2026-02-01,2026-02,B093CB31XT,Aneesh Kumar,2500.0,200.0,2500.0,200.0,2567.0,316.0,102.68,158.0,12.31,67.0,116.0,0,0,0
2026-02-01,2026-02,B093ZSL4QH,Aneesh Kumar,820.0,50.0,791.0,48.0,651.0,151.0,82.3,314.58,23.2,-140.0,103.0,0,0,0
2026-02-01,2026-02,B09444JHW7,Aneesh Kumar,3500.0,300.0,3250.0,278.0,2028.0,186.0,62.4,66.91,9.17,-1222.0,-92.0,0,0,0
2026-02-01,2026-02,B09BD66HPL,Aneesh Kumar,2500.0,450.0,2500.0,450.0,2209.0,278.0,88.36,61.78,12.58,-291.0,-172.0,0,0,0
2026-02-01,2026-02,B09BJPTHVR,Aneesh Kumar,3000.0,900.0,3000.0,900.0,2657.0,1006.0,88.57,111.78,37.86,-343.0,106.0,0,0,0
2026-02-01,2026-02,B09NC8LVDK,Aneesh Kumar,500.0,50.0,500.0,50.0,0.0,0.0,0.0,0.0,,-500.0,-50.0,0,1,0
2026-02-01,2026-02,B0B1QR7DWZ,Aneesh Kumar,3500.0,200.0,3500.0,200.0,3536.0,577.0,101.03,288.5,16.32,36.0,377.0,0,0,0
2026-02-01,2026-02,B0B252QTL4,Aneesh Kumar,1300.0,180.0,1254.0,174.0,1508.0,197.0,120.26,113.22,13.06,254.0,23.0,0,0,0
2026-02-01,2026-02,B0B3RJ76ML,Aneesh Kumar,1650.0,350.0,1650.0,350.0,1448.0,393.0,87.76,112.29,27.14,-202.0,43.0,0,0,0
2026-02-01,2026-02,B0B8SWNKD7,Aneesh Kumar,2500.0,280.0,2500.0,280.0,1926.0,276.0,77.04,98.57,14.33,-574.0,-4.0,0,0,0
2026-02-01,2026-02,B0BNVKF7C9,Aneesh Kumar,2000.0,500.0,2000.0,500.0,6073.0,1699.0,303.65,339.8,27.98,4073.0,1199.0,0,0,0
2026-02-01,2026-02,B0BSGZV1T9,Aneesh Kumar,4000.0,650.0,4000.0,650.0,5123.0,932.0,128.07,143.38,18.19,1123.0,282.0,0,0,0
2026-02-01,2026-02,B0BT85QTFQ,Aneesh Kumar,1500.0,450.0,1500.0,450.0,1055.0,350.0,70.33,77.78,33.18,-445.0,-100.0,0,0,0
2026-02-01,2026-02,B0BV68VQV3,Aneesh Kumar,550.0,60.0,550.0,60.0,536.0,183.0,97.45,305.0,34.14,-14.0,123.0,0,0,0
2026-02-01,2026-02,B0BZW1BYH7,Aneesh Kumar,2500.0,500.0,2500.0,500.0,2843.0,403.0,113.72,80.6,14.18,343.0,-97.0,0,0,0
2026-02-01,2026-02,B0C6Y973ZP,Aneesh Kumar,800.0,60.0,800.0,60.0,435.0,75.0,54.38,125.0,17.24,-365.0,15.0,0,0,0
2026-02-01,2026-02,B0C7WG2333,Aneesh Kumar,10000.0,1000.0,10000.0,1000.0,13747.0,2591.0,137.47,259.1,18.85,3747.0,1591.0,0,0,0
2026-02-01,2026-02,B0C9CMMGPK,Aneesh Kumar,3200.0,500.0,3200.0,500.0,2828.0,637.0,88.38,127.4,22.52,-372.0,137.0,0,0,0
2026-02-01,2026-02,B0CB7ZDLXZ,Aneesh Kumar,2200.0,250.0,2200.0,250.0,1322.0,186.0,60.09,74.4,14.07,-878.0,-64.0,0,0,0
2026-02-01,2026-02,B0CLVCMHBS,Aneesh Kumar,0.0,0.0,0.0,0.0,70.0,27.0,,,38.57,70.0,27.0,0,0,0
2026-02-01,2026-02,B0CN31Y5ZP,Aneesh Kumar,1700.0,50.0,1700.0,50.0,1769.0,257.0,104.06,514.0,14.53,69.0,207.0,0,0,0
2026-02-01,2026-02,B0CQ1Y7H9N,Aneesh Kumar,1000.0,200.0,1000.0,200.0,1479.0,342.0,147.9,171.0,23.12,479.0,142.0,0,0,0
2026-02-01,2026-02,B0CQ1ZY6RM,Aneesh Kumar,3200.0,600.0,3200.0,600.0,1927.0,293.0,60.22,48.83,15.2,-1273.0,-307.0,0,0,0
2026-02-01,2026-02,B0CR14DN7M,Aneesh Kumar,0.0,0.0,0.0,0.0,0.0,0.0,,,,0.0,0.0,0,1,0
2026-02-01,2026-02,B0CSK9ZG34,Aneesh Kumar,2000.0,300.0,2000.0,300.0,2216.0,174.0,110.8,58.0,7.85,216.0,-126.0,0,0,0
2026-02-01,2026-02,B0CSKBLHCB,Aneesh Kumar,1650.0,352.0,1650.0,352.0,994.0,236.0,60.24,67.05,23.74,-656.0,-116.0,0,0,0
2026-02-01,2026-02,B0CTVQVDMG,Aneesh Kumar,2300.0,490.0,2300.0,490.0,5646.0,1426.0,245.48,291.02,25.26,3346.0,936.0,0,0,0
2026-02-01,2026-02,B0CW374CVT,Aneesh Kumar,2000.0,500.0,1786.0,447.0,5255.0,780.0,294.23,174.5,14.84,3469.0,333.0,0,0,0
2026-02-01,2026-02,B0CWLLPHQF,Aneesh Kumar,3200.0,850.0,3200.0,850.0,2470.0,857.0,77.19,100.82,34.7,-730.0,7.0,0,0,0
2026-02-01,2026-02,B0CWLN5S1N,Aneesh Kumar,1500.0,200.0,1500.0,200.0,622.0,145.0,41.47,72.5,23.31,-878.0,-55.0,0,0,0
2026-02-01,2026-02,B0DBQ2ZWVB,Aneesh Kumar,3400.0,850.0,3400.0,850.0,2218.0,676.0,65.24,79.53,30.48,-1182.0,-174.0,0,0,0
2026-02-01,2026-02,B0DCP2BQBP,Aneesh Kumar,5500.0,1000.0,3929.0,714.0,4803.0,1293.0,122.24,181.09,26.92,874.0,579.0,0,0,0
2026-02-01,2026-02,B0DM6D92MZ,Aneesh Kumar,3000.0,500.0,3000.0,500.0,3093.0,670.0,103.1,134.0,21.66,93.0,170.0,0,0,0
2026-02-01,2026-02,B0DN6HV7HN,Aneesh Kumar,2000.0,500.0,2000.0,500.0,3140.0,724.0,157.0,144.8,23.06,1140.0,224.0,0,0,0
2026-02-01,2026-02,B0DZP8H6RT,Aneesh Kumar,0.0,0.0,0.0,0.0,1951.0,478.0,,,24.5,1951.0,478.0,0,0,0
2026-02-01,2026-02,B0F48WQHS8,Aneesh Kumar,250.0,50.0,250.0,50.0,283.0,-112.0,113.2,-224.0,-39.58,33.0,-162.0,0,0,0
2026-02-01,2026-02,B0F63DSQD2,Aneesh Kumar,250.0,50.0,250.0,50.0,1058.0,244.0,423.2,488.0,23.06,808.0,194.0,0,0,0
2026-02-01,2026-02,B0F63JC3Z8,Aneesh Kumar,550.0,50.0,550.0,50.0,215.0,-15.0,39.09,-30.0,-6.98,-335.0,-65.0,0,0,0
2026-02-01,2026-02,B0FBWGF7YG,Aneesh Kumar,1500.0,100.0,1500.0,100.0,364.0,-3.0,24.27,-3.0,-0.82,-1136.0,-103.0,0,0,0
2026-02-01,2026-02,B0FGDRW2ZQ,Aneesh Kumar,0.0,0.0,0.0,0.0,76.0,-39.0,,,-51.32,76.0,-39.0,0,0,0
2026-03-01,2026-03,B00E0HITK2,Aneesh Kumar,1000.0,200.0,1000.0,200.0,649.0,218.0,64.9,109.0,33.59,-351.0,18.0,0,0,0
2026-03-01,2026-03,B01MTQVUQQ,Aneesh Kumar,3200.0,550.0,3200.0,550.0,2698.0,674.0,84.31,122.55,24.98,-502.0,124.0,0,0,0
2026-03-01,2026-03,B01N673US9,Aneesh Kumar,3200.0,400.0,3200.0,400.0,2506.0,330.0,78.31,82.5,13.17,-694.0,-70.0,0,0,0
2026-03-01,2026-03,B0767D9FJF,Aneesh Kumar,2000.0,480.0,2000.0,480.0,1278.0,320.0,63.9,66.67,25.04,-722.0,-160.0,0,0,0
2026-03-01,2026-03,B0771T1WRL,Aneesh Kumar,6000.0,1850.0,6000.0,1850.0,4534.0,1782.0,75.57,96.32,39.3,-1466.0,-68.0,0,0,0
2026-03-01,2026-03,B078Y7M3S1,Aneesh Kumar,17000.0,5000.0,17000.0,5000.0,19363.0,2965.0,113.9,59.3,15.31,2363.0,-2035.0,0,0,0
2026-03-01,2026-03,B079C336Y3,Aneesh Kumar,49000.0,7000.0,49000.0,7000.0,49053.0,9284.0,100.11,132.63,18.93,53.0,2284.0,0,0,0
2026-03-01,2026-03,B07GXS7XS2,Aneesh Kumar,0.0,0.0,0.0,0.0,1945.0,412.0,,,21.18,1945.0,412.0,0,0,0
2026-03-01,2026-03,B07GYL1WMY,Aneesh Kumar,0.0,0.0,0.0,0.0,0.0,0.0,,,,0.0,0.0,0,1,0
2026-03-01,2026-03,B07GYW9CVG,Aneesh Kumar,1300.0,200.0,1300.0,200.0,1318.0,281.0,101.38,140.5,21.32,18.0,81.0,0,0,0
2026-03-01,2026-03,B07HB2V5YV,Aneesh Kumar,200.0,20.0,0.0,0.0,0.0,0.0,0.0,0.0,,0.0,0.0,0,1,1
2026-03-01,2026-03,B07HGDT9MT,Aneesh Kumar,300.0,50.0,300.0,50.0,496.0,92.0,165.33,184.0,18.55,196.0,42.0,0,0,0
2026-03-01,2026-03,B07K9X11YV,Aneesh Kumar,3200.0,850.0,3200.0,850.0,2451.0,259.0,76.59,30.47,10.57,-749.0,-591.0,0,0,0
2026-03-01,2026-03,B07KC93HR1,Aneesh Kumar,4800.0,400.0,4800.0,400.0,4841.0,708.0,100.85,177.0,14.63,41.0,308.0,0,0,0
2026-03-01,2026-03,B07KMCQCZ5,Aneesh Kumar,3200.0,50.0,3200.0,50.0,2706.0,675.0,84.56,1350.0,24.94,-494.0,625.0,0,0,0
2026-03-01,2026-03,B07L5JH3NT,Aneesh Kumar,200.0,50.0,0.0,0.0,10.0,3.0,5.0,6.0,30.0,10.0,3.0,0,0,1
2026-03-01,2026-03,B07L8LSQDV,Aneesh Kumar,400.0,100.0,0.0,0.0,0.0,0.0,0.0,0.0,,0.0,0.0,0,1,1
2026-03-01,2026-03,B07MBPZXXV,Aneesh Kumar,4000.0,650.0,4000.0,650.0,1659.0,414.0,41.48,63.69,24.95,-2341.0,-236.0,0,0,0
2026-03-01,2026-03,B07MBZCG52,Aneesh Kumar,2500.0,450.0,2339.0,421.0,1718.0,333.0,73.45,79.1,19.38,-621.0,-88.0,0,0,0
2026-03-01,2026-03,B07MWC4C5X,Aneesh Kumar,0.0,0.0,0.0,0.0,0.0,0.0,,,,0.0,0.0,0,1,0
2026-03-01,2026-03,B07RY9SYLV,Aneesh Kumar,2800.0,280.0,2800.0,280.0,2396.0,361.0,85.57,128.93,15.07,-404.0,81.0,0,0,0
2026-03-01,2026-03,B07YNVK1MB,Aneesh Kumar,9500.0,3200.0,9500.0,3200.0,20894.0,7905.0,219.94,247.03,37.83,11394.0,4705.0,0,0,0
2026-03-01,2026-03,B081Z6V1J6,Aneesh Kumar,3400.0,850.0,3400.0,850.0,2437.0,419.0,71.68,49.29,17.19,-963.0,-431.0,0,0,0
2026-03-01,2026-03,B089QCFCV4,Aneesh Kumar,25000.0,3000.0,25000.0,3000.0,16706.0,2650.0,66.82,88.33,15.86,-8294.0,-350.0,0,0,0
2026-03-01,2026-03,B089QHX5PH,Aneesh Kumar,500.0,50.0,500.0,50.0,317.0,60.0,63.4,120.0,18.93,-183.0,10.0,0,0,0
2026-03-01,2026-03,B08BZYM56L,Aneesh Kumar,4500.0,600.0,4500.0,600.0,3899.0,673.0,86.64,112.17,17.26,-601.0,73.0,0,0,0
2026-03-01,2026-03,B08D9N5CK4,Aneesh Kumar,6500.0,1500.0,6500.0,1500.0,5485.0,2010.0,84.38,134.0,36.65,-1015.0,510.0,0,0,0
2026-03-01,2026-03,B08FDVCKTG,Aneesh Kumar,2300.0,490.0,2300.0,490.0,4039.0,643.0,175.61,131.22,15.92,1739.0,153.0,0,0,0
2026-03-01,2026-03,B08GG6TPN6,Aneesh Kumar,14000.0,3500.0,14000.0,3500.0,16149.0,5431.0,115.35,155.17,33.63,2149.0,1931.0,0,0,0
2026-03-01,2026-03,B08GG96FPL,Aneesh Kumar,25000.0,7500.0,25000.0,7500.0,25567.0,7943.0,102.27,105.91,31.07,567.0,443.0,0,0,0
2026-03-01,2026-03,B08K997YCF,Aneesh Kumar,2800.0,650.0,2800.0,650.0,3886.0,842.0,138.79,129.54,21.67,1086.0,192.0,0,0,0
2026-03-01,2026-03,B08KZ26V41,Aneesh Kumar,150.0,50.0,150.0,50.0,73.0,30.0,48.67,60.0,41.1,-77.0,-20.0,0,0,0
2026-03-01,2026-03,B08L935BHL,Aneesh Kumar,1660.0,350.0,1660.0,350.0,1595.0,364.0,96.08,104.0,22.82,-65.0,14.0,0,0,0
2026-03-01,2026-03,B08QNHTFCH,Aneesh Kumar,3500.0,300.0,3500.0,300.0,2372.0,255.0,67.77,85.0,10.75,-1128.0,-45.0,0,0,0
2026-03-01,2026-03,B08RRZPPNP,Aneesh Kumar,2800.0,650.0,2800.0,650.0,2852.0,748.0,101.86,115.08,26.23,52.0,98.0,0,0,0
2026-03-01,2026-03,B08Z826CNN,Aneesh Kumar,1050.0,80.0,1050.0,80.0,2294.0,706.0,218.48,882.5,30.78,1244.0,626.0,0,0,0
2026-03-01,2026-03,B091FV1FHQ,Aneesh Kumar,9500.0,1500.0,8887.0,1403.0,10348.0,1359.0,116.44,96.86,13.13,1461.0,-44.0,0,0,0
2026-03-01,2026-03,B091L12RBL,Aneesh Kumar,2700.0,750.0,2700.0,750.0,2162.0,268.0,80.07,35.73,12.4,-538.0,-482.0,0,0,0
2026-03-01,2026-03,B0924PFYN9,Aneesh Kumar,53000.0,9500.0,53000.0,9500.0,69984.0,17416.0,132.05,183.33,24.89,16984.0,7916.0,0,0,0
2026-03-01,2026-03,B0924R63CJ,Aneesh Kumar,3000.0,520.0,3000.0,520.0,2510.0,376.0,83.67,72.31,14.98,-490.0,-144.0,0,0,0
2026-03-01,2026-03,B093CB31XT,Aneesh Kumar,2500.0,150.0,2500.0,150.0,2232.0,346.0,89.28,230.67,15.5,-268.0,196.0,0,0,0
2026-03-01,2026-03,B093ZSL4QH,Aneesh Kumar,820.0,150.0,741.0,136.0,905.0,333.0,122.13,244.85,36.8,164.0,197.0,0,0,0
2026-03-01,2026-03,B09444JHW7,Aneesh Kumar,4500.0,300.0,4210.0,281.0,1871.0,316.0,44.44,112.46,16.89,-2339.0,35.0,0,0,0
2026-03-01,2026-03,B09BD66HPL,Aneesh Kumar,2550.0,680.0,2550.0,680.0,2766.0,341.0,108.47,50.15,12.33,216.0,-339.0,0,0,0
2026-03-01,2026-03,B09BJPTHVR,Aneesh Kumar,3300.0,600.0,3300.0,600.0,2249.0,829.0,68.15,138.17,36.86,-1051.0,229.0,0,0,0
2026-03-01,2026-03,B09NC8LVDK,Aneesh Kumar,500.0,50.0,290.0,29.0,0.0,0.0,0.0,0.0,,-290.0,-29.0,0,1,0
2026-03-01,2026-03,B0B1QR7DWZ,Aneesh Kumar,5700.0,750.0,5700.0,750.0,3479.0,450.0,61.04,60.0,12.93,-2221.0,-300.0,0,0,0
2026-03-01,2026-03,B0B252QTL4,Aneesh Kumar,1300.0,180.0,1300.0,180.0,1698.0,257.0,130.62,142.78,15.14,398.0,77.0,0,0,0
2026-03-01,2026-03,B0B3RJ76ML,Aneesh Kumar,1650.0,350.0,1650.0,350.0,1092.0,320.0,66.18,91.43,29.3,-558.0,-30.0,0,0,0
2026-03-01,2026-03,B0B8SWNKD7,Aneesh Kumar,2600.0,500.0,2600.0,500.0,1893.0,129.0,72.81,25.8,6.81,-707.0,-371.0,0,0,0
2026-03-01,2026-03,B0BNVKF7C9,Aneesh Kumar,2000.0,500.0,2000.0,500.0,5511.0,1624.0,275.55,324.8,29.47,3511.0,1124.0,0,0,0
2026-03-01,2026-03,B0BSGZV1T9,Aneesh Kumar,5500.0,1500.0,5500.0,1500.0,7026.0,779.0,127.75,51.93,11.09,1526.0,-721.0,0,0,0
2026-03-01,2026-03,B0BT85QTFQ,Aneesh Kumar,1500.0,450.0,1500.0,450.0,1219.0,403.0,81.27,89.56,33.06,-281.0,-47.0,0,0,0
2026-03-01,2026-03,B0BV68VQV3,Aneesh Kumar,650.0,50.0,650.0,50.0,601.0,213.0,92.46,426.0,35.44,-49.0,163.0,0,0,0
2026-03-01,2026-03,B0BZW1BYH7,Aneesh Kumar,2700.0,550.0,2700.0,550.0,2774.0,407.0,102.74,74.0,14.67,74.0,-143.0,0,0,0
2026-03-01,2026-03,B0C6Y973ZP,Aneesh Kumar,820.0,50.0,820.0,50.0,394.0,48.0,48.05,96.0,12.18,-426.0,-2.0,0,0,0
2026-03-01,2026-03,B0C7WG2333,Aneesh Kumar,11000.0,2000.0,11000.0,2000.0,13461.0,2512.0,122.37,125.6,18.66,2461.0,512.0,0,0,0
2026-03-01,2026-03,B0C9CMMGPK,Aneesh Kumar,4000.0,700.0,4000.0,700.0,2251.0,606.0,56.27,86.57,26.92,-1749.0,-94.0,0,0,0
2026-03-01,2026-03,B0CB7ZDLXZ,Aneesh Kumar,2500.0,200.0,2500.0,200.0,1975.0,364.0,79.0,182.0,18.43,-525.0,164.0,0,0,0
2026-03-01,2026-03,B0CLVCMHBS,Aneesh Kumar,0.0,0.0,0.0,0.0,0.0,0.0,,,,0.0,0.0,0,1,0
2026-03-01,2026-03,B0CN31Y5ZP,Aneesh Kumar,1700.0,50.0,1700.0,50.0,1853.0,237.0,109.0,474.0,12.79,153.0,187.0,0,0,0
2026-03-01,2026-03,B0CQ1Y7H9N,Aneesh Kumar,1000.0,200.0,1000.0,200.0,1850.0,351.0,185.0,175.5,18.97,850.0,151.0,0,0,0
2026-03-01,2026-03,B0CQ1ZY6RM,Aneesh Kumar,4100.0,1000.0,4100.0,1000.0,1958.0,359.0,47.76,35.9,18.34,-2142.0,-641.0,0,0,0
2026-03-01,2026-03,B0CR14DN7M,Aneesh Kumar,0.0,0.0,0.0,0.0,0.0,0.0,,,,0.0,0.0,0,1,0
2026-03-01,2026-03,B0CSK9ZG34,Aneesh Kumar,2000.0,300.0,2000.0,300.0,1898.0,167.0,94.9,55.67,8.8,-102.0,-133.0,0,0,0
2026-03-01,2026-03,B0CSKBLHCB,Aneesh Kumar,1650.0,352.0,1650.0,352.0,1288.0,496.0,78.06,140.91,38.51,-362.0,144.0,0,0,0
2026-03-01,2026-03,B0CTVQVDMG,Aneesh Kumar,2500.0,280.0,2500.0,280.0,8634.0,1958.0,345.36,699.29,22.68,6134.0,1678.0,0,0,0
2026-03-01,2026-03,B0CW374CVT,Aneesh Kumar,2200.0,320.0,2200.0,320.0,6891.0,1715.0,313.23,535.94,24.89,4691.0,1395.0,0,0,0
2026-03-01,2026-03,B0CWLLPHQF,Aneesh Kumar,4000.0,400.0,4000.0,400.0,3492.0,1002.0,87.3,250.5,28.69,-508.0,602.0,0,0,0
2026-03-01,2026-03,B0CWLN5S1N,Aneesh Kumar,1500.0,200.0,1500.0,200.0,861.0,216.0,57.4,108.0,25.09,-639.0,16.0,0,0,0
2026-03-01,2026-03,B0DBQ2ZWVB,Aneesh Kumar,4300.0,800.0,4300.0,800.0,2933.0,892.0,68.21,111.5,30.41,-1367.0,92.0,0,0,0
2026-03-01,2026-03,B0DCP2BQBP,Aneesh Kumar,7000.0,1600.0,7000.0,1600.0,6251.0,1525.0,89.3,95.31,24.4,-749.0,-75.0,0,0,0
2026-03-01,2026-03,B0DM6D92MZ,Aneesh Kumar,3750.0,550.0,3750.0,550.0,2835.0,731.0,75.6,132.91,25.78,-915.0,181.0,0,0,0
2026-03-01,2026-03,B0DN6HV7HN,Aneesh Kumar,2200.0,250.0,1774.0,202.0,3654.0,994.0,205.98,492.08,27.2,1880.0,792.0,0,0,0
2026-03-01,2026-03,B0DZP8H6RT,Aneesh Kumar,0.0,0.0,0.0,0.0,2614.0,400.0,,,15.3,2614.0,400.0,0,0,0
2026-03-01,2026-03,B0F48WQHS8,Aneesh Kumar,250.0,50.0,250.0,50.0,79.0,-21.0,31.6,-42.0,-26.58,-171.0,-71.0,0,0,0
2026-03-01,2026-03,B0F63DSQD2,Aneesh Kumar,300.0,100.0,300.0,100.0,1615.0,414.0,538.33,414.0,25.63,1315.0,314.0,0,0,0
2026-03-01,2026-03,B0F63JC3Z8,Aneesh Kumar,550.0,60.0,550.0,60.0,411.0,44.0,74.73,73.33,10.71,-139.0,-16.0,0,0,0
2026-03-01,2026-03,B0FBWGF7YG,Aneesh Kumar,1500.0,100.0,1500.0,100.0,480.0,-10.0,32.0,-10.0,-2.08,-1020.0,-110.0,0,0,0
2026-03-01,2026-03,B0FGDRW2ZQ,Aneesh Kumar,0.0,0.0,0.0,0.0,348.0,61.0,,,17.53,348.0,61.0,0,0,0
2026-04-01,2026-04,B00E0HITK2,Aneesh Kumar,800.0,200.0,800.0,200.0,542.0,187.0,67.75,93.5,34.5,-258.0,-13.0,0,0,0
2026-04-01,2026-04,B01MTQVUQQ,Aneesh Kumar,2000.0,550.0,2000.0,550.0,2943.0,891.0,147.15,162.0,30.28,943.0,341.0,0,0,0
2026-04-01,2026-04,B01N673US9,Aneesh Kumar,2200.0,350.0,1687.0,268.0,2284.0,262.0,135.39,97.76,11.47,597.0,-6.0,0,0,0
2026-04-01,2026-04,B0767D9FJF,Aneesh Kumar,1500.0,300.0,1500.0,300.0,1371.0,434.0,91.4,144.67,31.66,-129.0,134.0,0,0,0
2026-04-01,2026-04,B0771T1WRL,Aneesh Kumar,6000.0,1850.0,5600.0,1727.0,4129.0,1667.0,73.73,96.53,40.37,-1471.0,-60.0,0,0,0
2026-04-01,2026-04,B078Y7M3S1,Aneesh Kumar,22000.0,5500.0,22000.0,5500.0,15159.0,2561.0,68.9,46.56,16.89,-6841.0,-2939.0,0,0,0
2026-04-01,2026-04,B079C336Y3,Aneesh Kumar,47000.0,7250.0,47000.0,7250.0,37695.0,7980.0,80.2,110.07,21.17,-9305.0,730.0,0,0,0
2026-04-01,2026-04,B07GX25G81,Aneesh Kumar,2000.0,380.0,2000.0,380.0,1651.0,351.0,82.55,92.37,21.26,-349.0,-29.0,0,0,0
2026-04-01,2026-04,B07GXLY554,Aneesh Kumar,1100.0,100.0,1100.0,100.0,1341.0,79.0,121.91,79.0,5.89,241.0,-21.0,0,0,0
2026-04-01,2026-04,B07GXPQBK6,Aneesh Kumar,1200.0,180.0,1200.0,180.0,1091.0,205.0,90.92,113.89,18.79,-109.0,25.0,0,0,0
2026-04-01,2026-04,B07GXS7XS2,Aneesh Kumar,700.0,200.0,700.0,200.0,2499.0,532.0,357.0,266.0,21.29,1799.0,332.0,0,0,0
2026-04-01,2026-04,B07GYL1WMY,Aneesh Kumar,0.0,0.0,0.0,0.0,0.0,0.0,,,,0.0,0.0,0,1,0
2026-04-01,2026-04,B07GYW9CVG,Aneesh Kumar,1500.0,250.0,1500.0,250.0,857.0,165.0,57.13,66.0,19.25,-643.0,-85.0,0,0,0
2026-04-01,2026-04,B07HB2V5YV,Aneesh Kumar,0.0,0.0,0.0,0.0,0.0,0.0,,,,0.0,0.0,0,1,0
2026-04-01,2026-04,B07HB3BZ2H,Aneesh Kumar,600.0,150.0,0.0,0.0,98.0,13.0,16.33,8.67,13.27,98.0,13.0,0,0,1
2026-04-01,2026-04,B07HB3ZS79,Aneesh Kumar,0.0,0.0,0.0,0.0,0.0,0.0,,,,0.0,0.0,0,1,0
2026-04-01,2026-04,B07HGCZRVW,Aneesh Kumar,1850.0,360.0,1850.0,360.0,1051.0,94.0,56.81,26.11,8.94,-799.0,-266.0,0,0,0
2026-04-01,2026-04,B07HGD7YF5,Aneesh Kumar,400.0,50.0,373.0,47.0,361.0,60.0,96.78,127.66,16.62,-12.0,13.0,0,0,0
2026-04-01,2026-04,B07HGDT9MT,Aneesh Kumar,350.0,70.0,350.0,70.0,350.0,50.0,100.0,71.43,14.29,0.0,-20.0,0,0,0
2026-04-01,2026-04,B07K9X11YV,Aneesh Kumar,2700.0,420.0,2700.0,420.0,2433.0,294.0,90.11,70.0,12.08,-267.0,-126.0,0,0,0
2026-04-01,2026-04,B07KC93HR1,Aneesh Kumar,3900.0,850.0,3900.0,850.0,3990.0,610.0,102.31,71.76,15.29,90.0,-240.0,0,0,0
2026-04-01,2026-04,B07KMCQCZ5,Aneesh Kumar,2300.0,500.0,2300.0,500.0,2466.0,593.0,107.22,118.6,24.05,166.0,93.0,0,0,0
2026-04-01,2026-04,B07L5JH3NT,Aneesh Kumar,180.0,30.0,0.0,0.0,0.0,0.0,0.0,0.0,,0.0,0.0,0,1,1
2026-04-01,2026-04,B07L8LSQDV,Aneesh Kumar,300.0,50.0,0.0,0.0,0.0,0.0,0.0,0.0,,0.0,0.0,0,1,1
2026-04-01,2026-04,B07MBPZXXV,Aneesh Kumar,2500.0,400.0,2500.0,400.0,1763.0,510.0,70.52,127.5,28.93,-737.0,110.0,0,0,0
2026-04-01,2026-04,B07MBZCG52,Aneesh Kumar,1800.0,350.0,1800.0,350.0,1150.0,207.0,63.89,59.14,18.0,-650.0,-143.0,0,0,0
2026-04-01,2026-04,B07MLSTQ1L,Aneesh Kumar,400.0,100.0,373.0,93.0,372.0,140.0,99.73,150.54,37.63,-1.0,47.0,0,0,0
2026-04-01,2026-04,B07MWC4C5X,Aneesh Kumar,0.0,0.0,0.0,0.0,0.0,0.0,,,,0.0,0.0,0,1,0
2026-04-01,2026-04,B07RY9SYLV,Aneesh Kumar,2400.0,450.0,2400.0,450.0,2087.0,283.0,86.96,62.89,13.56,-313.0,-167.0,0,0,0
2026-04-01,2026-04,B07YNVK1MB,Aneesh Kumar,20000.0,7500.0,20000.0,7500.0,18295.0,6742.0,91.47,89.89,36.85,-1705.0,-758.0,0,0,0
2026-04-01,2026-04,B081RTQ1B3,Aneesh Kumar,600.0,0.0,600.0,0.0,775.0,69.0,129.17,,8.9,175.0,69.0,0,0,0
2026-04-01,2026-04,B081Z6V1J6,Aneesh Kumar,2600.0,400.0,2600.0,400.0,2049.0,342.0,78.81,85.5,16.69,-551.0,-58.0,0,0,0
2026-04-01,2026-04,B088RKYG7C,Aneesh Kumar,1200.0,310.0,1120.0,289.0,1262.0,394.0,112.68,136.33,31.22,142.0,105.0,0,0,0
2026-04-01,2026-04,B089QCFCV4,Aneesh Kumar,15700.0,3000.0,15700.0,3000.0,16071.0,2251.0,102.36,75.03,14.01,371.0,-749.0,0,0,0
2026-04-01,2026-04,B089QHX5PH,Aneesh Kumar,350.0,50.0,350.0,50.0,407.0,6.0,116.29,12.0,1.47,57.0,-44.0,0,0,0
2026-04-01,2026-04,B08BZYM56L,Aneesh Kumar,3250.0,380.0,3250.0,380.0,3809.0,702.0,117.2,184.74,18.43,559.0,322.0,0,0,0
2026-04-01,2026-04,B08D9N5CK4,Aneesh Kumar,6500.0,1500.0,6500.0,1500.0,6421.0,1835.0,98.78,122.33,28.58,-79.0,335.0,0,0,0
2026-04-01,2026-04,B08FDVCKTG,Aneesh Kumar,3000.0,500.0,3000.0,500.0,2810.0,344.0,93.67,68.8,12.24,-190.0,-156.0,0,0,0
2026-04-01,2026-04,B08GG6TPN6,Aneesh Kumar,17500.0,5000.0,17500.0,5000.0,13369.0,4340.0,76.39,86.8,32.46,-4131.0,-660.0,0,0,0
2026-04-01,2026-04,B08GG96FPL,Aneesh Kumar,25000.0,8000.0,25000.0,8000.0,25421.0,8896.0,101.68,111.2,34.99,421.0,896.0,0,0,0
2026-04-01,2026-04,B08HQGTVQX,Aneesh Kumar,400.0,50.0,373.0,47.0,740.0,119.0,198.39,253.19,16.08,367.0,72.0,0,0,0
2026-04-01,2026-04,B08K997VY4,Aneesh Kumar,200.0,50.0,187.0,47.0,356.0,27.0,190.37,57.45,7.58,169.0,-20.0,0,0,0
2026-04-01,2026-04,B08K997YCF,Aneesh Kumar,3100.0,600.0,3100.0,600.0,2195.0,424.0,70.81,70.67,19.32,-905.0,-176.0,0,0,0
2026-04-01,2026-04,B08KRNGDTR,Aneesh Kumar,700.0,100.0,653.0,93.0,540.0,65.0,82.7,69.89,12.04,-113.0,-28.0,0,0,0
2026-04-01,2026-04,B08KRSRFGK,Aneesh Kumar,11000.0,2000.0,11000.0,2000.0,8088.0,1579.0,73.53,78.95,19.52,-2912.0,-421.0,0,0,0
2026-04-01,2026-04,B08KZ26V41,Aneesh Kumar,0.0,0.0,0.0,0.0,119.0,47.0,,,39.5,119.0,47.0,0,0,0
2026-04-01,2026-04,B08L935BHL,Aneesh Kumar,1660.0,350.0,0.0,0.0,247.0,74.0,14.88,21.14,29.96,247.0,74.0,0,0,1
2026-04-01,2026-04,B08QNHTFCH,Aneesh Kumar,2500.0,350.0,2500.0,350.0,1382.0,105.0,55.28,30.0,7.6,-1118.0,-245.0,0,0,0
2026-04-01,2026-04,B08RRZPPNP,Aneesh Kumar,2700.0,650.0,2520.0,607.0,1890.0,470.0,75.0,77.43,24.87,-630.0,-137.0,0,0,0
2026-04-01,2026-04,B08Z826CNN,Aneesh Kumar,1050.0,200.0,1050.0,200.0,4032.0,1311.0,384.0,655.5,32.51,2982.0,1111.0,0,0,0
2026-04-01,2026-04,B08ZCFTLR7,Aneesh Kumar,300.0,50.0,280.0,47.0,232.0,19.0,82.86,40.43,8.19,-48.0,-28.0,0,0,0
2026-04-01,2026-04,B091FV1FHQ,Aneesh Kumar,9000.0,1350.0,9000.0,1350.0,10613.0,1436.0,117.92,106.37,13.53,1613.0,86.0,0,0,0
2026-04-01,2026-04,B091L12RBL,Aneesh Kumar,2200.0,300.0,1980.0,270.0,1583.0,128.0,79.95,47.41,8.09,-397.0,-142.0,0,0,0
2026-04-01,2026-04,B0924PFYN9,Aneesh Kumar,70000.0,15000.0,70000.0,15000.0,64208.0,12780.0,91.73,85.2,19.9,-5792.0,-2220.0,0,0,0
2026-04-01,2026-04,B0924R63CJ,Aneesh Kumar,2750.0,480.0,2750.0,480.0,2534.0,494.0,92.15,102.92,19.49,-216.0,14.0,0,0,0
2026-04-01,2026-04,B093CB31XT,Aneesh Kumar,2300.0,400.0,1687.0,293.0,1743.0,288.0,103.32,98.29,16.52,56.0,-5.0,0,0,0
2026-04-01,2026-04,B093ZSL4QH,Aneesh Kumar,820.0,200.0,820.0,200.0,995.0,320.0,121.34,160.0,32.16,175.0,120.0,0,0,0
2026-04-01,2026-04,B09444JHW7,Aneesh Kumar,3400.0,550.0,3173.0,513.0,2281.0,414.0,71.89,80.7,18.15,-892.0,-99.0,0,0,0
2026-04-01,2026-04,B09BD66HPL,Aneesh Kumar,2200.0,200.0,2200.0,200.0,2150.0,291.0,97.73,145.5,13.53,-50.0,91.0,0,0,0
2026-04-01,2026-04,B09BJPTHVR,Aneesh Kumar,2100.0,800.0,2100.0,800.0,2318.0,888.0,110.38,111.0,38.31,218.0,88.0,0,0,0
2026-04-01,2026-04,B09NC8LVDK,Aneesh Kumar,500.0,50.0,0.0,0.0,0.0,0.0,0.0,0.0,,0.0,0.0,0,1,1
2026-04-01,2026-04,B0B1QQYKX5,Aneesh Kumar,1000.0,100.0,0.0,0.0,0.0,0.0,0.0,0.0,,0.0,0.0,0,1,1
2026-04-01,2026-04,B0B1QR7DWZ,Aneesh Kumar,5000.0,1000.0,4667.0,933.0,4022.0,784.0,86.18,84.03,19.49,-645.0,-149.0,0,0,0
2026-04-01,2026-04,B0B252QTL4,Aneesh Kumar,1000.0,200.0,1000.0,200.0,1771.0,405.0,177.1,202.5,22.87,771.0,205.0,0,0,0
2026-04-01,2026-04,B0B3RJ76ML,Aneesh Kumar,1650.0,350.0,1540.0,327.0,1092.0,288.0,70.91,88.07,26.37,-448.0,-39.0,0,0,0
2026-04-01,2026-04,B0B8SWNKD7,Aneesh Kumar,2500.0,400.0,2333.0,373.0,1894.0,272.0,81.18,72.92,14.36,-439.0,-101.0,0,0,0
2026-04-01,2026-04,B0BNVKF7C9,Aneesh Kumar,5800.0,1500.0,5220.0,1350.0,4863.0,1639.0,93.16,121.41,33.7,-357.0,289.0,0,0,0
2026-04-01,2026-04,B0BSGZV1T9,Aneesh Kumar,4750.0,750.0,4750.0,750.0,5473.0,920.0,115.22,122.67,16.81,723.0,170.0,0,0,0
2026-04-01,2026-04,B0BT85QTFQ,Aneesh Kumar,1500.0,450.0,1400.0,420.0,1023.0,341.0,73.07,81.19,33.33,-377.0,-79.0,0,0,0
2026-04-01,2026-04,B0BV68VQV3,Aneesh Kumar,550.0,120.0,550.0,120.0,695.0,245.0,126.36,204.17,35.25,145.0,125.0,0,0,0
2026-04-01,2026-04,B0BZW1BYH7,Aneesh Kumar,3000.0,650.0,2800.0,607.0,2559.0,329.0,91.39,54.2,12.86,-241.0,-278.0,0,0,0
2026-04-01,2026-04,B0C3H9CVNZ,Aneesh Kumar,500.0,90.0,467.0,84.0,429.0,146.0,91.86,173.81,34.03,-38.0,62.0,0,0,0
2026-04-01,2026-04,B0C6Y973ZP,Aneesh Kumar,700.0,60.0,700.0,60.0,406.0,100.0,58.0,166.67,24.63,-294.0,40.0,0,0,0
2026-04-01,2026-04,B0C7WG2333,Aneesh Kumar,12000.0,1800.0,12000.0,1800.0,11171.0,2000.0,93.09,111.11,17.9,-829.0,200.0,0,0,0
2026-04-01,2026-04,B0C9CMMGPK,Aneesh Kumar,2500.0,450.0,2500.0,450.0,3386.0,985.0,135.44,218.89,29.09,886.0,535.0,0,0,0
2026-04-01,2026-04,B0CB4M926G,Aneesh Kumar,300.0,50.0,300.0,50.0,373.0,82.0,124.33,164.0,21.98,73.0,32.0,0,0,0
2026-04-01,2026-04,B0CB7ZDLXZ,Aneesh Kumar,1800.0,260.0,1800.0,260.0,2049.0,377.0,113.83,145.0,18.4,249.0,117.0,0,0,0
2026-04-01,2026-04,B0CF1MQ97T,Aneesh Kumar,200.0,20.0,200.0,20.0,170.0,6.0,85.0,30.0,3.53,-30.0,-14.0,0,0,0
2026-04-01,2026-04,B0CF28WQH3,Aneesh Kumar,700.0,120.0,700.0,120.0,1585.0,-25.0,226.43,-20.83,-1.58,885.0,-145.0,0,0,0
2026-04-01,2026-04,B0CLVCMHBS,Aneesh Kumar,0.0,0.0,0.0,0.0,0.0,0.0,,,,0.0,0.0,0,1,0
2026-04-01,2026-04,B0CN31Y5ZP,Aneesh Kumar,1700.0,250.0,1700.0,250.0,2103.0,348.0,123.71,139.2,16.55,403.0,98.0,0,0,0
2026-04-01,2026-04,B0CN32XKTL,Aneesh Kumar,780.0,50.0,0.0,0.0,17.0,6.0,2.18,12.0,35.29,17.0,6.0,0,0,1
2026-04-01,2026-04,B0CQ1Y7H9N,Aneesh Kumar,1800.0,350.0,1800.0,350.0,1441.0,97.0,80.06,27.71,6.73,-359.0,-253.0,0,0,0
2026-04-01,2026-04,B0CQ1ZY6RM,Aneesh Kumar,3200.0,500.0,3200.0,500.0,1716.0,154.0,53.62,30.8,8.97,-1484.0,-346.0,0,0,0
2026-04-01,2026-04,B0CR14DN7M,Aneesh Kumar,0.0,0.0,0.0,0.0,0.0,0.0,,,,0.0,0.0,0,1,0
2026-04-01,2026-04,B0CSK9ZG34,Aneesh Kumar,2000.0,150.0,2000.0,150.0,1613.0,291.0,80.65,194.0,18.04,-387.0,141.0,0,0,0
2026-04-01,2026-04,B0CSKBLHCB,Aneesh Kumar,1350.0,340.0,1350.0,340.0,869.0,308.0,64.37,90.59,35.44,-481.0,-32.0,0,0,0
2026-04-01,2026-04,B0CTVQVDMG,Aneesh Kumar,5000.0,1000.0,1500.0,300.0,2078.0,515.0,138.53,171.67,24.78,578.0,215.0,0,0,0
2026-04-01,2026-04,B0CW374CVT,Aneesh Kumar,4000.0,800.0,3733.0,747.0,7641.0,2173.0,204.69,290.9,28.44,3908.0,1426.0,0,0,0
2026-04-01,2026-04,B0CWLLPHQF,Aneesh Kumar,1850.0,550.0,1850.0,550.0,3305.0,877.0,178.65,159.45,26.54,1455.0,327.0,0,0,0
2026-04-01,2026-04,B0CWLN5S1N,Aneesh Kumar,1500.0,200.0,1500.0,200.0,344.0,26.0,22.93,13.0,7.56,-1156.0,-174.0,0,0,0
2026-04-01,2026-04,B0D8L2Y7CG,Aneesh Kumar,1600.0,200.0,1493.0,187.0,1685.0,273.0,112.86,145.99,16.2,192.0,86.0,0,0,0
2026-04-01,2026-04,B0DBQ2ZWVB,Aneesh Kumar,3300.0,700.0,330.0,70.0,1057.0,308.0,320.3,440.0,29.14,727.0,238.0,0,0,0
2026-04-01,2026-04,B0DCK8JV7C,Aneesh Kumar,500.0,50.0,0.0,0.0,0.0,0.0,0.0,0.0,,0.0,0.0,0,1,1
2026-04-01,2026-04,B0DCP2BQBP,Aneesh Kumar,6000.0,1400.0,4800.0,1120.0,5964.0,1571.0,124.25,140.27,26.34,1164.0,451.0,0,0,0
2026-04-01,2026-04,B0DM6D92MZ,Aneesh Kumar,4000.0,900.0,4000.0,900.0,3214.0,844.0,80.35,93.78,26.26,-786.0,-56.0,0,0,0
2026-04-01,2026-04,B0DN6HV7HN,Aneesh Kumar,3200.0,700.0,2987.0,653.0,3974.0,1003.0,133.04,153.6,25.24,987.0,350.0,0,0,0
2026-04-01,2026-04,B0DZP8H6RT,Aneesh Kumar,4000.0,600.0,4000.0,600.0,3324.0,836.0,83.1,139.33,25.15,-676.0,236.0,0,0,0
2026-04-01,2026-04,B0F48WQHS8,Aneesh Kumar,200.0,50.0,200.0,50.0,316.0,-45.0,158.0,-90.0,-14.24,116.0,-95.0,0,0,0
2026-04-01,2026-04,B0F4KSP9SH,Aneesh Kumar,1000.0,180.0,933.0,168.0,692.0,-35.0,74.17,-20.83,-5.06,-241.0,-203.0,0,0,0
2026-04-01,2026-04,B0F63DSQD2,Aneesh Kumar,1500.0,350.0,1350.0,315.0,897.0,185.0,66.44,58.73,20.62,-453.0,-130.0,0,0,0
2026-04-01,2026-04,B0F63JC3Z8,Aneesh Kumar,500.0,50.0,500.0,50.0,316.0,1.0,63.2,2.0,0.32,-184.0,-49.0,0,0,0
2026-04-01,2026-04,B0F67BKBW1,Aneesh Kumar,1500.0,290.0,1500.0,290.0,991.0,334.0,66.07,115.17,33.7,-509.0,44.0,0,0,0
2026-04-01,2026-04,B0FBVZ35TP,Aneesh Kumar,950.0,50.0,950.0,50.0,1025.0,174.0,107.89,348.0,16.98,75.0,124.0,0,0,0
2026-04-01,2026-04,B0FBWGF7YG,Aneesh Kumar,1500.0,100.0,1500.0,100.0,628.0,39.0,41.87,39.0,6.21,-872.0,-61.0,0,0,0
2026-04-01,2026-04,B0FGDRW2ZQ,Aneesh Kumar,1500.0,100.0,1500.0,100.0,240.0,-7.0,16.0,-7.0,-2.92,-1260.0,-107.0,0,0,0
2026-04-01,2026-04,B0FM897YYG,Aneesh Kumar,400.0,70.0,373.0,65.0,389.0,4.0,104.29,6.15,1.03,16.0,-61.0,0,0,0
2026-04-01,2026-04,B0FNDLS99B,Aneesh Kumar,200.0,20.0,200.0,20.0,69.0,9.0,34.5,45.0,13.04,-131.0,-11.0,0,0,0
2026-05-01,2026-05,B00E0HITK2,Aneesh Kumar,1000.0,250.0,1000.0,250.0,675.0,236.0,67.5,94.4,34.96,-325.0,-14.0,0,0,0
2026-05-01,2026-05,B01MTQVUQQ,Aneesh Kumar,0.0,0.0,0.0,0.0,2591.0,678.0,,,26.17,2591.0,678.0,0,0,0
2026-05-01,2026-05,B01N673US9,Aneesh Kumar,2800.0,500.0,2710.0,484.0,2653.0,429.0,97.9,88.64,16.17,-57.0,-55.0,0,0,0
2026-05-01,2026-05,B0767D9FJF,Aneesh Kumar,1650.0,350.0,1650.0,350.0,1101.0,300.0,66.73,85.71,27.25,-549.0,-50.0,0,0,0
2026-05-01,2026-05,B0771T1WRL,Aneesh Kumar,6500.0,1850.0,6500.0,1850.0,4347.0,1595.0,66.88,86.22,36.69,-2153.0,-255.0,0,0,0
2026-05-01,2026-05,B078Y7M3S1,Aneesh Kumar,24000.0,4800.0,24000.0,4800.0,14890.0,2074.0,62.04,43.21,13.93,-9110.0,-2726.0,0,0,0
2026-05-01,2026-05,B079C336Y3,Aneesh Kumar,51000.0,8000.0,51000.0,8000.0,34599.0,8776.0,67.84,109.7,25.36,-16401.0,776.0,0,0,0
2026-05-01,2026-05,B07GX25G81,Aneesh Kumar,2300.0,430.0,2003.0,374.0,1276.0,248.0,63.7,66.31,19.44,-727.0,-126.0,0,0,0
2026-05-01,2026-05,B07GXLY554,Aneesh Kumar,1350.0,150.0,871.0,97.0,1055.0,57.0,121.13,58.76,5.4,184.0,-40.0,0,0,0
2026-05-01,2026-05,B07GXPQBK6,Aneesh Kumar,1500.0,200.0,1210.0,161.0,1302.0,285.0,107.6,177.02,21.89,92.0,124.0,0,0,0
2026-05-01,2026-05,B07GXS7XS2,Aneesh Kumar,600.0,150.0,39.0,10.0,345.0,85.0,884.62,850.0,24.64,306.0,75.0,0,0,0
2026-05-01,2026-05,B07GYL1WMY,Aneesh Kumar,0.0,0.0,0.0,0.0,0.0,0.0,,,,0.0,0.0,0,1,0
2026-05-01,2026-05,B07GYW9CVG,Aneesh Kumar,1600.0,260.0,1600.0,260.0,1167.0,196.0,72.94,75.38,16.8,-433.0,-64.0,0,0,0
2026-05-01,2026-05,B07HB2V5YV,Aneesh Kumar,0.0,0.0,0.0,0.0,0.0,0.0,,,,0.0,0.0,0,1,0
2026-05-01,2026-05,B07HB3BZ2H,Aneesh Kumar,650.0,150.0,0.0,0.0,0.0,0.0,0.0,0.0,,0.0,0.0,0,1,1
2026-05-01,2026-05,B07HB3ZS79,Aneesh Kumar,0.0,0.0,0.0,0.0,90.0,8.0,,,8.89,90.0,8.0,0,0,0
2026-05-01,2026-05,B07HGCZRVW,Aneesh Kumar,2000.0,400.0,1226.0,245.0,474.0,-40.0,38.66,-16.33,-8.44,-752.0,-285.0,0,0,0
2026-05-01,2026-05,B07HGD7YF5,Aneesh Kumar,500.0,65.0,323.0,42.0,207.0,-18.0,64.09,-42.86,-8.7,-116.0,-60.0,0,0,0
2026-05-01,2026-05,B07HGDT9MT,Aneesh Kumar,400.0,80.0,322.0,64.0,208.0,39.0,64.6,60.94,18.75,-114.0,-25.0,0,0,0
2026-05-01,2026-05,B07K9X11YV,Aneesh Kumar,3000.0,470.0,3000.0,470.0,2561.0,175.0,85.37,37.23,6.83,-439.0,-295.0,0,0,0
2026-05-01,2026-05,B07KC93HR1,Aneesh Kumar,4500.0,900.0,4500.0,900.0,3260.0,666.0,72.44,74.0,20.43,-1240.0,-234.0,0,0,0
2026-05-01,2026-05,B07KMCQCZ5,Aneesh Kumar,2500.0,600.0,2500.0,600.0,2881.0,543.0,115.24,90.5,18.85,381.0,-57.0,0,0,0
2026-05-01,2026-05,B07L5JH3NT,Aneesh Kumar,210.0,40.0,0.0,0.0,0.0,0.0,0.0,0.0,,0.0,0.0,0,1,1
2026-05-01,2026-05,B07L8LSQDV,Aneesh Kumar,250.0,50.0,0.0,0.0,0.0,0.0,0.0,0.0,,0.0,0.0,0,1,1
2026-05-01,2026-05,B07MBPZXXV,Aneesh Kumar,3200.0,500.0,3200.0,500.0,1470.0,364.0,45.94,72.8,24.76,-1730.0,-136.0,0,0,0
2026-05-01,2026-05,B07MBZCG52,Aneesh Kumar,2300.0,420.0,1187.0,217.0,1066.0,296.0,89.81,136.41,27.77,-121.0,79.0,0,0,0
2026-05-01,2026-05,B07MLSTQ1L,Aneesh Kumar,400.0,100.0,400.0,100.0,412.0,160.0,103.0,160.0,38.83,12.0,60.0,0,0,0
2026-05-01,2026-05,B07MWC4C5X,Aneesh Kumar,0.0,0.0,0.0,0.0,0.0,0.0,,,,0.0,0.0,0,1,0
2026-05-01,2026-05,B07RY9SYLV,Aneesh Kumar,2800.0,550.0,2800.0,550.0,2190.0,429.0,78.21,78.0,19.59,-610.0,-121.0,0,0,0
2026-05-01,2026-05,B07YNVK1MB,Aneesh Kumar,22500.0,7800.0,17419.0,6039.0,16973.0,5332.0,97.44,88.29,31.41,-446.0,-707.0,0,0,0
2026-05-01,2026-05,B081RTQ1B3,Aneesh Kumar,600.0,100.0,542.0,90.0,886.0,75.0,163.47,83.33,8.47,344.0,-15.0,0,0,0
2026-05-01,2026-05,B081Z6V1J6,Aneesh Kumar,3000.0,480.0,3000.0,480.0,2051.0,359.0,68.37,74.79,17.5,-949.0,-121.0,0,0,0
2026-05-01,2026-05,B088RKYG7C,Aneesh Kumar,1700.0,390.0,1700.0,390.0,766.0,212.0,45.06,54.36,27.68,-934.0,-178.0,0,0,0
2026-05-01,2026-05,B089QCFCV4,Aneesh Kumar,18000.0,3500.0,18000.0,3500.0,14125.0,2002.0,78.47,57.2,14.17,-3875.0,-1498.0,0,0,0
2026-05-01,2026-05,B089QHX5PH,Aneesh Kumar,350.0,50.0,350.0,50.0,321.0,-22.0,91.71,-44.0,-6.85,-29.0,-72.0,0,0,0
2026-05-01,2026-05,B08BZYM56L,Aneesh Kumar,3600.0,450.0,3252.0,407.0,3389.0,595.0,104.21,146.19,17.56,137.0,188.0,0,0,0
2026-05-01,2026-05,B08D9N5CK4,Aneesh Kumar,7500.0,1700.0,7500.0,1700.0,7449.0,2784.0,99.32,163.76,37.37,-51.0,1084.0,0,0,0
2026-05-01,2026-05,B08FDVCKTG,Aneesh Kumar,3500.0,580.0,3500.0,580.0,3328.0,373.0,95.09,64.31,11.21,-172.0,-207.0,0,0,0
2026-05-01,2026-05,B08GG6TPN6,Aneesh Kumar,18000.0,5000.0,18000.0,5000.0,15047.0,4901.0,83.59,98.02,32.57,-2953.0,-99.0,0,0,0
2026-05-01,2026-05,B08GG96FPL,Aneesh Kumar,27500.0,8500.0,27500.0,8500.0,22235.0,7884.0,80.85,92.75,35.46,-5265.0,-616.0,0,0,0
2026-05-01,2026-05,B08HQGTVQX,Aneesh Kumar,350.0,50.0,294.0,42.0,746.0,71.0,253.74,169.05,9.52,452.0,29.0,0,0,0
2026-05-01,2026-05,B08K997VY4,Aneesh Kumar,350.0,80.0,135.0,31.0,317.0,21.0,234.81,67.74,6.62,182.0,-10.0,0,0,0
2026-05-01,2026-05,B08K997YCF,Aneesh Kumar,3500.0,680.0,3048.0,592.0,2016.0,380.0,66.14,64.19,18.85,-1032.0,-212.0,0,0,0
2026-05-01,2026-05,B08KRNGDTR,Aneesh Kumar,850.0,120.0,356.0,50.0,379.0,48.0,106.46,96.0,12.66,23.0,-2.0,0,0,0
2026-05-01,2026-05,B08KRSRFGK,Aneesh Kumar,12000.0,2200.0,3871.0,710.0,2991.0,253.0,77.27,35.63,8.46,-880.0,-457.0,0,0,0
2026-05-01,2026-05,B08KZ26V41,Aneesh Kumar,0.0,0.0,0.0,0.0,24.0,8.0,,,33.33,24.0,8.0,0,0,0
2026-05-01,2026-05,B08L935BHL,Aneesh Kumar,1850.0,380.0,0.0,0.0,0.0,0.0,0.0,0.0,,0.0,0.0,0,1,1
2026-05-01,2026-05,B08QNHTFCH,Aneesh Kumar,2800.0,380.0,2800.0,380.0,1217.0,59.0,43.46,15.53,4.85,-1583.0,-321.0,0,0,0
2026-05-01,2026-05,B08RRZPPNP,Aneesh Kumar,2900.0,700.0,2900.0,700.0,1901.0,506.0,65.55,72.29,26.62,-999.0,-194.0,0,0,0
2026-05-01,2026-05,B08Z826CNN,Aneesh Kumar,1100.0,200.0,248.0,45.0,1061.0,334.0,427.82,742.22,31.48,813.0,289.0,0,0,0
2026-05-01,2026-05,B08ZCFTLR7,Aneesh Kumar,300.0,50.0,300.0,50.0,404.0,36.0,134.67,72.0,8.91,104.0,-14.0,0,0,0
2026-05-01,2026-05,B091FV1FHQ,Aneesh Kumar,10000.0,1700.0,10000.0,1700.0,9197.0,1125.0,91.97,66.18,12.23,-803.0,-575.0,0,0,0
2026-05-01,2026-05,B091L12RBL,Aneesh Kumar,2600.0,350.0,2600.0,350.0,1869.0,153.0,71.88,43.71,8.19,-731.0,-197.0,0,0,0
2026-05-01,2026-05,B0924PFYN9,Aneesh Kumar,70000.0,20000.0,70000.0,20000.0,59738.0,15958.0,85.34,79.79,26.71,-10262.0,-4042.0,0,0,0
2026-05-01,2026-05,B0924R63CJ,Aneesh Kumar,2800.0,650.0,2800.0,650.0,2834.0,601.0,101.21,92.46,21.21,34.0,-49.0,0,0,0
2026-05-01,2026-05,B093CB31XT,Aneesh Kumar,2500.0,450.0,2500.0,450.0,1712.0,293.0,68.48,65.11,17.11,-788.0,-157.0,0,0,0
2026-05-01,2026-05,B093ZSL4QH,Aneesh Kumar,850.0,200.0,850.0,200.0,992.0,256.0,116.71,128.0,25.81,142.0,56.0,0,0,0
2026-05-01,2026-05,B09444JHW7,Aneesh Kumar,3500.0,600.0,3500.0,600.0,2379.0,434.0,67.97,72.33,18.24,-1121.0,-166.0,0,0,0
2026-05-01,2026-05,B09BD66HPL,Aneesh Kumar,2500.0,300.0,2500.0,300.0,2317.0,357.0,92.68,119.0,15.41,-183.0,57.0,0,0,0
2026-05-01,2026-05,B09BJPTHVR,Aneesh Kumar,2500.0,900.0,2178.0,784.0,1997.0,689.0,91.69,87.88,34.5,-181.0,-95.0,0,0,0
2026-05-01,2026-05,B09NC8LVDK,Aneesh Kumar,520.0,50.0,0.0,0.0,0.0,0.0,0.0,0.0,,0.0,0.0,0,1,1
2026-05-01,2026-05,B0B1QQYKX5,Aneesh Kumar,1200.0,120.0,1123.0,112.0,868.0,123.0,77.29,109.82,14.17,-255.0,11.0,0,0,0
2026-05-01,2026-05,B0B1QR7DWZ,Aneesh Kumar,5500.0,1200.0,5500.0,1200.0,2863.0,671.0,52.05,55.92,23.44,-2637.0,-529.0,0,0,0
2026-05-01,2026-05,B0B252QTL4,Aneesh Kumar,1200.0,250.0,1200.0,250.0,1253.0,332.0,104.42,132.8,26.5,53.0,82.0,0,0,0
2026-05-01,2026-05,B0B3RJ76ML,Aneesh Kumar,1850.0,400.0,1850.0,400.0,1313.0,380.0,70.97,95.0,28.94,-537.0,-20.0,0,0,0
2026-05-01,2026-05,B0B8SWNKD7,Aneesh Kumar,2700.0,450.0,2700.0,450.0,1414.0,244.0,52.37,54.22,17.26,-1286.0,-206.0,0,0,0
2026-05-01,2026-05,B0BNVKF7C9,Aneesh Kumar,6500.0,1600.0,6500.0,1600.0,5922.0,1643.0,91.11,102.69,27.74,-578.0,43.0,0,0,0
2026-05-01,2026-05,B0BSGZV1T9,Aneesh Kumar,5500.0,900.0,5500.0,900.0,5309.0,822.0,96.53,91.33,15.48,-191.0,-78.0,0,0,0
2026-05-01,2026-05,B0BT85QTFQ,Aneesh Kumar,1600.0,480.0,1600.0,480.0,780.0,311.0,48.75,64.79,39.87,-820.0,-169.0,0,0,0
2026-05-01,2026-05,B0BV68VQV3,Aneesh Kumar,600.0,100.0,600.0,100.0,698.0,263.0,116.33,263.0,37.68,98.0,163.0,0,0,0
2026-05-01,2026-05,B0BZW1BYH7,Aneesh Kumar,4000.0,700.0,4000.0,700.0,2815.0,367.0,70.38,52.43,13.04,-1185.0,-333.0,0,0,0
2026-05-01,2026-05,B0C3H9CVNZ,Aneesh Kumar,600.0,110.0,600.0,110.0,405.0,127.0,67.5,115.45,31.36,-195.0,17.0,0,0,0
2026-05-01,2026-05,B0C6Y973ZP,Aneesh Kumar,720.0,90.0,720.0,90.0,441.0,139.0,61.25,154.44,31.52,-279.0,49.0,0,0,0
2026-05-01,2026-05,B0C7WG2333,Aneesh Kumar,13000.0,2000.0,13000.0,2000.0,9579.0,2628.0,73.68,131.4,27.44,-3421.0,628.0,0,0,0
2026-05-01,2026-05,B0C9CMMGPK,Aneesh Kumar,3200.0,550.0,3200.0,550.0,2759.0,754.0,86.22,137.09,27.33,-441.0,204.0,0,0,0
2026-05-01,2026-05,B0CB4M926G,Aneesh Kumar,0.0,0.0,0.0,0.0,206.0,22.0,,,10.68,206.0,22.0,0,0,0
2026-05-01,2026-05,B0CB7ZDLXZ,Aneesh Kumar,2200.0,300.0,2200.0,300.0,2268.0,487.0,103.09,162.33,21.47,68.0,187.0,0,0,0
2026-05-01,2026-05,B0CF1MQ97T,Aneesh Kumar,200.0,25.0,200.0,25.0,242.0,-20.0,121.0,-80.0,-8.26,42.0,-45.0,0,0,0
2026-05-01,2026-05,B0CF28WQH3,Aneesh Kumar,750.0,130.0,750.0,130.0,1707.0,-380.0,227.6,-292.31,-22.26,957.0,-510.0,0,0,0
2026-05-01,2026-05,B0CLVCMHBS,Aneesh Kumar,0.0,0.0,0.0,0.0,0.0,0.0,,,,0.0,0.0,0,1,0
2026-05-01,2026-05,B0CN31Y5ZP,Aneesh Kumar,1900.0,280.0,1900.0,280.0,1983.0,285.0,104.37,101.79,14.37,83.0,5.0,0,0,0
2026-05-01,2026-05,B0CN32XKTL,Aneesh Kumar,820.0,80.0,0.0,0.0,0.0,0.0,0.0,0.0,,0.0,0.0,0,1,1
2026-05-01,2026-05,B0CQ1Y7H9N,Aneesh Kumar,2000.0,380.0,2000.0,380.0,1170.0,165.0,58.5,43.42,14.1,-830.0,-215.0,0,0,0
2026-05-01,2026-05,B0CQ1ZY6RM,Aneesh Kumar,4000.0,600.0,4000.0,600.0,2211.0,285.0,55.27,47.5,12.89,-1789.0,-315.0,0,0,0
2026-05-01,2026-05,B0CR14DN7M,Aneesh Kumar,0.0,0.0,0.0,0.0,0.0,0.0,,,,0.0,0.0,0,1,0
2026-05-01,2026-05,B0CSK9ZG34,Aneesh Kumar,2200.0,170.0,2200.0,170.0,1768.0,332.0,80.36,195.29,18.78,-432.0,162.0,0,0,0
2026-05-01,2026-05,B0CSKBLHCB,Aneesh Kumar,1550.0,380.0,1550.0,380.0,1147.0,435.0,74.0,114.47,37.93,-403.0,55.0,0,0,0
2026-05-01,2026-05,B0CTVQVDMG,Aneesh Kumar,6000.0,1200.0,4645.0,929.0,4486.0,1031.0,96.58,110.98,22.98,-159.0,102.0,0,0,0
2026-05-01,2026-05,B0CW374CVT,Aneesh Kumar,4200.0,1000.0,4200.0,1000.0,6170.0,1448.0,146.9,144.8,23.47,1970.0,448.0,0,0,0
2026-05-01,2026-05,B0CWLLPHQF,Aneesh Kumar,2300.0,650.0,2152.0,608.0,2719.0,807.0,126.35,132.73,29.68,567.0,199.0,0,0,0
2026-05-01,2026-05,B0CWLN5S1N,Aneesh Kumar,1800.0,280.0,1800.0,280.0,655.0,153.0,36.39,54.64,23.36,-1145.0,-127.0,0,0,0
2026-05-01,2026-05,B0D8L2Y7CG,Aneesh Kumar,1900.0,220.0,245.0,28.0,334.0,85.0,136.33,303.57,25.45,89.0,57.0,0,0,0
2026-05-01,2026-05,B0DBQ2ZWVB,Aneesh Kumar,3400.0,750.0,0.0,0.0,20.0,7.0,0.59,0.93,35.0,20.0,7.0,0,0,1
2026-05-01,2026-05,B0DCK8JV7C,Aneesh Kumar,520.0,50.0,0.0,0.0,0.0,0.0,0.0,0.0,,0.0,0.0,0,1,1
2026-05-01,2026-05,B0DCP2BQBP,Aneesh Kumar,7000.0,1600.0,7000.0,1600.0,7097.0,2004.0,101.39,125.25,28.24,97.0,404.0,0,0,0
2026-05-01,2026-05,B0DM6D92MZ,Aneesh Kumar,5500.0,1500.0,5500.0,1500.0,3135.0,706.0,57.0,47.07,22.52,-2365.0,-794.0,0,0,0
2026-05-01,2026-05,B0DN6HV7HN,Aneesh Kumar,3700.0,800.0,3700.0,800.0,3822.0,920.0,103.3,115.0,24.07,122.0,120.0,0,0,0
2026-05-01,2026-05,B0DZP8H6RT,Aneesh Kumar,5000.0,750.0,5000.0,750.0,2834.0,684.0,56.68,91.2,24.14,-2166.0,-66.0,0,0,0
2026-05-01,2026-05,B0F48WQHS8,Aneesh Kumar,200.0,50.0,200.0,50.0,176.0,-99.0,88.0,-198.0,-56.25,-24.0,-149.0,0,0,0
2026-05-01,2026-05,B0F4KSP9SH,Aneesh Kumar,1300.0,190.0,1300.0,190.0,349.0,59.0,26.85,31.05,16.91,-951.0,-131.0,0,0,0
2026-05-01,2026-05,B0F63DSQD2,Aneesh Kumar,1900.0,400.0,184.0,39.0,182.0,78.0,98.91,200.0,42.86,-2.0,39.0,0,0,0
2026-05-01,2026-05,B0F63JC3Z8,Aneesh Kumar,600.0,70.0,600.0,70.0,286.0,-5.0,47.67,-7.14,-1.75,-314.0,-75.0,0,0,0
2026-05-01,2026-05,B0F67BKBW1,Aneesh Kumar,1600.0,320.0,1600.0,320.0,652.0,219.0,40.75,68.44,33.59,-948.0,-101.0,0,0,0
2026-05-01,2026-05,B0FBVZ35TP,Aneesh Kumar,1300.0,100.0,1300.0,100.0,934.0,162.0,71.85,162.0,17.34,-366.0,62.0,0,0,0
2026-05-01,2026-05,B0FBWGF7YG,Aneesh Kumar,1700.0,130.0,1700.0,130.0,921.0,48.0,54.18,36.92,5.21,-779.0,-82.0,0,0,0
2026-05-01,2026-05,B0FGDRW2ZQ,Aneesh Kumar,1800.0,120.0,1800.0,120.0,218.0,-71.0,12.11,-59.17,-32.57,-1582.0,-191.0,0,0,0
2026-05-01,2026-05,B0FM897YYG,Aneesh Kumar,450.0,100.0,450.0,100.0,529.0,-36.0,117.56,-36.0,-6.81,79.0,-136.0,0,0,0
2026-05-01,2026-05,B0FNDLS99B,Aneesh Kumar,250.0,25.0,250.0,25.0,185.0,22.0,74.0,88.0,11.89,-65.0,-3.0,0,0,0
2026-06-01,2026-06,B00E0HITK2,Aneesh Kumar,800.0,200.0,0.0,0.0,336.0,122.0,42.0,61.0,36.31,336.0,122.0,1,0,1
2026-06-01,2026-06,B01MTQVUQQ,Aneesh Kumar,0.0,0.0,0.0,0.0,1791.0,606.0,,,33.84,1791.0,606.0,1,0,0
2026-06-01,2026-06,B01N673US9,Aneesh Kumar,2500.0,450.0,0.0,0.0,1632.0,96.0,65.28,21.33,5.88,1632.0,96.0,1,0,1
2026-06-01,2026-06,B0767D9FJF,Aneesh Kumar,1700.0,350.0,0.0,0.0,628.0,230.0,36.94,65.71,36.62,628.0,230.0,1,0,1
2026-06-01,2026-06,B0771T1WRL,Aneesh Kumar,6050.0,1305.0,0.0,0.0,2483.0,1074.0,41.04,82.3,43.25,2483.0,1074.0,1,0,1
2026-06-01,2026-06,B078Y7M3S1,Aneesh Kumar,19000.0,3500.0,0.0,0.0,6300.0,1020.0,33.16,29.14,16.19,6300.0,1020.0,1,0,1
2026-06-01,2026-06,B079C336Y3,Aneesh Kumar,55000.0,7500.0,0.0,0.0,23491.0,7599.0,42.71,101.32,32.35,23491.0,7599.0,1,0,1
2026-06-01,2026-06,B07GX25G81,Aneesh Kumar,2100.0,400.0,0.0,0.0,1085.0,285.0,51.67,71.25,26.27,1085.0,285.0,1,0,1
2026-06-01,2026-06,B07GXLY554,Aneesh Kumar,1200.0,150.0,0.0,0.0,958.0,206.0,79.83,137.33,21.5,958.0,206.0,1,0,1
2026-06-01,2026-06,B07GXPQBK6,Aneesh Kumar,1400.0,200.0,0.0,0.0,618.0,148.0,44.14,74.0,23.95,618.0,148.0,1,0,1
2026-06-01,2026-06,B07GXS7XS2,Aneesh Kumar,620.0,170.0,0.0,0.0,0.0,0.0,0.0,0.0,,0.0,0.0,1,1,1
2026-06-01,2026-06,B07GYL1WMY,Aneesh Kumar,0.0,0.0,0.0,0.0,0.0,0.0,,,,0.0,0.0,1,1,0
2026-06-01,2026-06,B07GYW9CVG,Aneesh Kumar,1305.0,220.0,0.0,0.0,634.0,135.0,48.58,61.36,21.29,634.0,135.0,1,0,1
2026-06-01,2026-06,B07HB2V5YV,Aneesh Kumar,0.0,0.0,0.0,0.0,0.0,0.0,,,,0.0,0.0,1,1,0
2026-06-01,2026-06,B07HB3BZ2H,Aneesh Kumar,550.0,100.0,0.0,0.0,0.0,0.0,0.0,0.0,,0.0,0.0,1,1,1
2026-06-01,2026-06,B07HB3ZS79,Aneesh Kumar,0.0,0.0,0.0,0.0,0.0,0.0,,,,0.0,0.0,1,1,0
2026-06-01,2026-06,B07HGCZRVW,Aneesh Kumar,1850.0,360.0,0.0,0.0,315.0,73.0,17.03,20.28,23.17,315.0,73.0,1,0,1
2026-06-01,2026-06,B07HGD7YF5,Aneesh Kumar,400.0,50.0,0.0,0.0,585.0,2.0,146.25,4.0,0.34,585.0,2.0,1,0,1
2026-06-01,2026-06,B07HGDT9MT,Aneesh Kumar,350.0,70.0,0.0,0.0,208.0,45.0,59.43,64.29,21.63,208.0,45.0,1,0,1
2026-06-01,2026-06,B07K9X11YV,Aneesh Kumar,2800.0,450.0,0.0,0.0,1165.0,124.0,41.61,27.56,10.64,1165.0,124.0,1,0,1
2026-06-01,2026-06,B07KC93HR1,Aneesh Kumar,4200.0,950.0,0.0,0.0,1506.0,405.0,35.86,42.63,26.89,1506.0,405.0,1,0,1
2026-06-01,2026-06,B07KMCQCZ5,Aneesh Kumar,2400.0,500.0,0.0,0.0,1151.0,390.0,47.96,78.0,33.88,1151.0,390.0,1,0,1
2026-06-01,2026-06,B07L5JH3NT,Aneesh Kumar,190.0,30.0,0.0,0.0,0.0,0.0,0.0,0.0,,0.0,0.0,1,1,1
2026-06-01,2026-06,B07L8LSQDV,Aneesh Kumar,305.0,55.0,0.0,0.0,0.0,0.0,0.0,0.0,,0.0,0.0,1,1,1
2026-06-01,2026-06,B07MBPZXXV,Aneesh Kumar,2900.0,400.0,0.0,0.0,908.0,303.0,31.31,75.75,33.37,908.0,303.0,1,0,1
2026-06-01,2026-06,B07MBZCG52,Aneesh Kumar,2100.0,380.0,0.0,0.0,644.0,217.0,30.67,57.11,33.7,644.0,217.0,1,0,1
2026-06-01,2026-06,B07MLSTQ1L,Aneesh Kumar,400.0,100.0,0.0,0.0,252.0,109.0,63.0,109.0,43.25,252.0,109.0,1,0,1
2026-06-01,2026-06,B07MWC4C5X,Aneesh Kumar,0.0,0.0,0.0,0.0,0.0,0.0,,,,0.0,0.0,1,1,0
2026-06-01,2026-06,B07RY9SYLV,Aneesh Kumar,2600.0,500.0,0.0,0.0,1303.0,263.0,50.12,52.6,20.18,1303.0,263.0,1,0,1
2026-06-01,2026-06,B07YNVK1MB,Aneesh Kumar,21000.0,6800.0,0.0,0.0,8180.0,3135.0,38.95,46.1,38.33,8180.0,3135.0,1,0,1
2026-06-01,2026-06,B081RTQ1B3,Aneesh Kumar,600.0,100.0,0.0,0.0,577.0,109.0,96.17,109.0,18.89,577.0,109.0,1,0,1
2026-06-01,2026-06,B081Z6V1J6,Aneesh Kumar,2800.0,430.0,0.0,0.0,1276.0,316.0,45.57,73.49,24.76,1276.0,316.0,1,0,1
2026-06-01,2026-06,B088RKYG7C,Aneesh Kumar,1500.0,315.0,0.0,0.0,712.0,226.0,47.47,71.75,31.74,712.0,226.0,1,0,1
2026-06-01,2026-06,B089QCFCV4,Aneesh Kumar,17000.0,3200.0,0.0,0.0,7187.0,1740.0,42.28,54.38,24.21,7187.0,1740.0,1,0,1
2026-06-01,2026-06,B089QHX5PH,Aneesh Kumar,0.0,0.0,0.0,0.0,137.0,20.0,,,14.6,137.0,20.0,1,0,0
2026-06-01,2026-06,B08BZYM56L,Aneesh Kumar,3300.0,400.0,0.0,0.0,2158.0,540.0,65.39,135.0,25.02,2158.0,540.0,1,0,1
2026-06-01,2026-06,B08D9N5CK4,Aneesh Kumar,6800.0,1750.0,0.0,0.0,3998.0,1768.0,58.79,101.03,44.22,3998.0,1768.0,1,0,1
2026-06-01,2026-06,B08FDVCKTG,Aneesh Kumar,2205.0,155.0,0.0,0.0,2692.0,703.0,122.09,453.55,26.11,2692.0,703.0,1,0,1
2026-06-01,2026-06,B08GG6TPN6,Aneesh Kumar,16500.0,4200.0,0.0,0.0,6813.0,2726.0,41.29,64.9,40.01,6813.0,2726.0,1,0,1
2026-06-01,2026-06,B08GG96FPL,Aneesh Kumar,26500.0,8200.0,0.0,0.0,12568.0,4836.0,47.43,58.98,38.48,12568.0,4836.0,1,0,1
2026-06-01,2026-06,B08HQGTVQX,Aneesh Kumar,350.0,50.0,0.0,0.0,1574.0,69.0,449.71,138.0,4.38,1574.0,69.0,1,0,1
2026-06-01,2026-06,B08K997VY4,Aneesh Kumar,450.0,100.0,0.0,0.0,90.0,4.0,20.0,4.0,4.44,90.0,4.0,1,0,1
2026-06-01,2026-06,B08K997YCF,Aneesh Kumar,3100.0,600.0,0.0,0.0,951.0,268.0,30.68,44.67,28.18,951.0,268.0,1,0,1
2026-06-01,2026-06,B08KRNGDTR,Aneesh Kumar,700.0,100.0,0.0,0.0,335.0,60.0,47.86,60.0,17.91,335.0,60.0,1,0,1
2026-06-01,2026-06,B08KRSRFGK,Aneesh Kumar,11000.0,1805.0,0.0,0.0,55.0,13.0,0.5,0.72,23.64,55.0,13.0,1,0,1
2026-06-01,2026-06,B08KZ26V41,Aneesh Kumar,0.0,0.0,0.0,0.0,52.0,27.0,,,51.92,52.0,27.0,1,0,0
2026-06-01,2026-06,B08L935BHL,Aneesh Kumar,1660.0,350.0,0.0,0.0,0.0,0.0,0.0,0.0,,0.0,0.0,1,1,1
2026-06-01,2026-06,B08QNHTFCH,Aneesh Kumar,2800.0,400.0,0.0,0.0,792.0,187.0,28.29,46.75,23.61,792.0,187.0,1,0,1
2026-06-01,2026-06,B08RRZPPNP,Aneesh Kumar,2705.0,755.0,0.0,0.0,1259.0,449.0,46.54,59.47,35.66,1259.0,449.0,1,0,1
2026-06-01,2026-06,B08Z826CNN,Aneesh Kumar,1055.0,85.0,0.0,0.0,0.0,0.0,0.0,0.0,,0.0,0.0,1,1,1
2026-06-01,2026-06,B08ZCFTLR7,Aneesh Kumar,320.0,75.0,0.0,0.0,243.0,44.0,75.94,58.67,18.11,243.0,44.0,1,0,1
2026-06-01,2026-06,B091FV1FHQ,Aneesh Kumar,9200.0,1600.0,0.0,0.0,5570.0,906.0,60.54,56.62,16.27,5570.0,906.0,1,0,1
2026-06-01,2026-06,B091L12RBL,Aneesh Kumar,2400.0,300.0,0.0,0.0,1136.0,238.0,47.33,79.33,20.95,1136.0,238.0,1,0,1
2026-06-01,2026-06,B0924PFYN9,Aneesh Kumar,18000.0,17000.0,0.0,0.0,32683.0,10906.0,181.57,64.15,33.37,32683.0,10906.0,1,0,1
2026-06-01,2026-06,B0924R63CJ,Aneesh Kumar,2755.0,555.0,0.0,0.0,1584.0,426.0,57.5,76.76,26.89,1584.0,426.0,1,0,1
2026-06-01,2026-06,B093CB31XT,Aneesh Kumar,2305.0,475.0,0.0,0.0,1453.0,400.0,63.04,84.21,27.53,1453.0,400.0,1,0,1
2026-06-01,2026-06,B093ZSL4QH,Aneesh Kumar,820.0,200.0,0.0,0.0,414.0,151.0,50.49,75.5,36.47,414.0,151.0,1,0,1
2026-06-01,2026-06,B09444JHW7,Aneesh Kumar,3500.0,700.0,0.0,0.0,1716.0,512.0,49.03,73.14,29.84,1716.0,512.0,1,0,1
2026-06-01,2026-06,B09BD66HPL,Aneesh Kumar,2500.0,300.0,0.0,0.0,1151.0,221.0,46.04,73.67,19.2,1151.0,221.0,1,0,1
2026-06-01,2026-06,B09BJPTHVR,Aneesh Kumar,2300.0,900.0,0.0,0.0,1139.0,444.0,49.52,49.33,38.98,1139.0,444.0,1,0,1
2026-06-01,2026-06,B09NC8LVDK,Aneesh Kumar,505.0,55.0,0.0,0.0,0.0,0.0,0.0,0.0,,0.0,0.0,1,1,1
2026-06-01,2026-06,B0B1QQYKX5,Aneesh Kumar,1000.0,100.0,0.0,0.0,350.0,92.0,35.0,92.0,26.29,350.0,92.0,1,0,1
2026-06-01,2026-06,B0B1QR7DWZ,Aneesh Kumar,5700.0,1200.0,0.0,0.0,1646.0,497.0,28.88,41.42,30.19,1646.0,497.0,1,0,1
2026-06-01,2026-06,B0B252QTL4,Aneesh Kumar,1300.0,300.0,0.0,0.0,728.0,236.0,56.0,78.67,32.42,728.0,236.0,1,0,1
2026-06-01,2026-06,B0B3RJ76ML,Aneesh Kumar,1655.0,355.0,0.0,0.0,943.0,337.0,56.98,94.93,35.74,943.0,337.0,1,0,1
2026-06-01,2026-06,B0B8SWNKD7,Aneesh Kumar,2505.0,455.0,0.0,0.0,1296.0,348.0,51.74,76.48,26.85,1296.0,348.0,1,0,1
2026-06-01,2026-06,B0BNVKF7C9,Aneesh Kumar,6500.0,1600.0,0.0,0.0,3226.0,1027.0,49.63,64.19,31.84,3226.0,1027.0,1,0,1
2026-06-01,2026-06,B0BSGZV1T9,Aneesh Kumar,5000.0,900.0,0.0,0.0,2914.0,740.0,58.28,82.22,25.39,2914.0,740.0,1,0,1
2026-06-01,2026-06,B0BT85QTFQ,Aneesh Kumar,1500.0,450.0,0.0,0.0,374.0,175.0,24.93,38.89,46.79,374.0,175.0,1,0,1
2026-06-01,2026-06,B0BV68VQV3,Aneesh Kumar,555.0,85.0,0.0,0.0,297.0,127.0,53.51,149.41,42.76,297.0,127.0,1,0,1
2026-06-01,2026-06,B0BZW1BYH7,Aneesh Kumar,4300.0,720.0,0.0,0.0,1084.0,128.0,25.21,17.78,11.81,1084.0,128.0,1,0,1
2026-06-01,2026-06,B0C3H9CVNZ,Aneesh Kumar,500.0,90.0,0.0,0.0,131.0,52.0,26.2,57.78,39.69,131.0,52.0,1,0,1
2026-06-01,2026-06,B0C6Y973ZP,Aneesh Kumar,805.0,110.0,0.0,0.0,160.0,59.0,19.88,53.64,36.88,160.0,59.0,1,0,1
2026-06-01,2026-06,B0C7WG2333,Aneesh Kumar,10500.0,1900.0,0.0,0.0,6460.0,1998.0,61.52,105.16,30.93,6460.0,1998.0,1,0,1
2026-06-01,2026-06,B0C9CMMGPK,Aneesh Kumar,2900.0,405.0,0.0,0.0,1611.0,484.0,55.55,119.51,30.04,1611.0,484.0,1,0,1
2026-06-01,2026-06,B0CB4M926G,Aneesh Kumar,0.0,0.0,0.0,0.0,107.0,39.0,,,36.45,107.0,39.0,1,0,0
2026-06-01,2026-06,B0CB7ZDLXZ,Aneesh Kumar,1900.0,280.0,0.0,0.0,1080.0,333.0,56.84,118.93,30.83,1080.0,333.0,1,0,1
2026-06-01,2026-06,B0CF1MQ97T,Aneesh Kumar,200.0,25.0,0.0,0.0,77.0,15.0,38.5,60.0,19.48,77.0,15.0,1,0,1
2026-06-01,2026-06,B0CF28WQH3,Aneesh Kumar,705.0,105.0,0.0,0.0,735.0,-97.0,104.26,-92.38,-13.2,735.0,-97.0,1,0,1
2026-06-01,2026-06,B0CLVCMHBS,Aneesh Kumar,500.0,100.0,0.0,0.0,0.0,0.0,0.0,0.0,,0.0,0.0,1,1,1
2026-06-01,2026-06,B0CN31Y5ZP,Aneesh Kumar,1700.0,250.0,0.0,0.0,1099.0,259.0,64.65,103.6,23.57,1099.0,259.0,1,0,1
2026-06-01,2026-06,B0CN32XKTL,Aneesh Kumar,785.0,80.0,0.0,0.0,0.0,0.0,0.0,0.0,,0.0,0.0,1,1,1
2026-06-01,2026-06,B0CQ1Y7H9N,Aneesh Kumar,1800.0,350.0,0.0,0.0,631.0,160.0,35.06,45.71,25.36,631.0,160.0,1,0,1
2026-06-01,2026-06,B0CQ1ZY6RM,Aneesh Kumar,3500.0,550.0,0.0,0.0,1372.0,312.0,39.2,56.73,22.74,1372.0,312.0,1,0,1
2026-06-01,2026-06,B0CR14DN7M,Aneesh Kumar,0.0,0.0,0.0,0.0,0.0,0.0,,,,0.0,0.0,1,1,0
2026-06-01,2026-06,B0CSK9ZG34,Aneesh Kumar,2000.0,150.0,0.0,0.0,857.0,201.0,42.85,134.0,23.45,857.0,201.0,1,0,1
2026-06-01,2026-06,B0CSKBLHCB,Aneesh Kumar,1400.0,350.0,0.0,0.0,291.0,121.0,20.79,34.57,41.58,291.0,121.0,1,0,1
2026-06-01,2026-06,B0CTVQVDMG,Aneesh Kumar,5200.0,1040.0,0.0,0.0,2714.0,427.0,52.19,41.06,15.73,2714.0,427.0,1,0,1
2026-06-01,2026-06,B0CW374CVT,Aneesh Kumar,4500.0,1000.0,0.0,0.0,4114.0,1438.0,91.42,143.8,34.95,4114.0,1438.0,1,0,1
2026-06-01,2026-06,B0CWLLPHQF,Aneesh Kumar,2300.0,650.0,0.0,0.0,1675.0,590.0,72.83,90.77,35.22,1675.0,590.0,1,0,1
2026-06-01,2026-06,B0CWLN5S1N,Aneesh Kumar,1600.0,240.0,0.0,0.0,168.0,-2.0,10.5,-0.83,-1.19,168.0,-2.0,1,0,1
2026-06-01,2026-06,B0D8L2Y7CG,Aneesh Kumar,1605.0,200.0,0.0,0.0,62.0,21.0,3.86,10.5,33.87,62.0,21.0,1,0,1
2026-06-01,2026-06,B0DBQ2ZWVB,Aneesh Kumar,3305.0,605.0,0.0,0.0,0.0,-17.0,0.0,-2.81,,0.0,-17.0,1,1,1
2026-06-01,2026-06,B0DCK8JV7C,Aneesh Kumar,505.0,55.0,0.0,0.0,0.0,0.0,0.0,0.0,,0.0,0.0,1,1,1
2026-06-01,2026-06,B0DCP2BQBP,Aneesh Kumar,6550.0,1505.0,0.0,0.0,3588.0,1115.0,54.78,74.09,31.08,3588.0,1115.0,1,0,1
2026-06-01,2026-06,B0DM6D92MZ,Aneesh Kumar,5050.0,1405.0,0.0,0.0,1891.0,555.0,37.45,39.5,29.35,1891.0,555.0,1,0,1
2026-06-01,2026-06,B0DN6HV7HN,Aneesh Kumar,4105.0,905.0,0.0,0.0,2268.0,745.0,55.25,82.32,32.85,2268.0,745.0,1,0,1
2026-06-01,2026-06,B0DZP8H6RT,Aneesh Kumar,0.0,0.0,0.0,0.0,1137.0,354.0,,,31.13,1137.0,354.0,1,0,0
2026-06-01,2026-06,B0F48WQHS8,Aneesh Kumar,255.0,55.0,0.0,0.0,31.0,10.0,12.16,18.18,32.26,31.0,10.0,1,0,1
2026-06-01,2026-06,B0F4KSP9SH,Aneesh Kumar,1300.0,200.0,0.0,0.0,284.0,94.0,21.85,47.0,33.1,284.0,94.0,1,0,1
2026-06-01,2026-06,B0F63DSQD2,Aneesh Kumar,1600.0,500.0,0.0,0.0,0.0,0.0,0.0,0.0,,0.0,0.0,1,1,1
2026-06-01,2026-06,B0F63JC3Z8,Aneesh Kumar,500.0,50.0,0.0,0.0,213.0,31.0,42.6,62.0,14.55,213.0,31.0,1,0,1
2026-06-01,2026-06,B0F67BKBW1,Aneesh Kumar,1500.0,300.0,0.0,0.0,409.0,154.0,27.27,51.33,37.65,409.0,154.0,1,0,1
2026-06-01,2026-06,B0FBVZ35TP,Aneesh Kumar,1505.0,100.0,0.0,0.0,512.0,132.0,34.02,132.0,25.78,512.0,132.0,1,0,1
2026-06-01,2026-06,B0FBWGF7YG,Aneesh Kumar,1500.0,110.0,0.0,0.0,669.0,113.0,44.6,102.73,16.89,669.0,113.0,1,0,1
2026-06-01,2026-06,B0FGDRW2ZQ,Aneesh Kumar,0.0,0.0,0.0,0.0,58.0,-22.0,,,-37.93,58.0,-22.0,1,0,0
2026-06-01,2026-06,B0FM897YYG,Aneesh Kumar,500.0,120.0,0.0,0.0,366.0,37.0,73.2,30.83,10.11,366.0,37.0,1,0,1
2026-06-01,2026-06,B0FNDLS99B,Aneesh Kumar,0.0,0.0,0.0,0.0,44.0,12.0,,,27.27,44.0,12.0,1,0,0
